host_timestamp,device_t_us,trial_id,object_id,scenario_id,condition_label,axis1_deg,axis2_deg,axis3_deg,axis4_deg,axis5_deg,grip_state,notes
2026-08-04T08:32:52.565,429940752,T0001,OBJ-B,SC-01,normal,63,117,67,112,28,open,
2026-08-04T08:32:52.584,429960212,T0001,OBJ-B,SC-01,normal,63,117,67,112,28,open,
2026-08-04T08:32:52.604,429980692,T0001,OBJ-B,SC-01,normal,63,117,67,112,28,open,
2026-08-04T08:32:52.624,430000152,T0001,OBJ-B,SC-01,normal,63,117,67,112,28,open,
2026-08-04T08:32:52.645,430020632,T0001,OBJ-B,SC-01,normal,63,117,67,112,28,open,
2026-08-04T08:32:52.664,430040076,T0001,OBJ-B,SC-01,normal,63,117,67,112,28,open,
2026-08-04T08:32:52.684,430060556,T0001,OBJ-B,SC-01,normal,63,117,67,112,28,open,
2026-08-04T08:32:52.704,430080020,T0001,OBJ-B,SC-01,normal,63,117,67,112,28,open,
2026-08-04T08:32:52.724,430100496,T0001,OBJ-B,SC-01,normal,63,117,67,112,28,open,
2026-08-04T08:32:52.744,430120972,T0001,OBJ-B,SC-01,normal,63,117,67,112,28,open,
2026-08-04T08:32:52.765,430140432,T0001,OBJ-B,SC-01,normal,63,117,67,112,28,open,
2026-08-04T08:32:52.784,430160912,T0001,OBJ-B,SC-01,normal,63,117,67,112,28,open,
2026-08-04T08:32:52.804,430180368,T0001,OBJ-B,SC-01,normal,63,117,67,112,28,open,
2026-08-04T08:32:52.825,430200848,T0001,OBJ-B,SC-01,normal,63,117,67,112,28,open,
2026-08-04T08:32:52.844,430220308,T0001,OBJ-B,SC-01,normal,63,117,67,112,28,open,
2026-08-04T08:32:52.865,430240788,T0001,OBJ-B,SC-01,normal,63,117,67,112,28,open,
2026-08-04T08:32:52.884,430260248,T0001,OBJ-B,SC-01,normal,63,117,67,112,27,open,
2026-08-04T08:32:52.904,430280728,T0001,OBJ-B,SC-01,normal,63,117,67,112,28,open,
2026-08-04T08:32:52.924,430300168,T0001,OBJ-B,SC-01,normal,63,117,67,112,28,open,
2026-08-04T08:32:52.945,430320664,T0001,OBJ-B,SC-01,normal,63,117,67,112,28,open,
2026-08-04T08:32:52.964,430340124,T0001,OBJ-B,SC-01,normal,63,117,67,112,28,open,
2026-08-04T08:32:52.984,430360588,T0001,OBJ-B,SC-01,normal,63,117,67,112,28,open,
2026-08-04T08:32:53.004,430380048,T0001,OBJ-B,SC-01,normal,63,117,67,112,28,open,
2026-08-04T08:32:53.024,430400528,T0001,OBJ-B,SC-01,normal,63,117,67,112,28,open,
2026-08-04T08:32:53.044,430421008,T0001,OBJ-B,SC-01,normal,63,117,67,112,28,open,
2026-08-04T08:32:53.064,430440464,T0001,OBJ-B,SC-01,normal,63,117,67,112,28,open,
2026-08-04T08:32:53.084,430460944,T0001,OBJ-B,SC-01,normal,63,117,67,112,28,open,
2026-08-04T08:32:53.104,430480404,T0001,OBJ-B,SC-01,normal,63,117,67,112,28,open,
2026-08-04T08:32:53.125,430500884,T0001,OBJ-B,SC-01,normal,63,117,67,112,28,open,
2026-08-04T08:32:53.144,430520340,T0001,OBJ-B,SC-01,normal,63,117,67,112,28,open,
2026-08-04T08:32:53.164,430540820,T0001,OBJ-B,SC-01,normal,63,117,67,112,28,open,
2026-08-04T08:32:53.183,430560280,T0001,OBJ-B,SC-01,normal,63,117,67,112,28,open,
2026-08-04T08:32:53.204,430580760,T0001,OBJ-B,SC-01,normal,63,117,67,112,28,open,
2026-08-04T08:32:53.224,430600200,T0001,OBJ-B,SC-01,normal,63,117,67,112,28,open,
2026-08-04T08:32:53.244,430620680,T0001,OBJ-B,SC-01,normal,63,117,67,112,27,open,
2026-08-04T08:32:53.264,430640144,T0001,OBJ-B,SC-01,normal,63,117,67,112,28,open,
2026-08-04T08:32:53.285,430660620,T0001,OBJ-B,SC-01,normal,63,117,67,112,28,open,
2026-08-04T08:32:53.304,430680084,T0001,OBJ-B,SC-01,normal,63,117,67,112,28,open,
2026-08-04T08:32:53.324,430700560,T0001,OBJ-B,SC-01,normal,63,117,67,112,28,open,
2026-08-04T08:32:53.344,430720024,T0001,OBJ-B,SC-01,normal,63,117,67,112,28,open,
2026-08-04T08:32:53.364,430740500,T0001,OBJ-B,SC-01,normal,63,117,67,112,27,open,
2026-08-04T08:32:53.384,430760980,T0001,OBJ-B,SC-01,normal,63,117,67,112,28,open,
2026-08-04T08:32:53.404,430780436,T0001,OBJ-B,SC-01,normal,63,117,67,112,28,open,
2026-08-04T08:32:53.424,430800916,T0001,OBJ-B,SC-01,normal,63,117,67,112,28,open,
2026-08-04T08:32:53.445,430820376,T0001,OBJ-B,SC-01,normal,63,117,67,112,28,open,
2026-08-04T08:32:53.465,430840856,T0001,OBJ-B,SC-01,normal,63,117,67,112,28,open,
2026-08-04T08:32:53.484,430860300,T0001,OBJ-B,SC-01,normal,63,117,67,112,28,open,
2026-08-04T08:32:53.505,430880780,T0001,OBJ-B,SC-01,normal,63,117,67,112,28,open,
2026-08-04T08:32:53.524,430900240,T0001,OBJ-B,SC-01,normal,63,117,67,112,28,open,
2026-08-04T08:32:53.544,430920720,T0001,OBJ-B,SC-01,normal,63,117,67,112,28,open,
2026-08-04T08:32:53.564,430940180,T0001,OBJ-B,SC-01,normal,63,117,67,112,28,open,
2026-08-04T08:32:53.584,430960656,T0001,OBJ-B,SC-01,normal,63,117,67,112,28,open,
2026-08-04T08:32:53.604,430980120,T0001,OBJ-B,SC-01,normal,63,117,67,112,28,open,
2026-08-04T08:32:53.625,431000596,T0001,OBJ-B,SC-01,normal,63,117,67,112,28,open,
2026-08-04T08:32:53.644,431020044,T0001,OBJ-B,SC-01,normal,63,117,67,112,28,open,
2026-08-04T08:32:53.664,431040520,T0001,OBJ-B,SC-01,normal,63,117,67,112,28,open,
2026-08-04T08:32:53.684,431061000,T0001,OBJ-B,SC-01,normal,63,117,67,112,28,open,
2026-08-04T08:32:53.704,431080464,T0001,OBJ-B,SC-01,normal,63,117,67,112,28,open,
2026-08-04T08:32:53.724,431100944,T0001,OBJ-B,SC-01,normal,63,117,67,112,28,open,
2026-08-04T08:32:53.744,431120404,T0001,OBJ-B,SC-01,normal,63,117,67,112,28,open,
2026-08-04T08:32:53.765,431140884,T0001,OBJ-B,SC-01,normal,63,117,67,112,28,open,
2026-08-04T08:32:53.784,431160344,T0001,OBJ-B,SC-01,normal,63,117,67,112,28,open,
2026-08-04T08:32:53.804,431180824,T0001,OBJ-B,SC-01,normal,63,117,67,112,28,open,
2026-08-04T08:32:53.824,431200284,T0001,OBJ-B,SC-01,normal,63,117,67,112,28,open,
2026-08-04T08:32:53.844,431220748,T0001,OBJ-B,SC-01,normal,63,117,67,112,28,open,
2026-08-04T08:32:53.864,431240208,T0001,OBJ-B,SC-01,normal,63,117,67,112,28,open,
2026-08-04T08:32:53.885,431260688,T0001,OBJ-B,SC-01,normal,63,117,67,112,28,open,
2026-08-04T08:32:53.904,431280148,T0001,OBJ-B,SC-01,normal,63,117,67,112,28,open,
2026-08-04T08:32:53.925,431300628,T0001,OBJ-B,SC-01,normal,63,117,67,112,28,open,
2026-08-04T08:32:53.945,431320092,T0001,OBJ-B,SC-01,normal,63,117,67,112,28,open,
2026-08-04T08:32:53.964,431340568,T0001,OBJ-B,SC-01,normal,63,117,67,112,28,open,
2026-08-04T08:32:53.983,431360012,T0001,OBJ-B,SC-01,normal,63,117,67,112,28,open,
2026-08-04T08:32:54.004,431380508,T0001,OBJ-B,SC-01,normal,63,117,67,112,28,open,
2026-08-04T08:32:54.024,431400984,T0001,OBJ-B,SC-01,normal,63,117,67,112,28,open,
2026-08-04T08:32:54.044,431420428,T0001,OBJ-B,SC-01,normal,63,117,67,112,28,open,
2026-08-04T08:32:54.064,431440908,T0001,OBJ-B,SC-01,normal,63,117,67,112,28,open,
2026-08-04T08:32:54.084,431460368,T0001,OBJ-B,SC-01,normal,63,117,67,112,28,open,
2026-08-04T08:32:54.105,431480848,T0001,OBJ-B,SC-01,normal,63,117,67,112,28,open,
2026-08-04T08:32:54.124,431500312,T0001,OBJ-B,SC-01,normal,63,117,67,112,28,open,
2026-08-04T08:32:54.145,431520792,T0001,OBJ-B,SC-01,normal,63,117,67,112,28,open,
2026-08-04T08:32:54.164,431540236,T0001,OBJ-B,SC-01,normal,63,117,67,112,28,open,
2026-08-04T08:32:54.184,431560716,T0001,OBJ-B,SC-01,normal,63,117,67,112,28,open,
2026-08-04T08:32:54.204,431580176,T0001,OBJ-B,SC-01,normal,63,117,67,112,28,open,
2026-08-04T08:32:54.225,431600656,T0001,OBJ-B,SC-01,normal,63,117,67,112,28,open,
2026-08-04T08:32:54.244,431620116,T0001,OBJ-B,SC-01,normal,63,117,67,112,28,open,
2026-08-04T08:32:54.265,431640596,T0001,OBJ-B,SC-01,normal,63,117,67,112,28,open,
2026-08-04T08:32:54.284,431660040,T0001,OBJ-B,SC-01,normal,63,117,67,112,28,open,
2026-08-04T08:32:54.304,431680536,T0001,OBJ-B,SC-01,normal,63,117,67,112,28,open,
2026-08-04T08:32:54.324,431701016,T0001,OBJ-B,SC-01,normal,63,117,67,112,28,open,
2026-08-04T08:32:54.345,431720460,T0001,OBJ-B,SC-01,normal,63,117,67,112,28,open,
2026-08-04T08:32:54.364,431740940,T0001,OBJ-B,SC-01,normal,63,117,67,112,28,open,
2026-08-04T08:32:54.384,431760400,T0001,OBJ-B,SC-01,normal,63,117,67,112,28,open,
2026-08-04T08:32:54.405,431780880,T0001,OBJ-B,SC-01,normal,63,117,67,112,28,open,
2026-08-04T08:32:54.424,431800344,T0001,OBJ-B,SC-01,normal,63,117,67,112,28,open,
2026-08-04T08:32:54.445,431820820,T0001,OBJ-B,SC-01,normal,63,117,67,112,28,open,
2026-08-04T08:32:54.464,431840264,T0001,OBJ-B,SC-01,normal,63,117,67,112,28,open,
2026-08-04T08:32:54.485,431860760,T0001,OBJ-B,SC-01,normal,63,117,67,112,28,open,
2026-08-04T08:32:54.504,431880208,T0001,OBJ-B,SC-01,normal,63,117,67,112,28,open,
2026-08-04T08:32:54.525,431900688,T0001,OBJ-B,SC-01,normal,63,117,67,112,28,open,
2026-08-04T08:32:54.544,431920152,T0001,OBJ-B,SC-01,normal,63,117,67,112,28,open,
2026-08-04T08:32:54.564,431940628,T0001,OBJ-B,SC-01,normal,63,117,67,112,28,open,
2026-08-04T08:32:54.584,431960076,T0001,OBJ-B,SC-01,normal,63,117,67,112,28,open,
2026-08-04T08:32:54.604,431980556,T0001,OBJ-B,SC-01,normal,63,117,67,112,28,open,
2026-08-04T08:32:54.624,432000020,T0001,OBJ-B,SC-01,normal,63,117,67,112,28,open,
2026-08-04T08:32:54.645,432020496,T0001,OBJ-B,SC-01,normal,63,117,67,112,28,open,
2026-08-04T08:32:54.664,432040976,T0001,OBJ-B,SC-01,normal,63,117,67,112,28,open,
2026-08-04T08:32:54.684,432060452,T0001,OBJ-B,SC-01,normal,63,117,67,112,28,open,
2026-08-04T08:32:54.704,432080916,T0001,OBJ-B,SC-01,normal,63,117,67,112,28,open,
2026-08-04T08:32:54.724,432100376,T0001,OBJ-B,SC-01,normal,63,117,67,112,28,open,
2026-08-04T08:32:54.745,432120856,T0001,OBJ-B,SC-01,normal,63,117,67,112,28,open,
2026-08-04T08:32:54.764,432140300,T0001,OBJ-B,SC-01,normal,63,117,67,112,28,open,
2026-08-04T08:32:54.785,432160780,T0001,OBJ-B,SC-01,normal,63,117,67,112,28,open,
2026-08-04T08:32:54.803,432180240,T0001,OBJ-B,SC-01,normal,63,117,67,112,28,open,
2026-08-04T08:32:54.824,432200720,T0001,OBJ-B,SC-01,normal,63,117,67,112,28,open,
2026-08-04T08:32:54.844,432220180,T0001,OBJ-B,SC-01,normal,63,117,67,112,28,open,
2026-08-04T08:32:54.864,432240656,T0001,OBJ-B,SC-01,normal,63,116,67,112,28,open,
2026-08-04T08:32:54.884,432260120,T0001,OBJ-B,SC-01,normal,63,116,67,112,28,open,
2026-08-04T08:32:54.904,432280596,T0001,OBJ-B,SC-01,normal,63,115,67,112,28,open,
2026-08-04T08:32:54.924,432300040,T0001,OBJ-B,SC-01,normal,63,115,67,112,28,open,
2026-08-04T08:32:54.945,432320536,T0001,OBJ-B,SC-01,normal,63,114,67,112,28,open,
2026-08-04T08:32:54.964,432341016,T0001,OBJ-B,SC-01,normal,63,114,67,112,28,open,
2026-08-04T08:32:54.984,432360476,T0001,OBJ-B,SC-01,normal,63,114,67,112,28,open,
2026-08-04T08:32:55.004,432380940,T0001,OBJ-B,SC-01,normal,63,113,67,112,28,open,
2026-08-04T08:32:55.024,432400404,T0001,OBJ-B,SC-01,normal,63,113,67,112,28,open,
2026-08-04T08:32:55.045,432420880,T0001,OBJ-B,SC-01,normal,63,113,67,112,28,open,
2026-08-04T08:32:55.064,432440344,T0001,OBJ-B,SC-01,normal,63,113,67,112,28,open,
2026-08-04T08:32:55.085,432460820,T0001,OBJ-B,SC-01,normal,63,113,67,112,28,open,
2026-08-04T08:32:55.104,432480280,T0001,OBJ-B,SC-01,normal,63,113,67,112,28,open,
2026-08-04T08:32:55.125,432500760,T0001,OBJ-B,SC-01,normal,63,113,67,112,28,open,
2026-08-04T08:32:55.144,432520204,T0001,OBJ-B,SC-01,normal,63,113,67,112,28,open,
2026-08-04T08:32:55.164,432540684,T0001,OBJ-B,SC-01,normal,63,113,67,112,28,open,
2026-08-04T08:32:55.184,432560144,T0001,OBJ-B,SC-01,normal,63,113,67,112,28,open,
2026-08-04T08:32:55.204,432580620,T0001,OBJ-B,SC-01,normal,63,113,67,112,28,open,
2026-08-04T08:32:55.223,432600084,T0001,OBJ-B,SC-01,normal,63,113,67,112,28,open,
2026-08-04T08:32:55.244,432620560,T0001,OBJ-B,SC-01,normal,63,113,67,112,28,open,
2026-08-04T08:32:55.264,432640020,T0001,OBJ-B,SC-01,normal,63,113,67,112,27,open,
2026-08-04T08:32:55.284,432660512,T0001,OBJ-B,SC-01,normal,63,113,67,112,28,open,
2026-08-04T08:32:55.304,432680972,T0001,OBJ-B,SC-01,normal,63,113,67,112,28,open,
2026-08-04T08:32:55.324,432700432,T0001,OBJ-B,SC-01,normal,63,113,67,112,28,open,
2026-08-04T08:32:55.344,432720912,T0001,OBJ-B,SC-01,normal,63,113,67,112,28,open,
2026-08-04T08:32:55.364,432740372,T0001,OBJ-B,SC-01,normal,63,113,67,112,28,open,
2026-08-04T08:32:55.385,432760852,T0001,OBJ-B,SC-01,normal,63,113,67,112,28,open,
2026-08-04T08:32:55.404,432780312,T0001,OBJ-B,SC-01,normal,63,113,67,112,28,open,
2026-08-04T08:32:55.425,432800792,T0001,OBJ-B,SC-01,normal,63,113,67,112,28,open,
2026-08-04T08:32:55.444,432820236,T0001,OBJ-B,SC-01,normal,63,113,67,112,28,open,
2026-08-04T08:32:55.465,432840728,T0001,OBJ-B,SC-01,normal,63,113,67,112,28,open,
2026-08-04T08:32:55.484,432860172,T0001,OBJ-B,SC-01,normal,63,113,67,112,28,open,
2026-08-04T08:32:55.504,432880648,T0001,OBJ-B,SC-01,normal,63,113,67,112,28,open,
2026-08-04T08:32:55.524,432900112,T0001,OBJ-B,SC-01,normal,63,113,67,112,28,open,
2026-08-04T08:32:55.544,432920588,T0001,OBJ-B,SC-01,normal,63,113,67,112,28,open,
2026-08-04T08:32:55.564,432940048,T0001,OBJ-B,SC-01,normal,63,113,67,112,28,open,
2026-08-04T08:32:55.584,432960528,T0001,OBJ-B,SC-01,normal,63,113,67,112,28,open,
2026-08-04T08:32:55.604,432981004,T0001,OBJ-B,SC-01,normal,63,113,67,112,28,open,
2026-08-04T08:32:55.624,433000468,T0001,OBJ-B,SC-01,normal,63,113,67,112,28,open,
2026-08-04T08:32:55.644,433020944,T0001,OBJ-B,SC-01,normal,63,113,67,112,28,open,
2026-08-04T08:32:55.664,433040408,T0001,OBJ-B,SC-01,normal,63,113,67,112,28,open,
2026-08-04T08:32:55.685,433060884,T0001,OBJ-B,SC-01,normal,63,113,67,112,28,open,
2026-08-04T08:32:55.704,433080344,T0001,OBJ-B,SC-01,normal,63,113,67,112,28,open,
2026-08-04T08:32:55.725,433100824,T0001,OBJ-B,SC-01,normal,63,113,67,112,28,open,
2026-08-04T08:32:55.744,433120268,T0001,OBJ-B,SC-01,normal,63,113,67,112,28,open,
2026-08-04T08:32:55.765,433140760,T0001,OBJ-B,SC-01,normal,63,113,67,112,28,open,
2026-08-04T08:32:55.784,433160208,T0001,OBJ-B,SC-01,normal,63,113,67,112,28,open,
2026-08-04T08:32:55.805,433180684,T0001,OBJ-B,SC-01,normal,63,113,67,112,28,open,
2026-08-04T08:32:55.824,433200148,T0001,OBJ-B,SC-01,normal,63,113,67,112,28,open,
2026-08-04T08:32:55.845,433220624,T0001,OBJ-B,SC-01,normal,63,113,67,112,28,open,
2026-08-04T08:32:55.864,433240084,T0001,OBJ-B,SC-01,normal,63,113,67,112,28,open,
2026-08-04T08:32:55.885,433260564,T0001,OBJ-B,SC-01,normal,63,113,67,112,28,open,
2026-08-04T08:32:55.904,433280024,T0001,OBJ-B,SC-01,normal,63,113,67,112,28,open,
2026-08-04T08:32:55.925,433300504,T0001,OBJ-B,SC-01,normal,63,113,67,112,27,open,
2026-08-04T08:32:55.946,433320980,T0001,OBJ-B,SC-01,normal,63,113,67,112,28,open,
2026-08-04T08:32:55.965,433340424,T0001,OBJ-B,SC-01,normal,63,113,67,112,28,open,
2026-08-04T08:32:55.985,433360920,T0001,OBJ-B,SC-01,normal,63,113,67,112,28,open,
2026-08-04T08:32:56.005,433380364,T0001,OBJ-B,SC-01,normal,63,113,67,112,28,open,
2026-08-04T08:32:56.026,433400840,T0001,OBJ-B,SC-01,normal,63,113,67,112,28,open,
2026-08-04T08:32:56.045,433420304,T0001,OBJ-B,SC-01,normal,63,113,67,112,28,open,
2026-08-04T08:32:56.065,433440784,T0001,OBJ-B,SC-01,normal,63,113,67,112,28,open,
2026-08-04T08:32:56.085,433460244,T0001,OBJ-B,SC-01,normal,63,113,67,112,28,open,
2026-08-04T08:32:56.106,433480720,T0001,OBJ-B,SC-01,normal,63,113,67,112,28,open,
2026-08-04T08:32:56.125,433500184,T0001,OBJ-B,SC-01,normal,63,113,67,112,28,open,
2026-08-04T08:32:56.146,433520680,T0001,OBJ-B,SC-01,normal,63,113,67,112,28,open,
2026-08-04T08:32:56.165,433540104,T0001,OBJ-B,SC-01,normal,64,113,67,112,28,open,
2026-08-04T08:32:56.186,433560588,T0001,OBJ-B,SC-01,normal,64,113,67,112,28,open,
2026-08-04T08:32:56.205,433580048,T0001,OBJ-B,SC-01,normal,64,113,67,112,28,open,
2026-08-04T08:32:56.226,433600528,T0001,OBJ-B,SC-01,normal,65,113,67,112,27,open,
2026-08-04T08:32:56.265,433621008,T0001,OBJ-B,SC-01,normal,65,113,67,112,28,open,
2026-08-04T08:32:56.266,433640468,T0001,OBJ-B,SC-01,normal,66,113,67,112,28,open,
2026-08-04T08:32:56.304,433660948,T0001,OBJ-B,SC-01,normal,66,113,67,112,28,open,
2026-08-04T08:32:56.306,433680412,T0001,OBJ-B,SC-01,normal,66,113,67,112,28,open,
2026-08-04T08:32:56.327,433700888,T0001,OBJ-B,SC-01,normal,67,113,67,112,28,open,
2026-08-04T08:32:56.347,433720332,T0001,OBJ-B,SC-01,normal,67,113,67,112,28,open,
2026-08-04T08:32:56.367,433740812,T0001,OBJ-B,SC-01,normal,67,113,67,112,28,open,
2026-08-04T08:32:56.405,433760272,T0001,OBJ-B,SC-01,normal,67,113,67,112,28,open,
2026-08-04T08:32:56.407,433780752,T0001,OBJ-B,SC-01,normal,67,113,67,112,28,open,
2026-08-04T08:32:56.445,433800216,T0001,OBJ-B,SC-01,normal,67,113,67,112,28,open,
2026-08-04T08:32:56.447,433820696,T0001,OBJ-B,SC-01,normal,67,113,67,112,28,open,
2026-08-04T08:32:56.485,433840140,T0001,OBJ-B,SC-01,normal,67,113,67,112,28,open,
2026-08-04T08:32:56.487,433860620,T0001,OBJ-B,SC-01,normal,67,113,67,112,28,open,
2026-08-04T08:32:56.524,433880080,T0001,OBJ-B,SC-01,normal,67,113,67,112,28,open,
2026-08-04T08:32:56.544,433900560,T0001,OBJ-B,SC-01,normal,67,113,67,112,28,open,
2026-08-04T08:32:56.547,433920020,T0001,OBJ-B,SC-01,normal,67,113,67,112,28,open,
2026-08-04T08:32:56.584,433940500,T0001,OBJ-B,SC-01,normal,67,113,67,112,28,open,
2026-08-04T08:32:56.604,433960976,T0001,OBJ-B,SC-01,normal,67,113,67,112,28,open,
2026-08-04T08:32:56.624,433980440,T0001,OBJ-B,SC-01,normal,67,113,67,112,27,open,
2026-08-04T08:32:56.644,434000916,T0001,OBJ-B,SC-01,normal,67,113,67,112,28,open,
2026-08-04T08:32:56.665,434020364,T0001,OBJ-B,SC-01,normal,68,113,67,112,28,open,
2026-08-04T08:32:56.684,434040844,T0001,OBJ-B,SC-01,normal,68,113,67,112,27,open,
2026-08-04T08:32:56.705,434060304,T0001,OBJ-B,SC-01,normal,68,113,67,112,28,open,
2026-08-04T08:32:56.724,434080788,T0001,OBJ-B,SC-01,normal,68,113,67,112,28,open,
2026-08-04T08:32:56.745,434100248,T0001,OBJ-B,SC-01,normal,68,113,67,112,28,open,
2026-08-04T08:32:56.764,434120728,T0001,OBJ-B,SC-01,normal,68,113,67,112,28,open,
2026-08-04T08:32:56.785,434140172,T0001,OBJ-B,SC-01,normal,68,113,67,112,28,open,
2026-08-04T08:32:56.804,434160656,T0001,OBJ-B,SC-01,normal,68,113,67,112,28,open,
2026-08-04T08:32:56.824,434180116,T0001,OBJ-B,SC-01,normal,68,113,67,112,28,open,
2026-08-04T08:32:56.844,434200596,T0001,OBJ-B,SC-01,normal,68,113,67,112,27,open,
2026-08-04T08:32:56.864,434220056,T0001,OBJ-B,SC-01,normal,68,113,67,112,28,open,
2026-08-04T08:32:56.884,434240536,T0001,OBJ-B,SC-01,normal,68,113,67,112,28,open,
2026-08-04T08:32:56.904,434261012,T0001,OBJ-B,SC-01,normal,68,113,67,112,28,open,
2026-08-04T08:32:56.924,434280456,T0001,OBJ-B,SC-01,normal,68,113,67,112,28,open,
2026-08-04T08:32:56.944,434300952,T0001,OBJ-B,SC-01,normal,68,113,67,112,28,open,
2026-08-04T08:32:56.965,434320400,T0001,OBJ-B,SC-01,normal,68,113,67,112,28,open,
2026-08-04T08:32:56.984,434340876,T0001,OBJ-B,SC-01,normal,68,113,67,112,28,open,
2026-08-04T08:32:57.005,434360340,T0001,OBJ-B,SC-01,normal,68,113,67,112,28,open,
2026-08-04T08:32:57.023,434380820,T0001,OBJ-B,SC-01,normal,68,113,67,112,28,open,
2026-08-04T08:32:57.044,434400276,T0001,OBJ-B,SC-01,normal,68,113,67,112,28,open,
2026-08-04T08:32:57.064,434420760,T0001,OBJ-B,SC-01,normal,68,113,67,112,28,open,
2026-08-04T08:32:57.084,434440200,T0001,OBJ-B,SC-01,normal,68,113,67,112,28,open,
2026-08-04T08:32:57.104,434460684,T0001,OBJ-B,SC-01,normal,68,113,67,112,27,open,
2026-08-04T08:32:57.125,434480144,T0001,OBJ-B,SC-01,normal,68,113,67,112,28,open,
2026-08-04T08:32:57.143,434500624,T0001,OBJ-B,SC-01,normal,68,113,67,112,28,open,
2026-08-04T08:32:57.164,434520084,T0001,OBJ-B,SC-01,normal,68,113,67,112,28,open,
2026-08-04T08:32:57.184,434540568,T0001,OBJ-B,SC-01,normal,68,113,67,112,28,open,
2026-08-04T08:32:57.204,434560024,T0001,OBJ-B,SC-01,normal,68,113,67,112,28,open,
2026-08-04T08:32:57.224,434580488,T0001,OBJ-B,SC-01,normal,68,113,67,112,28,open,
2026-08-04T08:32:57.244,434600980,T0001,OBJ-B,SC-01,normal,68,113,67,112,28,open,
2026-08-04T08:32:57.263,434620428,T0001,OBJ-B,SC-01,normal,68,113,67,112,28,open,
2026-08-04T08:32:57.284,434640924,T0001,OBJ-B,SC-01,normal,68,113,67,112,28,open,
2026-08-04T08:32:57.304,434660372,T0001,OBJ-B,SC-01,normal,68,113,67,112,28,open,
2026-08-04T08:32:57.324,434680856,T0001,OBJ-B,SC-01,normal,68,113,67,112,28,open,
2026-08-04T08:32:57.344,434700308,T0001,OBJ-B,SC-01,normal,68,113,67,112,28,open,
2026-08-04T08:32:57.364,434720788,T0001,OBJ-B,SC-01,normal,68,113,67,112,28,open,
2026-08-04T08:32:57.384,434740236,T0001,OBJ-B,SC-01,normal,68,113,67,112,28,open,
2026-08-04T08:32:57.404,434760732,T0001,OBJ-B,SC-01,normal,68,113,67,112,28,open,
2026-08-04T08:32:57.424,434780180,T0001,OBJ-B,SC-01,normal,68,113,67,112,28,open,
2026-08-04T08:32:57.444,434800652,T0001,OBJ-B,SC-01,normal,68,113,67,112,28,open,
2026-08-04T08:32:57.464,434820136,T0001,OBJ-B,SC-01,normal,68,113,67,112,28,open,
2026-08-04T08:32:57.484,434840588,T0001,OBJ-B,SC-01,normal,68,113,67,112,28,open,
2026-08-04T08:32:57.504,434860052,T0001,OBJ-B,SC-01,normal,68,112,67,112,28,open,
2026-08-04T08:32:57.524,434880540,T0001,OBJ-B,SC-01,normal,68,112,67,112,28,open,
2026-08-04T08:32:57.544,434901000,T0001,OBJ-B,SC-01,normal,68,111,67,112,28,open,
2026-08-04T08:32:57.564,434920464,T0001,OBJ-B,SC-01,normal,68,111,67,112,28,open,
2026-08-04T08:32:57.584,434940960,T0001,OBJ-B,SC-01,normal,68,109,67,112,28,open,
2026-08-04T08:32:57.605,434960404,T0001,OBJ-B,SC-01,normal,68,109,67,112,28,open,
2026-08-04T08:32:57.624,434980876,T0001,OBJ-B,SC-01,normal,68,109,67,112,28,open,
2026-08-04T08:32:57.645,435000336,T0001,OBJ-B,SC-01,normal,68,108,67,112,28,open,
2026-08-04T08:32:57.664,435021144,T0001,OBJ-B,SC-01,normal,68,107,67,112,28,open,
2026-08-04T08:32:57.684,435040520,T0001,OBJ-B,SC-01,normal,68,106,67,112,28,open,
2026-08-04T08:32:57.704,435060876,T0001,OBJ-B,SC-01,normal,68,106,67,112,28,open,
2026-08-04T08:32:57.725,435080252,T0001,OBJ-B,SC-01,normal,68,106,67,112,28,open,
2026-08-04T08:32:57.744,435100716,T0001,OBJ-B,SC-01,normal,68,105,67,112,28,open,
2026-08-04T08:32:57.764,435120144,T0001,OBJ-B,SC-01,normal,68,105,67,112,28,open,
2026-08-04T08:32:57.783,435140624,T0001,OBJ-B,SC-01,normal,68,105,67,112,28,open,
2026-08-04T08:32:57.804,435160104,T0001,OBJ-B,SC-01,normal,68,105,67,112,28,open,
2026-08-04T08:32:57.824,435180568,T0001,OBJ-B,SC-01,normal,68,105,67,112,28,open,
2026-08-04T08:32:57.844,435200024,T0001,OBJ-B,SC-01,normal,68,105,67,112,28,open,
2026-08-04T08:32:57.863,435220504,T0001,OBJ-B,SC-01,normal,68,105,67,112,28,open,
2026-08-04T08:32:57.884,435240980,T0001,OBJ-B,SC-01,normal,68,105,67,112,28,open,
2026-08-04T08:32:57.904,435260440,T0001,OBJ-B,SC-01,normal,68,105,67,112,28,open,
2026-08-04T08:32:57.924,435280920,T0001,OBJ-B,SC-01,normal,68,106,67,112,28,open,
2026-08-04T08:32:57.945,435300360,T0001,OBJ-B,SC-01,normal,68,106,67,112,28,open,
2026-08-04T08:32:57.964,435320844,T0001,OBJ-B,SC-01,normal,68,107,67,112,28,open,
2026-08-04T08:32:57.984,435340300,T0001,OBJ-B,SC-01,normal,68,108,67,112,28,open,
2026-08-04T08:32:58.004,435360784,T0001,OBJ-B,SC-01,normal,68,109,67,112,28,open,
2026-08-04T08:32:58.025,435380240,T0001,OBJ-B,SC-01,normal,68,109,67,112,28,open,
2026-08-04T08:32:58.044,435400720,T0001,OBJ-B,SC-01,normal,68,110,67,112,28,open,
2026-08-04T08:32:58.064,435420200,T0001,OBJ-B,SC-01,normal,68,110,67,112,28,open,
2026-08-04T08:32:58.084,435440660,T0001,OBJ-B,SC-01,normal,68,111,67,112,28,open,
2026-08-04T08:32:58.105,435460116,T0001,OBJ-B,SC-01,normal,68,111,67,112,28,open,
2026-08-04T08:32:58.124,435480600,T0001,OBJ-B,SC-01,normal,68,112,67,112,28,open,
2026-08-04T08:32:58.144,435500056,T0001,OBJ-B,SC-01,normal,68,113,67,112,28,open,
2026-08-04T08:32:58.164,435520524,T0001,OBJ-B,SC-01,normal,68,113,67,112,28,open,
2026-08-04T08:32:58.184,435541004,T0001,OBJ-B,SC-01,normal,68,113,67,112,28,open,
2026-08-04T08:32:58.204,435560464,T0001,OBJ-B,SC-01,normal,68,114,67,112,28,open,
2026-08-04T08:32:58.224,435580944,T0001,OBJ-B,SC-01,normal,68,114,67,112,28,open,
2026-08-04T08:32:58.245,435600404,T0001,OBJ-B,SC-01,normal,68,114,67,112,28,open,
2026-08-04T08:32:58.264,435620884,T0001,OBJ-B,SC-01,normal,68,114,67,112,28,open,
2026-08-04T08:32:58.285,435640344,T0001,OBJ-B,SC-01,normal,68,114,67,112,28,open,
2026-08-04T08:32:58.304,435660824,T0001,OBJ-B,SC-01,normal,68,114,67,112,28,open,
2026-08-04T08:32:58.325,435680300,T0001,OBJ-B,SC-01,normal,68,114,67,112,28,open,
2026-08-04T08:32:58.344,435700748,T0001,OBJ-B,SC-01,normal,68,114,67,112,28,open,
2026-08-04T08:32:58.365,435720204,T0001,OBJ-B,SC-01,normal,68,114,67,112,28,open,
2026-08-04T08:32:58.384,435740688,T0001,OBJ-B,SC-01,normal,68,114,67,112,28,open,
2026-08-04T08:32:58.404,435760144,T0001,OBJ-B,SC-01,normal,68,114,67,112,28,open,
2026-08-04T08:32:58.424,435780628,T0001,OBJ-B,SC-01,normal,68,114,67,112,28,open,
2026-08-04T08:32:58.444,435800084,T0001,OBJ-B,SC-01,normal,68,114,67,112,28,open,
2026-08-04T08:32:58.464,435820556,T0001,OBJ-B,SC-01,normal,68,115,67,112,28,open,
2026-08-04T08:32:58.485,435840028,T0001,OBJ-B,SC-01,normal,68,115,67,112,28,open,
2026-08-04T08:32:58.504,435860492,T0001,OBJ-B,SC-01,normal,68,116,67,112,28,open,
2026-08-04T08:32:58.524,435880972,T0001,OBJ-B,SC-01,normal,68,116,67,112,28,open,
2026-08-04T08:32:58.544,435900432,T0001,OBJ-B,SC-01,normal,68,117,67,112,27,open,
2026-08-04T08:32:58.564,435920912,T0001,OBJ-B,SC-01,normal,68,117,67,112,28,open,
2026-08-04T08:32:58.585,435940388,T0001,OBJ-B,SC-01,normal,68,118,67,112,28,open,
2026-08-04T08:32:58.604,435960852,T0001,OBJ-B,SC-01,normal,68,119,67,112,28,open,
2026-08-04T08:32:58.624,435980308,T0001,OBJ-B,SC-01,normal,68,120,67,112,28,open,
2026-08-04T08:32:58.644,436000792,T0001,OBJ-B,SC-01,normal,68,120,67,112,28,open,
2026-08-04T08:32:58.664,436020248,T0001,OBJ-B,SC-01,normal,68,121,67,112,28,open,
2026-08-04T08:32:58.685,436040716,T0001,OBJ-B,SC-01,normal,68,121,67,112,28,open,
2026-08-04T08:32:58.704,436060168,T0001,OBJ-B,SC-01,normal,68,121,67,112,28,open,
2026-08-04T08:32:58.724,436080656,T0001,OBJ-B,SC-01,normal,68,121,67,112,28,open,
2026-08-04T08:32:58.744,436100108,T0001,OBJ-B,SC-01,normal,68,121,67,112,28,open,
2026-08-04T08:32:58.764,436120596,T0001,OBJ-B,SC-01,normal,68,121,67,112,27,open,
2026-08-04T08:32:58.785,436140052,T0001,OBJ-B,SC-01,normal,68,121,67,112,28,open,
2026-08-04T08:32:58.804,436160524,T0001,OBJ-B,SC-01,normal,68,121,67,112,28,open,
2026-08-04T08:32:58.824,436181004,T0001,OBJ-B,SC-01,normal,68,122,67,112,28,open,
2026-08-04T08:32:58.844,436200480,T0001,OBJ-B,SC-01,normal,68,122,67,112,28,open,
2026-08-04T08:32:58.864,436220944,T0001,OBJ-B,SC-01,normal,68,123,67,112,28,open,
2026-08-04T08:32:58.884,436240400,T0001,OBJ-B,SC-01,normal,68,124,67,112,28,open,
2026-08-04T08:32:58.904,436260884,T0001,OBJ-B,SC-01,normal,68,124,67,112,28,open,
2026-08-04T08:32:58.925,436280336,T0001,OBJ-B,SC-01,normal,68,125,67,112,28,open,
2026-08-04T08:32:58.944,436300824,T0001,OBJ-B,SC-01,normal,68,126,67,112,28,open,
2026-08-04T08:32:58.965,436320276,T0001,OBJ-B,SC-01,normal,68,127,67,112,28,open,
2026-08-04T08:32:58.984,436340764,T0001,OBJ-B,SC-01,normal,68,128,67,112,28,open,
2026-08-04T08:32:59.004,436360216,T0001,OBJ-B,SC-01,normal,68,128,67,112,28,open,
2026-08-04T08:32:59.024,436380684,T0001,OBJ-B,SC-01,normal,68,129,67,112,28,open,
2026-08-04T08:32:59.044,436400140,T0001,OBJ-B,SC-01,normal,68,130,67,112,28,open,
2026-08-04T08:32:59.064,436420628,T0001,OBJ-B,SC-01,normal,68,131,67,112,28,open,
2026-08-04T08:32:59.084,436440084,T0001,OBJ-B,SC-01,normal,68,132,67,112,28,open,
2026-08-04T08:32:59.104,436460564,T0001,OBJ-B,SC-01,normal,68,133,67,112,28,open,
2026-08-04T08:32:59.124,436480024,T0001,OBJ-B,SC-01,normal,68,134,67,112,28,open,
2026-08-04T08:32:59.144,436500504,T0001,OBJ-B,SC-01,normal,68,135,67,112,28,open,
2026-08-04T08:32:59.164,436520968,T0001,OBJ-B,SC-01,normal,68,136,67,112,28,open,
2026-08-04T08:32:59.184,436540440,T0001,OBJ-B,SC-01,normal,68,137,67,112,28,open,
2026-08-04T08:32:59.204,436560908,T0001,OBJ-B,SC-01,normal,68,137,67,112,28,open,
2026-08-04T08:32:59.225,436580364,T0001,OBJ-B,SC-01,normal,68,138,67,112,28,open,
2026-08-04T08:32:59.244,436600852,T0001,OBJ-B,SC-01,normal,68,138,67,112,27,open,
2026-08-04T08:32:59.264,436620304,T0001,OBJ-B,SC-01,normal,68,139,67,112,28,open,
2026-08-04T08:32:59.283,436640792,T0001,OBJ-B,SC-01,normal,68,139,67,112,28,open,
2026-08-04T08:32:59.304,436660248,T0001,OBJ-B,SC-01,normal,68,139,67,112,28,open,
2026-08-04T08:32:59.324,436680752,T0001,OBJ-B,SC-01,normal,68,139,67,112,28,open,
2026-08-04T08:32:59.344,436700172,T0001,OBJ-B,SC-01,normal,68,139,67,112,28,open,
2026-08-04T08:32:59.364,436720652,T0001,OBJ-B,SC-01,normal,68,139,67,112,28,open,
2026-08-04T08:32:59.384,436740112,T0001,OBJ-B,SC-01,normal,68,139,67,112,28,open,
2026-08-04T08:32:59.404,436760592,T0001,OBJ-B,SC-01,normal,68,139,67,112,28,open,
2026-08-04T08:32:59.424,436780052,T0001,OBJ-B,SC-01,normal,68,139,67,112,28,open,
2026-08-04T08:32:59.444,436800536,T0001,OBJ-B,SC-01,normal,68,139,67,112,28,open,
2026-08-04T08:32:59.464,436821000,T0001,OBJ-B,SC-01,normal,68,139,67,112,28,open,
2026-08-04T08:32:59.483,436840472,T0001,OBJ-B,SC-01,normal,68,139,67,112,28,open,
2026-08-04T08:32:59.504,436860940,T0001,OBJ-B,SC-01,normal,68,139,67,112,28,open,
2026-08-04T08:32:59.525,436880396,T0001,OBJ-B,SC-01,normal,68,139,67,112,28,open,
2026-08-04T08:32:59.544,436900880,T0001,OBJ-B,SC-01,normal,68,139,67,112,28,open,
2026-08-04T08:32:59.565,436920336,T0001,OBJ-B,SC-01,normal,68,139,67,112,28,open,
2026-08-04T08:32:59.584,436940820,T0001,OBJ-B,SC-01,normal,68,139,67,112,28,open,
2026-08-04T08:32:59.605,436960276,T0001,OBJ-B,SC-01,normal,68,140,67,112,28,open,
2026-08-04T08:32:59.624,436980756,T0001,OBJ-B,SC-01,normal,68,140,67,112,28,open,
2026-08-04T08:32:59.645,437000200,T0001,OBJ-B,SC-01,normal,68,140,67,112,28,open,
2026-08-04T08:32:59.664,437020684,T0001,OBJ-B,SC-01,normal,68,140,67,112,28,open,
2026-08-04T08:32:59.684,437040144,T0001,OBJ-B,SC-01,normal,68,141,67,112,28,open,
2026-08-04T08:32:59.704,437060624,T0001,OBJ-B,SC-01,normal,68,141,67,112,28,open,
2026-08-04T08:32:59.724,437080088,T0001,OBJ-B,SC-01,normal,68,142,67,112,28,open,
2026-08-04T08:32:59.744,437100568,T0001,OBJ-B,SC-01,normal,68,143,67,112,28,open,
2026-08-04T08:32:59.764,437120012,T0001,OBJ-B,SC-01,normal,68,143,67,112,28,open,
2026-08-04T08:32:59.784,437140492,T0001,OBJ-B,SC-01,normal,68,144,67,112,28,open,
2026-08-04T08:32:59.804,437160980,T0001,OBJ-B,SC-01,normal,68,145,67,112,28,open,
2026-08-04T08:32:59.824,437180432,T0001,OBJ-B,SC-01,normal,68,145,67,112,28,open,
2026-08-04T08:32:59.844,437200920,T0001,OBJ-B,SC-01,normal,68,146,67,112,28,open,
2026-08-04T08:32:59.865,437220376,T0001,OBJ-B,SC-01,normal,68,147,67,112,28,open,
2026-08-04T08:32:59.884,437240840,T0001,OBJ-B,SC-01,normal,68,147,67,112,28,open,
2026-08-04T08:32:59.905,437260304,T0001,OBJ-B,SC-01,normal,68,147,67,112,28,open,
2026-08-04T08:32:59.924,437280784,T0001,OBJ-B,SC-01,normal,68,147,67,112,28,open,
2026-08-04T08:32:59.945,437300248,T0001,OBJ-B,SC-01,normal,68,148,67,112,28,open,
2026-08-04T08:32:59.964,437320728,T0001,OBJ-B,SC-01,normal,68,148,67,112,28,open,
2026-08-04T08:32:59.985,437340172,T0001,OBJ-B,SC-01,normal,68,148,67,112,28,open,
2026-08-04T08:33:00.004,437360652,T0001,OBJ-B,SC-01,normal,68,148,67,112,28,open,
2026-08-04T08:33:00.024,437380112,T0001,OBJ-B,SC-01,normal,68,148,67,112,28,open,
2026-08-04T08:33:00.044,437400596,T0001,OBJ-B,SC-01,normal,68,148,67,112,28,open,
2026-08-04T08:33:00.064,437420040,T0001,OBJ-B,SC-01,normal,68,148,67,112,28,open,
2026-08-04T08:33:00.084,437440524,T0001,OBJ-B,SC-01,normal,68,148,67,112,28,open,
2026-08-04T08:33:00.104,437461012,T0001,OBJ-B,SC-01,normal,68,148,67,112,28,open,
2026-08-04T08:33:00.123,437480468,T0001,OBJ-B,SC-01,normal,68,148,67,112,28,open,
2026-08-04T08:33:00.144,437500972,T0001,OBJ-B,SC-01,normal,68,148,67,112,28,open,
2026-08-04T08:33:00.165,437520408,T0001,OBJ-B,SC-01,normal,68,149,67,112,28,open,
2026-08-04T08:33:00.184,437540888,T0001,OBJ-B,SC-01,normal,68,149,67,112,28,open,
2026-08-04T08:33:00.205,437560332,T0001,OBJ-B,SC-01,normal,68,150,67,112,28,open,
2026-08-04T08:33:00.224,437580812,T0001,OBJ-B,SC-01,normal,68,150,67,112,28,open,
2026-08-04T08:33:00.245,437600272,T0001,OBJ-B,SC-01,normal,68,150,67,112,28,open,
2026-08-04T08:33:00.264,437620752,T0001,OBJ-B,SC-01,normal,68,151,67,112,28,open,
2026-08-04T08:33:00.284,437640216,T0001,OBJ-B,SC-01,normal,68,151,67,112,28,open,
2026-08-04T08:33:00.304,437660696,T0001,OBJ-B,SC-01,normal,68,151,67,112,28,open,
2026-08-04T08:33:00.324,437680140,T0001,OBJ-B,SC-01,normal,68,151,67,112,28,open,
2026-08-04T08:33:00.344,437700620,T0001,OBJ-B,SC-01,normal,68,152,67,112,28,open,
2026-08-04T08:33:00.364,437720084,T0001,OBJ-B,SC-01,normal,68,152,67,112,28,open,
2026-08-04T08:33:00.384,437740564,T0001,OBJ-B,SC-01,normal,68,153,67,112,28,open,
2026-08-04T08:33:00.404,437760012,T0001,OBJ-B,SC-01,normal,68,153,67,112,28,open,
2026-08-04T08:33:00.424,437780488,T0001,OBJ-B,SC-01,normal,68,153,67,112,28,open,
2026-08-04T08:33:00.445,437800968,T0001,OBJ-B,SC-01,normal,68,153,67,112,28,open,
2026-08-04T08:33:00.464,437820428,T0001,OBJ-B,SC-01,normal,68,154,67,112,28,open,
2026-08-04T08:33:00.484,437840912,T0001,OBJ-B,SC-01,normal,68,154,67,112,28,open,
2026-08-04T08:33:00.505,437860372,T0001,OBJ-B,SC-01,normal,68,154,67,112,28,open,
2026-08-04T08:33:00.524,437880852,T0001,OBJ-B,SC-01,normal,68,155,67,112,28,open,
2026-08-04T08:33:00.545,437900296,T0001,OBJ-B,SC-01,normal,68,155,67,112,28,open,
2026-08-04T08:33:00.564,437920780,T0001,OBJ-B,SC-01,normal,68,155,67,112,28,open,
2026-08-04T08:33:00.585,437940240,T0001,OBJ-B,SC-01,normal,68,155,67,112,28,open,
2026-08-04T08:33:00.604,437960724,T0001,OBJ-B,SC-01,normal,68,155,67,112,28,open,
2026-08-04T08:33:00.625,437980184,T0001,OBJ-B,SC-01,normal,68,155,67,112,28,open,
2026-08-04T08:33:00.644,438000664,T0001,OBJ-B,SC-01,normal,68,155,67,112,28,open,
2026-08-04T08:33:00.665,438020108,T0001,OBJ-B,SC-01,normal,68,156,67,112,28,open,
2026-08-04T08:33:00.684,438040588,T0001,OBJ-B,SC-01,normal,68,156,67,112,28,open,
2026-08-04T08:33:00.705,438060052,T0001,OBJ-B,SC-01,normal,68,156,67,112,28,open,
2026-08-04T08:33:00.724,438080532,T0001,OBJ-B,SC-01,normal,68,156,67,112,28,open,
2026-08-04T08:33:00.744,438101016,T0001,OBJ-B,SC-01,normal,68,155,67,112,28,open,
2026-08-04T08:33:00.763,438120456,T0001,OBJ-B,SC-01,normal,68,156,67,112,28,open,
2026-08-04T08:33:00.784,438140940,T0001,OBJ-B,SC-01,normal,68,155,67,112,28,open,
2026-08-04T08:33:00.805,438160400,T0001,OBJ-B,SC-01,normal,68,156,67,112,28,open,
2026-08-04T08:33:00.824,438180884,T0001,OBJ-B,SC-01,normal,68,155,67,112,28,open,
2026-08-04T08:33:00.845,438200344,T0001,OBJ-B,SC-01,normal,68,156,67,112,28,open,
2026-08-04T08:33:00.864,438220824,T0001,OBJ-B,SC-01,normal,68,156,67,112,28,open,
2026-08-04T08:33:00.885,438240268,T0001,OBJ-B,SC-01,normal,68,156,67,112,28,open,
2026-08-04T08:33:00.904,438260748,T0001,OBJ-B,SC-01,normal,68,156,67,112,28,open,
2026-08-04T08:33:00.924,438280212,T0001,OBJ-B,SC-01,normal,68,156,67,112,28,open,
2026-08-04T08:33:00.944,438300692,T0001,OBJ-B,SC-01,normal,68,156,67,112,28,open,
2026-08-04T08:33:00.964,438320152,T0001,OBJ-B,SC-01,normal,68,156,67,112,28,open,
2026-08-04T08:33:00.984,438340616,T0001,OBJ-B,SC-01,normal,68,156,67,112,28,open,
2026-08-04T08:33:01.004,438360080,T0001,OBJ-B,SC-01,normal,68,156,67,112,28,open,
2026-08-04T08:33:01.024,438380560,T0001,OBJ-B,SC-01,normal,68,156,67,112,28,open,
2026-08-04T08:33:01.044,438400020,T0001,OBJ-B,SC-01,normal,68,156,67,112,28,open,
2026-08-04T08:33:01.064,438420500,T0001,OBJ-B,SC-01,normal,68,156,67,112,28,open,
2026-08-04T08:33:01.084,438440980,T0001,OBJ-B,SC-01,normal,68,156,67,112,28,open,
2026-08-04T08:33:01.104,438460440,T0001,OBJ-B,SC-01,normal,68,156,67,112,28,open,
2026-08-04T08:33:01.124,438480920,T0001,OBJ-B,SC-01,normal,68,156,67,112,28,open,
2026-08-04T08:33:01.145,438500364,T0001,OBJ-B,SC-01,normal,68,156,67,112,28,open,
2026-08-04T08:33:01.165,438520844,T0001,OBJ-B,SC-01,normal,68,156,67,112,28,open,
2026-08-04T08:33:01.184,438540304,T0001,OBJ-B,SC-01,normal,68,156,67,112,28,open,
2026-08-04T08:33:01.205,438560784,T0001,OBJ-B,SC-01,normal,68,156,67,112,28,open,
2026-08-04T08:33:01.225,438580244,T0001,OBJ-B,SC-01,normal,68,156,67,112,28,open,
2026-08-04T08:33:01.244,438600724,T0001,OBJ-B,SC-01,normal,68,156,67,112,28,open,
2026-08-04T08:33:01.264,438620184,T0001,OBJ-B,SC-01,normal,68,156,67,112,28,open,
2026-08-04T08:33:01.285,438640648,T0001,OBJ-B,SC-01,normal,68,156,67,112,28,open,
2026-08-04T08:33:01.304,438660108,T0001,OBJ-B,SC-01,normal,68,156,67,112,28,open,
2026-08-04T08:33:01.325,438680592,T0001,OBJ-B,SC-01,normal,68,156,67,112,28,open,
2026-08-04T08:33:01.345,438700052,T0001,OBJ-B,SC-01,normal,68,156,67,112,28,open,
2026-08-04T08:33:01.365,438720536,T0001,OBJ-B,SC-01,normal,68,156,67,112,28,open,
2026-08-04T08:33:01.385,438741016,T0001,OBJ-B,SC-01,normal,68,156,67,112,28,open,
2026-08-04T08:33:01.405,438760460,T0001,OBJ-B,SC-01,normal,68,156,67,112,28,open,
2026-08-04T08:33:01.426,438780940,T0001,OBJ-B,SC-01,normal,68,156,67,112,28,open,
2026-08-04T08:33:01.445,438800404,T0001,OBJ-B,SC-01,normal,68,156,67,112,28,open,
2026-08-04T08:33:01.466,438820884,T0001,OBJ-B,SC-01,normal,68,156,67,112,28,open,
2026-08-04T08:33:01.485,438840344,T0001,OBJ-B,SC-01,normal,68,156,67,112,28,open,
2026-08-04T08:33:01.506,438860824,T0001,OBJ-B,SC-01,normal,68,156,67,112,28,open,
2026-08-04T08:33:01.526,438880268,T0001,OBJ-B,SC-01,normal,68,156,67,112,28,open,
2026-08-04T08:33:01.546,438900748,T0001,OBJ-B,SC-01,normal,68,156,67,112,28,open,
2026-08-04T08:33:01.565,438920212,T0001,OBJ-B,SC-01,normal,68,156,67,112,28,open,
2026-08-04T08:33:01.586,438940692,T0001,OBJ-B,SC-01,normal,68,156,67,112,28,open,
2026-08-04T08:33:01.606,438960136,T0001,OBJ-B,SC-01,normal,68,156,67,112,28,open,
2026-08-04T08:33:01.644,438980620,T0001,OBJ-B,SC-01,normal,68,156,67,112,28,open,
2026-08-04T08:33:01.646,439000080,T0001,OBJ-B,SC-01,normal,68,156,67,112,28,open,
2026-08-04T08:33:01.684,439020564,T0001,OBJ-B,SC-01,normal,68,156,67,112,28,open,
2026-08-04T08:33:01.686,439040024,T0001,OBJ-B,SC-01,normal,68,156,67,112,28,open,
2026-08-04T08:33:01.724,439060504,T0001,OBJ-B,SC-01,normal,68,156,67,112,28,open,
2026-08-04T08:33:01.727,439080972,T0001,OBJ-B,SC-01,normal,68,156,67,112,28,open,
2026-08-04T08:33:01.765,439100432,T0001,OBJ-B,SC-01,normal,68,156,67,112,28,open,
2026-08-04T08:33:01.767,439120912,T0001,OBJ-B,SC-01,normal,68,156,67,112,28,open,
2026-08-04T08:33:01.786,439140372,T0001,OBJ-B,SC-01,normal,68,156,67,112,28,open,
2026-08-04T08:33:01.825,439160856,T0001,OBJ-B,SC-01,normal,68,156,67,112,28,open,
2026-08-04T08:33:01.826,439180296,T0001,OBJ-B,SC-01,normal,68,156,67,112,28,open,
2026-08-04T08:33:01.864,439200780,T0001,OBJ-B,SC-01,normal,68,156,67,112,28,open,
2026-08-04T08:33:01.867,439220240,T0001,OBJ-B,SC-01,normal,68,156,67,112,28,open,
2026-08-04T08:33:01.905,439240720,T0001,OBJ-B,SC-01,normal,68,156,67,112,28,open,
2026-08-04T08:33:01.907,439260180,T0001,OBJ-B,SC-01,normal,68,156,67,112,28,open,
2026-08-04T08:33:01.945,439280664,T0001,OBJ-B,SC-01,normal,68,156,67,112,28,open,
2026-08-04T08:33:01.947,439300124,T0001,OBJ-B,SC-01,normal,68,156,67,112,28,open,
2026-08-04T08:33:01.984,439320584,T0001,OBJ-B,SC-01,normal,68,156,67,112,28,open,
2026-08-04T08:33:02.004,439340048,T0001,OBJ-B,SC-01,normal,68,156,67,112,28,open,
2026-08-04T08:33:02.024,439360528,T0001,OBJ-B,SC-01,normal,68,156,67,112,28,open,
2026-08-04T08:33:02.043,439381008,T0001,OBJ-B,SC-01,normal,68,156,67,112,28,open,
2026-08-04T08:33:02.064,439400468,T0001,OBJ-B,SC-01,normal,68,156,67,112,28,open,
2026-08-04T08:33:02.085,439420948,T0001,OBJ-B,SC-01,normal,68,156,67,112,28,open,
2026-08-04T08:33:02.088,439440412,T0001,OBJ-B,SC-01,normal,68,156,67,112,28,open,
2026-08-04T08:33:02.125,439460872,T0001,OBJ-B,SC-01,normal,68,156,67,112,28,open,
2026-08-04T08:33:02.128,439480336,T0001,OBJ-B,SC-01,normal,68,156,67,112,28,open,
2026-08-04T08:33:02.165,439500816,T0001,OBJ-B,SC-01,normal,68,156,67,113,28,open,
2026-08-04T08:33:02.184,439520276,T0001,OBJ-B,SC-01,normal,68,156,67,114,28,open,
2026-08-04T08:33:02.204,439540756,T0001,OBJ-B,SC-01,normal,68,156,67,114,28,open,
2026-08-04T08:33:02.224,439560204,T0001,OBJ-B,SC-01,normal,68,156,67,115,28,open,
2026-08-04T08:33:02.245,439580684,T0001,OBJ-B,SC-01,normal,68,156,67,115,28,open,
2026-08-04T08:33:02.264,439600148,T0001,OBJ-B,SC-01,normal,68,156,67,115,28,open,
2026-08-04T08:33:02.284,439620628,T0001,OBJ-B,SC-01,normal,68,156,67,116,28,open,
2026-08-04T08:33:02.304,439640072,T0001,OBJ-B,SC-01,normal,68,156,67,116,28,open,
2026-08-04T08:33:02.324,439660556,T0001,OBJ-B,SC-01,normal,68,156,67,116,28,open,
2026-08-04T08:33:02.344,439680020,T0001,OBJ-B,SC-01,normal,68,156,67,116,28,open,
2026-08-04T08:33:02.364,439700500,T0001,OBJ-B,SC-01,normal,68,156,67,117,28,open,
2026-08-04T08:33:02.384,439720980,T0001,OBJ-B,SC-01,normal,68,156,67,117,28,open,
2026-08-04T08:33:02.404,439740424,T0001,OBJ-B,SC-01,normal,68,156,67,117,28,open,
2026-08-04T08:33:02.424,439760908,T0001,OBJ-B,SC-01,normal,68,156,67,117,28,open,
2026-08-04T08:33:02.444,439780372,T0001,OBJ-B,SC-01,normal,68,156,67,117,28,open,
2026-08-04T08:33:02.465,439800852,T0001,OBJ-B,SC-01,normal,68,156,67,117,28,open,
2026-08-04T08:33:02.484,439820300,T0001,OBJ-B,SC-01,normal,68,156,67,117,28,open,
2026-08-04T08:33:02.505,439840780,T0001,OBJ-B,SC-01,normal,68,156,67,117,28,open,
2026-08-04T08:33:02.524,439860244,T0001,OBJ-B,SC-01,normal,68,156,67,118,28,open,
2026-08-04T08:33:02.545,439880724,T0001,OBJ-B,SC-01,normal,68,156,67,119,28,open,
2026-08-04T08:33:02.564,439900168,T0001,OBJ-B,SC-01,normal,68,156,67,120,28,open,
2026-08-04T08:33:02.584,439920656,T0001,OBJ-B,SC-01,normal,68,156,67,120,28,open,
2026-08-04T08:33:02.604,439940112,T0001,OBJ-B,SC-01,normal,68,156,67,121,28,open,
2026-08-04T08:33:02.624,439960588,T0001,OBJ-B,SC-01,normal,68,156,67,121,28,open,
2026-08-04T08:33:02.644,439980040,T0001,OBJ-B,SC-01,normal,68,156,67,122,28,open,
2026-08-04T08:33:02.664,440000532,T0001,OBJ-B,SC-01,normal,68,156,67,122,28,open,
2026-08-04T08:33:02.684,440021004,T0001,OBJ-B,SC-01,normal,68,156,67,122,28,open,
2026-08-04T08:33:02.704,440040460,T0001,OBJ-B,SC-01,normal,68,156,67,123,28,open,
2026-08-04T08:33:02.725,440060948,T0001,OBJ-B,SC-01,normal,68,156,67,124,28,open,
2026-08-04T08:33:02.744,440080412,T0001,OBJ-B,SC-01,normal,68,156,67,125,28,open,
2026-08-04T08:33:02.765,440100884,T0001,OBJ-B,SC-01,normal,68,156,67,125,28,open,
2026-08-04T08:33:02.784,440120332,T0001,OBJ-B,SC-01,normal,68,156,67,126,28,open,
2026-08-04T08:33:02.805,440140820,T0001,OBJ-B,SC-01,normal,68,156,67,126,28,open,
2026-08-04T08:33:02.824,440160276,T0001,OBJ-B,SC-01,normal,68,156,67,126,28,open,
2026-08-04T08:33:02.844,440180764,T0001,OBJ-B,SC-01,normal,68,156,67,126,28,open,
2026-08-04T08:33:02.864,440200212,T0001,OBJ-B,SC-01,normal,68,156,67,126,28,open,
2026-08-04T08:33:02.885,440220680,T0001,OBJ-B,SC-01,normal,68,156,67,126,28,open,
2026-08-04T08:33:02.904,440240156,T0001,OBJ-B,SC-01,normal,68,156,67,126,28,open,
2026-08-04T08:33:02.924,440260904,T0001,OBJ-B,SC-01,normal,68,156,67,126,28,open,
2026-08-04T08:33:02.944,440280076,T0001,OBJ-B,SC-01,normal,68,156,67,126,28,open,
2026-08-04T08:33:02.965,440300552,T0001,OBJ-B,SC-01,normal,68,156,67,126,28,open,
2026-08-04T08:33:02.984,440320012,T0001,OBJ-B,SC-01,normal,68,156,67,126,28,open,
2026-08-04T08:33:03.005,440340580,T0001,OBJ-B,SC-01,normal,68,156,67,128,28,open,
2026-08-04T08:33:03.024,440361112,T0001,OBJ-B,SC-01,normal,68,156,67,129,28,open,
2026-08-04T08:33:03.044,440380432,T0001,OBJ-B,SC-01,normal,68,156,67,131,28,open,
2026-08-04T08:33:03.065,440400916,T0001,OBJ-B,SC-01,normal,68,156,67,132,28,open,
2026-08-04T08:33:03.084,440420368,T0001,OBJ-B,SC-01,normal,68,156,67,132,28,open,
2026-08-04T08:33:03.104,440440856,T0001,OBJ-B,SC-01,normal,68,156,67,136,28,open,
2026-08-04T08:33:03.124,440460308,T0001,OBJ-B,SC-01,normal,68,156,67,136,28,open,
2026-08-04T08:33:03.145,440480780,T0001,OBJ-B,SC-01,normal,68,156,67,140,28,open,
2026-08-04T08:33:03.164,440500240,T0001,OBJ-B,SC-01,normal,68,156,67,140,28,open,
2026-08-04T08:33:03.185,440520720,T0001,OBJ-B,SC-01,normal,68,156,67,142,28,open,
2026-08-04T08:33:03.204,440540460,T0001,OBJ-B,SC-01,normal,68,156,67,142,28,open,
2026-08-04T08:33:03.225,440560664,T0001,OBJ-B,SC-01,normal,68,156,67,142,28,open,
2026-08-04T08:33:03.244,440580316,T0001,OBJ-B,SC-01,normal,68,156,67,142,28,open,
2026-08-04T08:33:03.264,440600588,T0001,OBJ-B,SC-01,normal,68,156,67,142,28,open,
2026-08-04T08:33:03.284,440620048,T0001,OBJ-B,SC-01,normal,68,156,67,142,28,open,
2026-08-04T08:33:03.304,440640528,T0001,OBJ-B,SC-01,normal,68,156,67,142,28,open,
2026-08-04T08:33:03.324,440661008,T0001,OBJ-B,SC-01,normal,68,156,67,142,28,open,
2026-08-04T08:33:03.344,440680468,T0001,OBJ-B,SC-01,normal,68,156,67,142,28,open,
2026-08-04T08:33:03.364,440700952,T0001,OBJ-B,SC-01,normal,68,156,67,142,28,open,
2026-08-04T08:33:03.384,440720396,T0001,OBJ-B,SC-01,normal,68,156,67,142,28,open,
2026-08-04T08:33:03.404,440740876,T0001,OBJ-B,SC-01,normal,68,156,67,143,28,open,
2026-08-04T08:33:03.424,440760336,T0001,OBJ-B,SC-01,normal,68,156,67,145,28,open,
2026-08-04T08:33:03.445,440780816,T0001,OBJ-B,SC-01,normal,68,156,67,146,28,open,
2026-08-04T08:33:03.464,440800276,T0001,OBJ-B,SC-01,normal,68,156,67,147,28,open,
2026-08-04T08:33:03.485,440820760,T0001,OBJ-B,SC-01,normal,68,156,67,148,28,open,
2026-08-04T08:33:03.504,440840200,T0001,OBJ-B,SC-01,normal,68,156,67,150,28,open,
2026-08-04T08:33:03.525,440860680,T0001,OBJ-B,SC-01,normal,68,156,67,151,28,open,
2026-08-04T08:33:03.544,440880140,T0001,OBJ-B,SC-01,normal,68,156,67,152,28,open,
2026-08-04T08:33:03.564,440900624,T0001,OBJ-B,SC-01,normal,68,156,67,152,28,open,
2026-08-04T08:33:03.584,440920084,T0001,OBJ-B,SC-01,normal,68,156,67,153,28,open,
2026-08-04T08:33:03.605,440940564,T0001,OBJ-B,SC-01,normal,68,156,67,153,28,open,
2026-08-04T08:33:03.624,440960028,T0001,OBJ-B,SC-01,normal,68,156,67,154,28,open,
2026-08-04T08:33:03.645,440980504,T0001,OBJ-B,SC-01,normal,68,156,67,154,28,open,
2026-08-04T08:33:03.664,441000968,T0001,OBJ-B,SC-01,normal,68,156,67,155,28,open,
2026-08-04T08:33:03.684,441020428,T0001,OBJ-B,SC-01,normal,68,156,67,155,28,open,
2026-08-04T08:33:03.705,441040912,T0001,OBJ-B,SC-01,normal,68,156,67,156,28,open,
2026-08-04T08:33:03.724,441060372,T0001,OBJ-B,SC-01,normal,68,156,67,157,28,open,
2026-08-04T08:33:03.745,441080852,T0001,OBJ-B,SC-01,normal,68,156,67,158,28,open,
2026-08-04T08:33:03.764,441100296,T0001,OBJ-B,SC-01,normal,68,156,67,159,28,open,
2026-08-04T08:33:03.785,441120780,T0001,OBJ-B,SC-01,normal,68,156,67,160,28,open,
2026-08-04T08:33:03.804,441140240,T0001,OBJ-B,SC-01,normal,68,156,67,162,28,open,
2026-08-04T08:33:03.824,441160720,T0001,OBJ-B,SC-01,normal,68,156,67,162,28,open,
2026-08-04T08:33:03.844,441180180,T0001,OBJ-B,SC-01,normal,68,156,67,163,28,open,
2026-08-04T08:33:03.864,441200660,T0001,OBJ-B,SC-01,normal,68,156,67,164,28,open,
2026-08-04T08:33:03.884,441220120,T0001,OBJ-B,SC-01,normal,68,156,67,165,28,open,
2026-08-04T08:33:03.904,441240584,T0001,OBJ-B,SC-01,normal,68,156,67,166,28,open,
2026-08-04T08:33:03.924,441260048,T0001,OBJ-B,SC-01,normal,68,156,67,167,28,open,
2026-08-04T08:33:03.945,441280528,T0001,OBJ-B,SC-01,normal,68,156,67,167,28,open,
2026-08-04T08:33:03.964,441301008,T0001,OBJ-B,SC-01,normal,68,156,67,167,28,open,
2026-08-04T08:33:03.984,441320472,T0001,OBJ-B,SC-01,normal,68,156,67,167,28,open,
2026-08-04T08:33:04.005,441340952,T0001,OBJ-B,SC-01,normal,68,156,67,167,28,open,
2026-08-04T08:33:04.024,441360400,T0001,OBJ-B,SC-01,normal,68,156,67,167,28,open,
2026-08-04T08:33:04.045,441380880,T0001,OBJ-B,SC-01,normal,68,156,67,167,28,open,
2026-08-04T08:33:04.064,441400340,T0001,OBJ-B,SC-01,normal,68,156,67,167,28,open,
2026-08-04T08:33:04.084,441420820,T0001,OBJ-B,SC-01,normal,68,156,67,167,28,open,
2026-08-04T08:33:04.104,441440280,T0001,OBJ-B,SC-01,normal,68,156,67,168,28,open,
2026-08-04T08:33:04.124,441460744,T0001,OBJ-B,SC-01,normal,68,156,67,168,28,open,
2026-08-04T08:33:04.144,441480208,T0001,OBJ-B,SC-01,normal,68,156,67,169,28,open,
2026-08-04T08:33:04.164,441500688,T0001,OBJ-B,SC-01,normal,68,156,67,169,28,open,
2026-08-04T08:33:04.184,441520148,T0001,OBJ-B,SC-01,normal,68,156,67,170,28,open,
2026-08-04T08:33:04.204,441540632,T0001,OBJ-B,SC-01,normal,68,156,67,170,28,open,
2026-08-04T08:33:04.224,441560096,T0001,OBJ-B,SC-01,normal,68,156,67,170,28,open,
2026-08-04T08:33:04.244,441580560,T0001,OBJ-B,SC-01,normal,68,156,67,171,28,open,
2026-08-04T08:33:04.264,441600016,T0001,OBJ-B,SC-01,normal,68,156,67,172,28,open,
2026-08-04T08:33:04.285,441620500,T0001,OBJ-B,SC-01,normal,68,156,67,172,28,open,
2026-08-04T08:33:04.304,441640980,T0001,OBJ-B,SC-01,normal,68,156,67,173,28,open,
2026-08-04T08:33:04.324,441660440,T0001,OBJ-B,SC-01,normal,68,156,67,174,28,open,
2026-08-04T08:33:04.345,441680920,T0001,OBJ-B,SC-01,normal,68,156,67,175,28,open,
2026-08-04T08:33:04.364,441700364,T0001,OBJ-B,SC-01,normal,68,156,67,176,28,open,
2026-08-04T08:33:04.385,441720848,T0001,OBJ-B,SC-01,normal,68,156,67,176,28,open,
2026-08-04T08:33:04.404,441740308,T0001,OBJ-B,SC-01,normal,68,156,67,177,28,open,
2026-08-04T08:33:04.425,441760788,T0001,OBJ-B,SC-01,normal,68,156,67,177,28,open,
2026-08-04T08:33:04.444,441780248,T0001,OBJ-B,SC-01,normal,68,156,67,178,28,open,
2026-08-04T08:33:04.465,441800728,T0001,OBJ-B,SC-01,normal,68,156,67,178,28,open,
2026-08-04T08:33:04.484,441820172,T0001,OBJ-B,SC-01,normal,68,156,67,178,28,open,
2026-08-04T08:33:04.504,441840652,T0001,OBJ-B,SC-01,normal,68,156,67,179,28,open,
2026-08-04T08:33:04.524,441860108,T0001,OBJ-B,SC-01,normal,68,156,67,179,28,open,
2026-08-04T08:33:04.544,441880596,T0001,OBJ-B,SC-01,normal,68,156,67,179,28,open,
2026-08-04T08:33:04.564,441900048,T0001,OBJ-B,SC-01,normal,68,156,67,179,28,open,
2026-08-04T08:33:04.584,441920540,T0001,OBJ-B,SC-01,normal,68,156,67,179,28,open,
2026-08-04T08:33:04.604,441941000,T0001,OBJ-B,SC-01,normal,68,156,67,179,28,open,
2026-08-04T08:33:04.625,441960464,T0001,OBJ-B,SC-01,normal,68,156,67,179,28,open,
2026-08-04T08:33:04.645,441980944,T0001,OBJ-B,SC-01,normal,68,156,67,179,28,open,
2026-08-04T08:33:04.664,442000404,T0001,OBJ-B,SC-01,normal,68,156,67,179,28,open,
2026-08-04T08:33:04.685,442020884,T0001,OBJ-B,SC-01,normal,68,156,67,179,28,open,
2026-08-04T08:33:04.704,442040348,T0001,OBJ-B,SC-01,normal,68,156,67,179,28,open,
2026-08-04T08:33:04.724,442060808,T0001,OBJ-B,SC-01,normal,68,156,67,179,28,open,
2026-08-04T08:33:04.744,442080268,T0001,OBJ-B,SC-01,normal,68,156,67,179,28,open,
2026-08-04T08:33:04.765,442100752,T0001,OBJ-B,SC-01,normal,68,156,67,179,28,open,
2026-08-04T08:33:04.784,442120212,T0001,OBJ-B,SC-01,normal,68,156,67,179,28,open,
2026-08-04T08:33:04.805,442140696,T0001,OBJ-B,SC-01,normal,68,156,67,179,28,open,
2026-08-04T08:33:04.824,442160152,T0001,OBJ-B,SC-01,normal,68,156,67,179,28,open,
2026-08-04T08:33:04.845,442180624,T0001,OBJ-B,SC-01,normal,68,156,67,179,28,open,
2026-08-04T08:33:04.864,442200076,T0001,OBJ-B,SC-01,normal,68,156,67,179,28,open,
2026-08-04T08:33:04.884,442220568,T0001,OBJ-B,SC-01,normal,68,156,67,179,28,open,
2026-08-04T08:33:04.904,442240024,T0001,OBJ-B,SC-01,normal,68,156,67,179,28,open,
2026-08-04T08:33:04.924,442260492,T0001,OBJ-B,SC-01,normal,68,156,67,179,28,open,
2026-08-04T08:33:04.944,442280972,T0001,OBJ-B,SC-01,normal,68,156,67,179,28,open,
2026-08-04T08:33:04.964,442300436,T0001,OBJ-B,SC-01,normal,68,156,67,179,28,open,
2026-08-04T08:33:04.985,442320920,T0001,OBJ-B,SC-01,normal,68,156,67,179,28,open,
2026-08-04T08:33:05.004,442340364,T0001,OBJ-B,SC-01,normal,68,156,67,179,28,open,
2026-08-04T08:33:05.025,442360848,T0001,OBJ-B,SC-01,normal,68,156,67,179,28,open,
2026-08-04T08:33:05.044,442380308,T0001,OBJ-B,SC-01,normal,68,156,67,179,28,open,
2026-08-04T08:33:05.065,442400788,T0001,OBJ-B,SC-01,normal,68,156,67,179,28,open,
2026-08-04T08:33:05.084,442420248,T0001,OBJ-B,SC-01,normal,68,156,67,179,28,open,
2026-08-04T08:33:05.105,442440728,T0001,OBJ-B,SC-01,normal,68,156,67,179,28,open,
2026-08-04T08:33:05.124,442460184,T0001,OBJ-B,SC-01,normal,68,156,67,179,28,open,
2026-08-04T08:33:05.145,442480652,T0001,OBJ-B,SC-01,normal,68,156,67,179,28,open,
2026-08-04T08:33:05.164,442500120,T0001,OBJ-B,SC-01,normal,68,156,67,179,28,open,
2026-08-04T08:33:05.184,442520592,T0001,OBJ-B,SC-01,normal,68,156,67,179,28,open,
2026-08-04T08:33:05.204,442540048,T0001,OBJ-B,SC-01,normal,68,156,67,179,28,open,
2026-08-04T08:33:05.224,442560536,T0001,OBJ-B,SC-01,normal,68,156,67,179,28,open,
2026-08-04T08:33:05.244,442581016,T0001,OBJ-B,SC-01,normal,68,156,67,179,28,open,
2026-08-04T08:33:05.264,442600460,T0001,OBJ-B,SC-01,normal,68,156,67,179,28,open,
2026-08-04T08:33:05.285,442620940,T0001,OBJ-B,SC-01,normal,68,156,67,179,28,open,
2026-08-04T08:33:05.304,442640400,T0001,OBJ-B,SC-01,normal,68,156,67,179,28,open,
2026-08-04T08:33:05.325,442660880,T0001,OBJ-B,SC-01,normal,68,156,67,179,28,open,
2026-08-04T08:33:05.344,442680340,T0001,OBJ-B,SC-01,normal,68,156,67,179,28,open,
2026-08-04T08:33:05.365,442700824,T0001,OBJ-B,SC-01,normal,68,156,67,179,28,open,
2026-08-04T08:33:05.383,442720300,T0001,OBJ-B,SC-01,normal,68,156,67,179,28,open,
2026-08-04T08:33:05.404,442740744,T0001,OBJ-B,SC-01,normal,68,156,67,180,28,open,
2026-08-04T08:33:05.424,442760216,T0001,OBJ-B,SC-01,normal,68,156,67,180,28,open,
2026-08-04T08:33:05.445,442780688,T0001,OBJ-B,SC-01,normal,68,156,67,180,28,open,
2026-08-04T08:33:05.464,442800140,T0001,OBJ-B,SC-01,normal,68,156,67,180,28,open,
2026-08-04T08:33:05.484,442820628,T0001,OBJ-B,SC-01,normal,68,156,67,180,28,open,
2026-08-04T08:33:05.504,442840084,T0001,OBJ-B,SC-01,normal,68,156,67,180,28,open,
2026-08-04T08:33:05.524,442860568,T0001,OBJ-B,SC-01,normal,68,156,67,180,28,open,
2026-08-04T08:33:05.544,442880024,T0001,OBJ-B,SC-01,normal,68,156,67,180,28,open,
2026-08-04T08:33:05.564,442900492,T0001,OBJ-B,SC-01,normal,68,156,67,180,28,open,
2026-08-04T08:33:05.584,442920972,T0001,OBJ-B,SC-01,normal,68,156,67,180,28,open,
2026-08-04T08:33:05.604,442940432,T0001,OBJ-B,SC-01,normal,68,156,67,180,28,open,
2026-08-04T08:33:05.625,442960912,T0001,OBJ-B,SC-01,normal,68,156,67,180,28,open,
2026-08-04T08:33:05.644,442980372,T0001,OBJ-B,SC-01,normal,68,156,67,180,28,open,
2026-08-04T08:33:05.664,443000856,T0001,OBJ-B,SC-01,normal,68,156,67,180,28,open,
2026-08-04T08:33:05.684,443020308,T0001,OBJ-B,SC-01,normal,68,156,67,180,28,open,
2026-08-04T08:33:05.705,443040780,T0001,OBJ-B,SC-01,normal,68,156,67,180,28,open,
2026-08-04T08:33:05.724,443060232,T0001,OBJ-B,SC-01,normal,68,156,67,180,28,open,
2026-08-04T08:33:05.745,443080720,T0001,OBJ-B,SC-01,normal,68,156,67,180,28,open,
2026-08-04T08:33:05.764,443100176,T0001,OBJ-B,SC-01,normal,68,156,67,180,28,open,
2026-08-04T08:33:05.784,443120664,T0001,OBJ-B,SC-01,normal,68,156,67,180,28,open,
2026-08-04T08:33:05.804,443140116,T0001,OBJ-B,SC-01,normal,68,156,67,180,28,open,
2026-08-04T08:33:05.824,443160588,T0001,OBJ-B,SC-01,normal,68,156,67,180,28,open,
2026-08-04T08:33:05.844,443180060,T0001,OBJ-B,SC-01,normal,68,156,67,180,28,open,
2026-08-04T08:33:05.864,443200528,T0001,OBJ-B,SC-01,normal,68,156,67,180,28,open,
2026-08-04T08:33:05.884,443221008,T0001,OBJ-B,SC-01,normal,68,156,67,180,28,open,
2026-08-04T08:33:05.904,443240468,T0001,OBJ-B,SC-01,normal,68,156,67,180,28,open,
2026-08-04T08:33:05.925,443260948,T0001,OBJ-B,SC-01,normal,68,156,67,180,28,open,
2026-08-04T08:33:05.944,443280408,T0001,OBJ-B,SC-01,normal,68,156,67,180,28,open,
2026-08-04T08:33:05.965,443300888,T0001,OBJ-B,SC-01,normal,68,156,67,180,28,open,
2026-08-04T08:33:05.984,443320344,T0001,OBJ-B,SC-01,normal,68,156,67,180,28,open,
2026-08-04T08:33:06.005,443340812,T0001,OBJ-B,SC-01,normal,68,156,67,180,28,open,
2026-08-04T08:33:06.024,443360264,T0001,OBJ-B,SC-01,normal,68,156,67,180,28,open,
2026-08-04T08:33:06.045,443380752,T0001,OBJ-B,SC-01,normal,68,156,67,180,28,open,
2026-08-04T08:33:06.064,443400208,T0001,OBJ-B,SC-01,normal,68,156,67,180,28,open,
2026-08-04T08:33:06.085,443420692,T0001,OBJ-B,SC-01,normal,68,156,67,180,28,open,
2026-08-04T08:33:06.104,443440148,T0001,OBJ-B,SC-01,normal,68,156,67,180,28,open,
2026-08-04T08:33:06.124,443460616,T0001,OBJ-B,SC-01,normal,68,156,67,180,28,open,
2026-08-04T08:33:06.144,443480088,T0001,OBJ-B,SC-01,normal,68,156,67,180,28,open,
2026-08-04T08:33:06.164,443500560,T0001,OBJ-B,SC-01,normal,68,156,67,180,28,open,
2026-08-04T08:33:06.184,443520012,T0001,OBJ-B,SC-01,normal,68,156,67,180,28,open,
2026-08-04T08:33:06.204,443540500,T0001,OBJ-B,SC-01,normal,68,156,67,180,28,open,
2026-08-04T08:33:06.224,443560980,T0001,OBJ-B,SC-01,normal,68,156,67,180,28,open,
2026-08-04T08:33:06.244,443580456,T0001,OBJ-B,SC-01,normal,68,156,67,180,28,open,
2026-08-04T08:33:06.264,443600920,T0001,OBJ-B,SC-01,normal,68,156,67,180,28,open,
2026-08-04T08:33:06.284,443620376,T0001,OBJ-B,SC-01,normal,68,156,67,180,28,open,
2026-08-04T08:33:06.304,443640844,T0001,OBJ-B,SC-01,normal,68,156,67,180,28,open,
2026-08-04T08:33:06.324,443660300,T0001,OBJ-B,SC-01,normal,68,156,67,180,28,open,
2026-08-04T08:33:06.344,443680788,T0001,OBJ-B,SC-01,normal,68,156,67,180,28,open,
2026-08-04T08:33:06.364,443700240,T0001,OBJ-B,SC-01,normal,68,156,67,180,28,open,
2026-08-04T08:33:06.384,443720728,T0001,OBJ-B,SC-01,normal,68,156,67,180,28,open,
2026-08-04T08:33:06.404,443740180,T0001,OBJ-B,SC-01,normal,68,156,67,180,28,open,
2026-08-04T08:33:06.424,443760652,T0001,OBJ-B,SC-01,normal,68,156,67,180,28,open,
2026-08-04T08:33:06.444,443780104,T0001,OBJ-B,SC-01,normal,68,156,67,180,28,open,
2026-08-04T08:33:06.464,443800592,T0001,OBJ-B,SC-01,normal,68,156,67,180,28,open,
2026-08-04T08:33:06.484,443820048,T0001,OBJ-B,SC-01,normal,68,156,67,180,28,open,
2026-08-04T08:33:06.504,443840536,T0001,OBJ-B,SC-01,normal,68,156,67,180,28,open,
2026-08-04T08:33:06.525,443861000,T0001,OBJ-B,SC-01,normal,68,156,67,180,28,open,
2026-08-04T08:33:06.544,443880472,T0001,OBJ-B,SC-01,normal,68,156,67,180,28,open,
2026-08-04T08:33:06.565,443900944,T0001,OBJ-B,SC-01,normal,68,156,67,180,28,open,
2026-08-04T08:33:06.584,443920400,T0001,OBJ-B,SC-01,normal,68,156,67,180,28,open,
2026-08-04T08:33:06.605,443940888,T0001,OBJ-B,SC-01,normal,68,156,67,180,28,open,
2026-08-04T08:33:06.624,443960344,T0001,OBJ-B,SC-01,normal,68,156,67,180,28,open,
2026-08-04T08:33:06.645,443980812,T0001,OBJ-B,SC-01,normal,68,156,67,180,28,open,
2026-08-04T08:33:06.664,444000268,T0001,OBJ-B,SC-01,normal,68,156,67,180,28,open,
2026-08-04T08:33:06.685,444020756,T0001,OBJ-B,SC-01,normal,68,156,67,180,28,open,
2026-08-04T08:33:06.705,444040208,T0001,OBJ-B,SC-01,normal,68,156,67,180,28,open,
2026-08-04T08:33:06.725,444060696,T0001,OBJ-B,SC-01,normal,68,156,67,180,28,open,
2026-08-04T08:33:06.745,444080152,T0001,OBJ-B,SC-01,normal,68,156,67,180,28,open,
2026-08-04T08:33:06.765,444100620,T0001,OBJ-B,SC-01,normal,68,156,67,180,28,open,
2026-08-04T08:33:06.785,444120076,T0001,OBJ-B,SC-01,normal,68,156,67,180,28,open,
2026-08-04T08:33:06.805,444140564,T0001,OBJ-B,SC-01,normal,68,156,67,180,28,open,
2026-08-04T08:33:06.825,444160020,T0001,OBJ-B,SC-01,normal,68,156,67,180,28,open,
2026-08-04T08:33:06.845,444180500,T0001,OBJ-B,SC-01,normal,68,156,67,180,28,open,
2026-08-04T08:33:06.884,444200984,T0001,OBJ-B,SC-01,normal,68,156,67,180,28,open,
2026-08-04T08:33:06.885,444220440,T0001,OBJ-B,SC-01,normal,68,156,67,180,28,open,
2026-08-04T08:33:06.906,444240912,T0001,OBJ-B,SC-01,normal,68,156,67,180,28,open,
2026-08-04T08:33:06.925,444260364,T0001,OBJ-B,SC-01,normal,68,156,67,180,28,open,
2026-08-04T08:33:06.946,444280852,T0001,OBJ-B,SC-01,normal,68,156,67,180,28,open,
2026-08-04T08:33:06.966,444300308,T0001,OBJ-B,SC-01,normal,68,156,67,180,28,open,
2026-08-04T08:33:06.986,444320780,T0001,OBJ-B,SC-01,normal,68,156,67,180,28,open,
2026-08-04T08:33:07.006,444340236,T0001,OBJ-B,SC-01,normal,68,156,67,180,28,open,
2026-08-04T08:33:07.026,444360720,T0001,OBJ-B,SC-01,normal,68,156,67,180,28,open,
2026-08-04T08:33:07.046,444380176,T0001,OBJ-B,SC-01,normal,68,156,67,180,28,open,
2026-08-04T08:33:07.066,444400664,T0001,OBJ-B,SC-01,normal,68,156,67,180,28,open,
2026-08-04T08:33:07.086,444420120,T0001,OBJ-B,SC-01,normal,68,156,67,180,28,open,
2026-08-04T08:33:07.107,444440624,T0001,OBJ-B,SC-01,normal,68,156,67,180,28,open,
2026-08-04T08:33:07.126,444460040,T0001,OBJ-B,SC-01,normal,69,156,67,180,28,open,
2026-08-04T08:33:07.147,444480524,T0001,OBJ-B,SC-01,normal,69,156,67,180,28,open,
2026-08-04T08:33:07.184,444501008,T0001,OBJ-B,SC-01,normal,69,156,67,180,28,open,
2026-08-04T08:33:07.187,444520464,T0001,OBJ-B,SC-01,normal,69,156,67,180,28,open,
2026-08-04T08:33:07.224,444540948,T0001,OBJ-B,SC-01,normal,69,156,67,180,28,open,
2026-08-04T08:33:07.227,444560404,T0001,OBJ-B,SC-01,normal,70,156,67,180,28,open,
2026-08-04T08:33:07.264,444580872,T0001,OBJ-B,SC-01,normal,70,156,67,180,28,open,
2026-08-04T08:33:07.266,444600344,T0001,OBJ-B,SC-01,normal,70,156,67,180,28,open,
2026-08-04T08:33:07.304,444620816,T0001,OBJ-B,SC-01,normal,70,156,67,180,28,open,
2026-08-04T08:33:07.307,444640268,T0001,OBJ-B,SC-01,normal,70,156,67,180,28,open,
2026-08-04T08:33:07.344,444660756,T0001,OBJ-B,SC-01,normal,70,156,67,180,28,open,
2026-08-04T08:33:07.347,444680212,T0001,OBJ-B,SC-01,normal,70,156,67,180,28,open,
2026-08-04T08:33:07.384,444700680,T0001,OBJ-B,SC-01,normal,70,156,67,180,28,open,
2026-08-04T08:33:07.387,444720152,T0001,OBJ-B,SC-01,normal,70,156,67,180,28,open,
2026-08-04T08:33:07.424,444740620,T0001,OBJ-B,SC-01,normal,70,156,67,180,28,open,
2026-08-04T08:33:07.444,444760080,T0001,OBJ-B,SC-01,normal,70,156,67,180,28,open,
2026-08-04T08:33:07.463,444780560,T0001,OBJ-B,SC-01,normal,70,156,67,180,28,open,
2026-08-04T08:33:07.484,444800024,T0001,OBJ-B,SC-01,normal,70,156,67,180,28,open,
2026-08-04T08:33:07.504,444820504,T0001,OBJ-B,SC-01,normal,70,156,67,180,28,open,
2026-08-04T08:33:07.524,444840972,T0001,OBJ-B,SC-01,normal,70,156,67,180,28,open,
2026-08-04T08:33:07.545,444860428,T0001,OBJ-B,SC-01,normal,70,156,67,180,28,open,
2026-08-04T08:33:07.564,444880916,T0001,OBJ-B,SC-01,normal,70,156,67,180,28,open,
2026-08-04T08:33:07.585,444900368,T0001,OBJ-B,SC-01,normal,70,156,67,180,28,open,
2026-08-04T08:33:07.604,444920856,T0001,OBJ-B,SC-01,normal,70,156,67,180,28,open,
2026-08-04T08:33:07.625,444940312,T0001,OBJ-B,SC-01,normal,70,156,67,180,28,open,
2026-08-04T08:33:07.644,444960784,T0001,OBJ-B,SC-01,normal,70,156,67,180,28,open,
2026-08-04T08:33:07.665,444980236,T0001,OBJ-B,SC-01,normal,70,156,67,180,28,open,
2026-08-04T08:33:07.684,445000740,T0001,OBJ-B,SC-01,normal,70,156,67,180,28,open,
2026-08-04T08:33:07.704,445020180,T0001,OBJ-B,SC-01,normal,70,156,67,180,28,open,
2026-08-04T08:33:07.723,445040660,T0001,OBJ-B,SC-01,normal,70,156,67,180,28,open,
2026-08-04T08:33:07.744,445060120,T0001,OBJ-B,SC-01,normal,70,156,67,180,28,open,
2026-08-04T08:33:07.764,445080600,T0001,OBJ-B,SC-01,normal,70,156,67,180,28,open,
2026-08-04T08:33:07.784,445100044,T0001,OBJ-B,SC-01,normal,70,156,67,180,28,open,
2026-08-04T08:33:07.804,445120528,T0001,OBJ-B,SC-01,normal,70,156,67,180,28,open,
2026-08-04T08:33:07.824,445141016,T0001,OBJ-B,SC-01,normal,70,156,67,180,28,open,
2026-08-04T08:33:07.845,445160468,T0001,OBJ-B,SC-01,normal,70,156,67,180,28,open,
2026-08-04T08:33:07.864,445180940,T0001,OBJ-B,SC-01,normal,70,156,67,180,28,open,
2026-08-04T08:33:07.884,445200396,T0001,OBJ-B,SC-01,normal,70,156,67,180,28,open,
2026-08-04T08:33:07.904,445220884,T0001,OBJ-B,SC-01,normal,70,156,67,180,28,open,
2026-08-04T08:33:07.924,445240340,T0001,OBJ-B,SC-01,normal,70,156,67,180,28,open,
2026-08-04T08:33:07.944,445260808,T0001,OBJ-B,SC-01,normal,70,156,67,180,28,open,
2026-08-04T08:33:07.965,445280280,T0001,OBJ-B,SC-01,normal,70,157,67,180,28,open,
2026-08-04T08:33:07.984,445300760,T0001,OBJ-B,SC-01,normal,70,157,67,180,28,open,
2026-08-04T08:33:08.005,445320208,T0001,OBJ-B,SC-01,normal,70,158,67,180,28,open,
2026-08-04T08:33:08.024,445340688,T0001,OBJ-B,SC-01,normal,70,158,67,180,28,open,
2026-08-04T08:33:08.044,445360160,T0001,OBJ-B,SC-01,normal,70,158,67,180,28,open,
2026-08-04T08:33:08.064,445380632,T0001,OBJ-B,SC-01,normal,70,158,67,180,28,open,
2026-08-04T08:33:08.084,445400092,T0001,OBJ-B,SC-01,normal,70,158,67,180,28,open,
2026-08-04T08:33:08.104,445420556,T0001,OBJ-B,SC-01,normal,70,158,67,180,28,open,
2026-08-04T08:33:08.124,445440008,T0001,OBJ-B,SC-01,normal,70,158,67,180,28,open,
2026-08-04T08:33:08.144,445460492,T0001,OBJ-B,SC-01,normal,70,158,67,180,28,open,
2026-08-04T08:33:08.164,445481252,T0001,OBJ-B,SC-01,normal,70,158,67,180,28,open,
2026-08-04T08:33:08.185,445500444,T0001,OBJ-B,SC-01,normal,70,158,67,180,28,open,
2026-08-04T08:33:08.204,445520916,T0001,OBJ-B,SC-01,normal,70,158,67,180,28,open,
2026-08-04T08:33:08.225,445540364,T0001,OBJ-B,SC-01,normal,70,158,67,180,28,open,
2026-08-04T08:33:08.244,445560864,T0001,OBJ-B,SC-01,normal,70,158,67,180,28,open,
2026-08-04T08:33:08.265,445580304,T0001,OBJ-B,SC-01,normal,70,158,67,180,28,open,
2026-08-04T08:33:08.284,445600796,T0001,OBJ-B,SC-01,normal,70,159,67,180,28,open,
2026-08-04T08:33:08.305,445620244,T0001,OBJ-B,SC-01,normal,70,159,67,180,28,open,
2026-08-04T08:33:08.324,445640724,T0001,OBJ-B,SC-01,normal,70,159,67,180,28,open,
2026-08-04T08:33:08.344,445660184,T0001,OBJ-B,SC-01,normal,70,159,67,180,28,open,
2026-08-04T08:33:08.364,445680652,T0001,OBJ-B,SC-01,normal,70,159,67,180,28,open,
2026-08-04T08:33:08.384,445700120,T0001,OBJ-B,SC-01,normal,70,159,67,180,28,open,
2026-08-04T08:33:08.404,445720608,T0001,OBJ-B,SC-01,normal,70,159,67,180,28,open,
2026-08-04T08:33:08.424,445740400,T0001,OBJ-B,SC-01,normal,70,159,67,180,28,open,
2026-08-04T08:33:08.444,445760908,T0001,OBJ-B,SC-01,normal,70,159,67,180,28,open,
2026-08-04T08:33:08.465,445781004,T0001,OBJ-B,SC-01,normal,70,159,67,180,28,open,
2026-08-04T08:33:08.485,445800476,T0001,OBJ-B,SC-01,normal,70,159,67,180,28,open,
2026-08-04T08:33:08.504,445821276,T0001,OBJ-B,SC-01,normal,70,159,67,180,28,open,
2026-08-04T08:33:08.525,445840660,T0001,OBJ-B,SC-01,normal,70,159,67,180,28,open,
2026-08-04T08:33:08.544,445861076,T0001,OBJ-B,SC-01,normal,70,159,67,180,28,open,
2026-08-04T08:33:08.564,445880340,T0001,OBJ-B,SC-01,normal,70,159,67,180,28,open,
2026-08-04T08:33:08.584,445900820,T0001,OBJ-B,SC-01,normal,70,159,67,180,28,open,
2026-08-04T08:33:08.605,445920280,T0001,OBJ-B,SC-01,normal,70,159,67,180,28,open,
2026-08-04T08:33:08.624,445940760,T0001,OBJ-B,SC-01,normal,70,159,67,180,28,open,
2026-08-04T08:33:08.644,445960204,T0001,OBJ-B,SC-01,normal,70,159,67,180,28,open,
2026-08-04T08:33:08.664,445980688,T0001,OBJ-B,SC-01,normal,70,159,67,180,28,open,
2026-08-04T08:33:08.684,446000148,T0001,OBJ-B,SC-01,normal,70,159,67,180,28,open,
2026-08-04T08:33:08.704,446020628,T0001,OBJ-B,SC-01,normal,70,159,67,180,28,open,
2026-08-04T08:33:08.724,446040088,T0001,OBJ-B,SC-01,normal,70,159,67,180,28,open,
2026-08-04T08:33:08.744,446060552,T0001,OBJ-B,SC-01,normal,70,159,67,180,28,open,
2026-08-04T08:33:08.764,446080016,T0001,OBJ-B,SC-01,normal,70,159,67,180,28,open,
2026-08-04T08:33:08.784,446100496,T0001,OBJ-B,SC-01,normal,70,159,67,180,28,open,
2026-08-04T08:33:08.804,446120980,T0001,OBJ-B,SC-01,normal,70,159,67,180,28,open,
2026-08-04T08:33:08.825,446140436,T0001,OBJ-B,SC-01,normal,70,159,67,180,28,open,
2026-08-04T08:33:08.844,446160916,T0001,OBJ-B,SC-01,normal,70,159,67,180,28,open,
2026-08-04T08:33:08.865,446180376,T0001,OBJ-B,SC-01,normal,70,160,67,180,28,open,
2026-08-04T08:33:08.884,446200840,T0001,OBJ-B,SC-01,normal,70,160,67,180,28,open,
2026-08-04T08:33:08.905,446220300,T0001,OBJ-B,SC-01,normal,70,160,67,180,28,open,
2026-08-04T08:33:08.924,446240784,T0001,OBJ-B,SC-01,normal,70,160,67,180,28,open,
2026-08-04T08:33:08.945,446260244,T0001,OBJ-B,SC-01,normal,70,160,67,180,28,open,
2026-08-04T08:33:08.964,446280724,T0001,OBJ-B,SC-01,normal,70,161,67,180,28,open,
2026-08-04T08:33:08.984,446300184,T0001,OBJ-B,SC-01,normal,70,161,67,180,28,open,
2026-08-04T08:33:09.003,446320664,T0001,OBJ-B,SC-01,normal,70,161,67,180,28,open,
2026-08-04T08:33:09.024,446340108,T0001,OBJ-B,SC-01,normal,70,162,67,180,28,open,
2026-08-04T08:33:09.043,446360588,T0001,OBJ-B,SC-01,normal,70,162,67,180,28,open,
2026-08-04T08:33:09.064,446380048,T0001,OBJ-B,SC-01,normal,70,162,67,180,28,open,
2026-08-04T08:33:09.084,446400532,T0001,OBJ-B,SC-01,normal,70,162,67,180,28,open,
2026-08-04T08:33:09.104,446421012,T0001,OBJ-B,SC-01,normal,70,163,67,180,28,open,
2026-08-04T08:33:09.125,446440472,T0001,OBJ-B,SC-01,normal,70,163,67,180,28,open,
2026-08-04T08:33:09.144,446460952,T0001,OBJ-B,SC-01,normal,70,163,67,180,28,open,
2026-08-04T08:33:09.165,446480400,T0001,OBJ-B,SC-01,normal,70,164,67,180,28,open,
2026-08-04T08:33:09.184,446500876,T0001,OBJ-B,SC-01,normal,70,164,67,180,28,open,
2026-08-04T08:33:09.205,446520336,T0001,OBJ-B,SC-01,normal,70,164,67,180,28,open,
2026-08-04T08:33:09.224,446540816,T0001,OBJ-B,SC-01,normal,70,165,67,180,28,open,
2026-08-04T08:33:09.244,446560276,T0001,OBJ-B,SC-01,normal,70,165,67,180,28,open,
2026-08-04T08:33:09.264,446580756,T0001,OBJ-B,SC-01,normal,70,165,67,180,28,open,
2026-08-04T08:33:09.285,446600216,T0001,OBJ-B,SC-01,normal,70,165,67,180,28,open,
2026-08-04T08:33:09.304,446620696,T0001,OBJ-B,SC-01,normal,70,165,67,180,28,open,
2026-08-04T08:33:09.325,446640140,T0001,OBJ-B,SC-01,normal,70,165,67,180,28,open,
2026-08-04T08:33:09.344,446660620,T0001,OBJ-B,SC-01,normal,70,165,67,180,28,open,
2026-08-04T08:33:09.364,446680084,T0001,OBJ-B,SC-01,normal,70,165,67,180,28,open,
2026-08-04T08:33:09.384,446700564,T0001,OBJ-B,SC-01,normal,70,165,67,180,28,open,
2026-08-04T08:33:09.405,446720024,T0001,OBJ-B,SC-01,normal,70,165,67,180,28,open,
2026-08-04T08:33:09.424,446740500,T0001,OBJ-B,SC-01,normal,70,165,67,180,28,open,
2026-08-04T08:33:09.444,446760984,T0001,OBJ-B,SC-01,normal,70,166,67,180,28,open,
2026-08-04T08:33:09.465,446780444,T0001,OBJ-B,SC-01,normal,70,166,67,180,28,open,
2026-08-04T08:33:09.484,446800908,T0001,OBJ-B,SC-01,normal,70,166,67,180,28,open,
2026-08-04T08:33:09.504,446820368,T0001,OBJ-B,SC-01,normal,70,166,67,180,28,open,
2026-08-04T08:33:09.524,446840848,T0001,OBJ-B,SC-01,normal,70,166,67,180,28,open,
2026-08-04T08:33:09.544,446860308,T0001,OBJ-B,SC-01,normal,70,166,67,180,28,open,
2026-08-04T08:33:09.564,446880792,T0001,OBJ-B,SC-01,normal,70,167,67,180,28,open,
2026-08-04T08:33:09.584,446900232,T0001,OBJ-B,SC-01,normal,70,167,67,180,28,open,
2026-08-04T08:33:09.604,446920716,T0001,OBJ-B,SC-01,normal,70,167,67,180,28,open,
2026-08-04T08:33:09.624,446940176,T0001,OBJ-B,SC-01,normal,70,167,67,180,28,open,
2026-08-04T08:33:09.644,446960656,T0001,OBJ-B,SC-01,normal,70,167,67,180,28,open,
2026-08-04T08:33:09.664,446980116,T0001,OBJ-B,SC-01,normal,70,167,67,180,28,open,
2026-08-04T08:33:09.684,447000596,T0001,OBJ-B,SC-01,normal,70,167,67,180,28,open,
2026-08-04T08:33:09.704,447020040,T0001,OBJ-B,SC-01,normal,70,167,67,180,28,open,
2026-08-04T08:33:09.723,447040524,T0001,OBJ-B,SC-01,normal,70,168,67,180,28,open,
2026-08-04T08:33:09.743,447061004,T0001,OBJ-B,SC-01,normal,70,168,67,180,28,open,
2026-08-04T08:33:09.764,447080464,T0001,OBJ-B,SC-01,normal,70,168,67,180,28,open,
2026-08-04T08:33:09.783,447100944,T0001,OBJ-B,SC-01,normal,70,168,67,180,28,open,
2026-08-04T08:33:09.804,447120404,T0001,OBJ-B,SC-01,normal,70,168,67,180,28,open,
2026-08-04T08:33:09.823,447140884,T0001,OBJ-B,SC-01,normal,70,168,67,180,28,open,
2026-08-04T08:33:09.844,447160344,T0001,OBJ-B,SC-01,normal,70,168,67,180,28,open,
2026-08-04T08:33:09.863,447180824,T0001,OBJ-B,SC-01,normal,70,168,67,180,28,open,
2026-08-04T08:33:09.884,447200268,T0001,OBJ-B,SC-01,normal,70,168,67,180,28,open,
2026-08-04T08:33:09.904,447220748,T0001,OBJ-B,SC-01,normal,70,169,67,180,28,open,
2026-08-04T08:33:09.924,447240212,T0001,OBJ-B,SC-01,normal,70,169,67,180,28,open,
2026-08-04T08:33:09.944,447260692,T0001,OBJ-B,SC-01,normal,70,169,67,180,28,open,
2026-08-04T08:33:09.965,447280152,T0001,OBJ-B,SC-01,normal,70,169,67,180,28,open,
2026-08-04T08:33:09.984,447300620,T0001,OBJ-B,SC-01,normal,70,169,67,180,28,open,
2026-08-04T08:33:10.004,447320080,T0001,OBJ-B,SC-01,normal,70,170,67,180,28,open,
2026-08-04T08:33:10.024,447340560,T0001,OBJ-B,SC-01,normal,70,170,67,180,28,open,
2026-08-04T08:33:10.044,447360016,T0001,OBJ-B,SC-01,normal,70,170,67,180,28,open,
2026-08-04T08:33:10.064,447380500,T0001,OBJ-B,SC-01,normal,70,170,67,180,28,open,
2026-08-04T08:33:10.084,447400984,T0001,OBJ-B,SC-01,normal,70,170,67,180,28,open,
2026-08-04T08:33:10.105,447420424,T0001,OBJ-B,SC-01,normal,70,170,67,180,28,open,
2026-08-04T08:33:10.124,447440908,T0001,OBJ-B,SC-01,normal,70,170,67,180,28,open,
2026-08-04T08:33:10.145,447460368,T0001,OBJ-B,SC-01,normal,70,170,67,180,28,open,
2026-08-04T08:33:10.164,447480852,T0001,OBJ-B,SC-01,normal,70,170,67,180,28,open,
2026-08-04T08:33:10.184,447500312,T0001,OBJ-B,SC-01,normal,70,170,67,180,28,open,
2026-08-04T08:33:10.204,447520776,T0001,OBJ-B,SC-01,normal,70,171,67,180,28,open,
2026-08-04T08:33:10.224,447540240,T0001,OBJ-B,SC-01,normal,70,171,67,180,28,open,
2026-08-04T08:33:10.244,447560720,T0001,OBJ-B,SC-01,normal,70,171,67,180,28,open,
2026-08-04T08:33:10.264,447580180,T0001,OBJ-B,SC-01,normal,70,171,67,180,28,open,
2026-08-04T08:33:10.284,447600664,T0001,OBJ-B,SC-01,normal,70,171,67,180,28,open,
2026-08-04T08:33:10.305,447620124,T0001,OBJ-B,SC-01,normal,70,171,67,180,28,open,
2026-08-04T08:33:10.324,447640588,T0001,OBJ-B,SC-01,normal,70,171,67,180,28,open,
2026-08-04T08:33:10.344,447660044,T0001,OBJ-B,SC-01,normal,70,171,67,180,28,open,
2026-08-04T08:33:10.364,447680532,T0001,OBJ-B,SC-01,normal,70,171,67,180,28,open,
2026-08-04T08:33:10.384,447701012,T0001,OBJ-B,SC-01,normal,70,171,67,180,28,open,
2026-08-04T08:33:10.405,447720456,T0001,OBJ-B,SC-01,normal,70,171,67,180,28,open,
2026-08-04T08:33:10.424,447740940,T0001,OBJ-B,SC-01,normal,70,171,67,180,28,open,
2026-08-04T08:33:10.445,447760400,T0001,OBJ-B,SC-01,normal,70,171,67,180,28,open,
2026-08-04T08:33:10.464,447780884,T0001,OBJ-B,SC-01,normal,70,171,67,180,28,open,
2026-08-04T08:33:10.484,447800344,T0001,OBJ-B,SC-01,normal,70,171,67,180,28,open,
2026-08-04T08:33:10.504,447820824,T0001,OBJ-B,SC-01,normal,70,171,67,180,28,open,
2026-08-04T08:33:10.525,447840268,T0001,OBJ-B,SC-01,normal,70,171,67,180,28,open,
2026-08-04T08:33:10.544,447860752,T0001,OBJ-B,SC-01,normal,70,171,67,180,28,open,
2026-08-04T08:33:10.565,447880212,T0001,OBJ-B,SC-01,normal,70,171,67,180,28,open,
2026-08-04T08:33:10.584,447900696,T0001,OBJ-B,SC-01,normal,70,171,67,180,28,open,
2026-08-04T08:33:10.605,447920176,T0001,OBJ-B,SC-01,normal,70,171,67,180,28,open,
2026-08-04T08:33:10.624,447940624,T0001,OBJ-B,SC-01,normal,70,171,67,180,28,open,
2026-08-04T08:33:10.644,447960076,T0001,OBJ-B,SC-01,normal,70,171,67,180,28,open,
2026-08-04T08:33:10.664,447980568,T0001,OBJ-B,SC-01,normal,70,171,67,180,28,open,
2026-08-04T08:33:10.684,448000024,T0001,OBJ-B,SC-01,normal,70,171,67,180,28,open,
2026-08-04T08:33:10.704,448020492,T0001,OBJ-B,SC-01,normal,70,171,67,180,28,open,
2026-08-04T08:33:10.724,448040968,T0001,OBJ-B,SC-01,normal,70,171,67,180,28,open,
2026-08-04T08:33:10.745,448060428,T0001,OBJ-B,SC-01,normal,70,171,67,180,28,open,
2026-08-04T08:33:10.764,448080908,T0001,OBJ-B,SC-01,normal,70,171,67,180,28,open,
2026-08-04T08:33:10.785,448100368,T0001,OBJ-B,SC-01,normal,70,171,67,180,28,open,
2026-08-04T08:33:10.804,448120852,T0001,OBJ-B,SC-01,normal,70,171,67,180,28,open,
2026-08-04T08:33:10.825,448140312,T0001,OBJ-B,SC-01,normal,70,171,67,180,28,open,
2026-08-04T08:33:10.844,448160792,T0001,OBJ-B,SC-01,normal,70,171,67,180,28,open,
2026-08-04T08:33:10.864,448180236,T0001,OBJ-B,SC-01,normal,70,171,67,180,28,open,
2026-08-04T08:33:10.884,448200716,T0001,OBJ-B,SC-01,normal,70,171,67,180,28,open,
2026-08-04T08:33:10.904,448220188,T0001,OBJ-B,SC-01,normal,70,171,67,180,28,open,
2026-08-04T08:33:10.924,448240656,T0001,OBJ-B,SC-01,normal,70,171,67,180,28,open,
2026-08-04T08:33:10.945,448260108,T0001,OBJ-B,SC-01,normal,70,171,67,180,28,open,
2026-08-04T08:33:10.964,448280596,T0001,OBJ-B,SC-01,normal,70,171,67,180,28,open,
2026-08-04T08:33:10.984,448300052,T0001,OBJ-B,SC-01,normal,70,171,67,180,28,open,
2026-08-04T08:33:11.004,448320540,T0001,OBJ-B,SC-01,normal,70,171,67,180,28,open,
2026-08-04T08:33:11.025,448341016,T0001,OBJ-B,SC-01,normal,70,171,67,180,28,open,
2026-08-04T08:33:11.045,448360460,T0001,OBJ-B,SC-01,normal,70,171,67,180,28,open,
2026-08-04T08:33:11.064,448380940,T0001,OBJ-B,SC-01,normal,70,171,67,180,28,open,
2026-08-04T08:33:11.084,448400400,T0001,OBJ-B,SC-01,normal,70,171,67,180,28,open,
2026-08-04T08:33:11.103,448420880,T0001,OBJ-B,SC-01,normal,70,171,67,180,28,open,
2026-08-04T08:33:11.124,448440340,T0001,OBJ-B,SC-01,normal,70,171,67,180,28,open,
2026-08-04T08:33:11.144,448460820,T0001,OBJ-B,SC-01,normal,70,171,67,180,28,open,
2026-08-04T08:33:11.165,448480280,T0001,OBJ-B,SC-01,normal,70,171,67,180,28,open,
2026-08-04T08:33:11.184,448500760,T0001,OBJ-B,SC-01,normal,70,171,67,180,28,open,
2026-08-04T08:33:11.204,448520216,T0001,OBJ-B,SC-01,normal,70,171,67,180,28,open,
2026-08-04T08:33:11.224,448540684,T0001,OBJ-B,SC-01,normal,70,171,67,180,28,open,
2026-08-04T08:33:11.244,448560136,T0001,OBJ-B,SC-01,normal,70,171,67,180,28,open,
2026-08-04T08:33:11.264,448580624,T0001,OBJ-B,SC-01,normal,70,171,67,180,28,open,
2026-08-04T08:33:11.284,448600080,T0001,OBJ-B,SC-01,normal,70,171,67,180,28,open,
2026-08-04T08:33:11.303,448620564,T0001,OBJ-B,SC-01,normal,70,171,67,180,28,open,
2026-08-04T08:33:11.324,448640020,T0001,OBJ-B,SC-01,normal,70,171,67,180,28,open,
2026-08-04T08:33:11.344,448660504,T0001,OBJ-B,SC-01,normal,70,171,67,180,28,open,
2026-08-04T08:33:11.364,448680984,T0001,OBJ-B,SC-01,normal,70,171,67,180,28,open,
2026-08-04T08:33:11.385,448700424,T0001,OBJ-B,SC-01,normal,70,171,67,180,28,open,
2026-08-04T08:33:11.404,448720908,T0001,OBJ-B,SC-01,normal,70,171,67,180,28,open,
2026-08-04T08:33:11.425,448740368,T0001,OBJ-B,SC-01,normal,70,171,67,180,28,open,
2026-08-04T08:33:11.444,448760848,T0001,OBJ-B,SC-01,normal,70,171,67,180,28,open,
2026-08-04T08:33:11.465,448780324,T0001,OBJ-B,SC-01,normal,70,171,67,180,28,open,
2026-08-04T08:33:11.484,448800788,T0001,OBJ-B,SC-01,normal,70,171,67,180,28,open,
2026-08-04T08:33:11.504,448820244,T0001,OBJ-B,SC-01,normal,70,171,67,180,28,open,
2026-08-04T08:33:11.523,448840728,T0001,OBJ-B,SC-01,normal,70,171,67,180,28,open,
2026-08-04T08:33:11.544,448860184,T0001,OBJ-B,SC-01,normal,70,171,67,180,28,open,
2026-08-04T08:33:11.563,448880652,T0001,OBJ-B,SC-01,normal,70,171,67,179,28,open,
2026-08-04T08:33:11.584,448900108,T0001,OBJ-B,SC-01,normal,70,171,67,179,28,open,
2026-08-04T08:33:11.604,448920596,T0001,OBJ-B,SC-01,normal,70,171,67,178,28,open,
2026-08-04T08:33:11.624,448940052,T0001,OBJ-B,SC-01,normal,70,171,67,178,28,open,
2026-08-04T08:33:11.644,448960520,T0001,OBJ-B,SC-01,normal,70,171,67,177,28,open,
2026-08-04T08:33:11.664,448981000,T0001,OBJ-B,SC-01,normal,70,171,67,177,28,open,
2026-08-04T08:33:11.685,449000460,T0001,OBJ-B,SC-01,normal,70,171,67,176,28,open,
2026-08-04T08:33:11.704,449020944,T0001,OBJ-B,SC-01,normal,70,171,67,176,28,open,
2026-08-04T08:33:11.725,449040404,T0001,OBJ-B,SC-01,normal,70,171,67,175,28,open,
2026-08-04T08:33:11.744,449060884,T0001,OBJ-B,SC-01,normal,70,171,67,175,28,open,
2026-08-04T08:33:11.765,449080336,T0001,OBJ-B,SC-01,normal,70,171,67,175,28,open,
2026-08-04T08:33:11.784,449100824,T0001,OBJ-B,SC-01,normal,70,171,67,175,28,open,
2026-08-04T08:33:11.804,449120280,T0001,OBJ-B,SC-01,normal,70,171,67,175,28,open,
2026-08-04T08:33:11.824,449140748,T0001,OBJ-B,SC-01,normal,70,171,67,174,28,open,
2026-08-04T08:33:11.844,449160204,T0001,OBJ-B,SC-01,normal,70,171,67,174,28,open,
2026-08-04T08:33:11.864,449180688,T0001,OBJ-B,SC-01,normal,70,171,67,174,28,open,
2026-08-04T08:33:11.884,449200144,T0001,OBJ-B,SC-01,normal,70,171,67,174,28,open,
2026-08-04T08:33:11.904,449220632,T0001,OBJ-B,SC-01,normal,70,171,67,174,28,open,
2026-08-04T08:33:11.924,449240088,T0001,OBJ-B,SC-01,normal,70,171,67,174,28,open,
2026-08-04T08:33:11.944,449260556,T0001,OBJ-B,SC-01,normal,70,171,67,174,28,open,
2026-08-04T08:33:11.964,449280012,T0001,OBJ-B,SC-01,normal,70,171,67,174,28,open,
2026-08-04T08:33:11.985,449300496,T0001,OBJ-B,SC-01,normal,70,171,67,174,28,open,
2026-08-04T08:33:12.005,449320976,T0001,OBJ-B,SC-01,normal,70,171,67,174,28,open,
2026-08-04T08:33:12.025,449340436,T0001,OBJ-B,SC-01,normal,70,171,67,174,28,open,
2026-08-04T08:33:12.045,449360920,T0001,OBJ-B,SC-01,normal,70,171,67,175,28,open,
2026-08-04T08:33:12.064,449380372,T0001,OBJ-B,SC-01,normal,70,171,67,175,28,open,
2026-08-04T08:33:12.085,449400844,T0001,OBJ-B,SC-01,normal,70,171,67,176,28,open,
2026-08-04T08:33:12.105,449420300,T0001,OBJ-B,SC-01,normal,70,171,67,177,28,open,
2026-08-04T08:33:12.125,449440788,T0001,OBJ-B,SC-01,normal,70,171,67,178,28,open,
2026-08-04T08:33:12.145,449460244,T0001,OBJ-B,SC-01,normal,70,171,67,179,28,open,
2026-08-04T08:33:12.165,449480732,T0001,OBJ-B,SC-01,normal,70,171,67,180,28,open,
2026-08-04T08:33:12.185,449500184,T0001,OBJ-B,SC-01,normal,70,171,67,180,28,open,
2026-08-04T08:33:12.205,449520656,T0001,OBJ-B,SC-01,normal,70,171,67,180,28,open,
2026-08-04T08:33:12.225,449540108,T0001,OBJ-B,SC-01,normal,70,171,67,180,28,open,
2026-08-04T08:33:12.246,449560596,T0001,OBJ-B,SC-01,normal,70,171,67,180,28,open,
2026-08-04T08:33:12.265,449580052,T0001,OBJ-B,SC-01,normal,70,171,67,180,28,open,
2026-08-04T08:33:12.285,449600524,T0001,OBJ-B,SC-01,normal,70,171,67,180,28,open,
2026-08-04T08:33:12.306,449621004,T0001,OBJ-B,SC-01,normal,70,171,67,180,28,open,
2026-08-04T08:33:12.326,449640496,T0001,OBJ-B,SC-01,normal,70,171,67,180,28,open,
2026-08-04T08:33:12.346,449660944,T0001,OBJ-B,SC-01,normal,70,171,67,180,28,open,
2026-08-04T08:33:12.366,449680396,T0001,OBJ-B,SC-01,normal,70,171,67,180,28,open,
2026-08-04T08:33:12.386,449700884,T0001,OBJ-B,SC-01,normal,70,171,67,180,28,open,
2026-08-04T08:33:12.406,449720336,T0001,OBJ-B,SC-01,normal,70,171,67,180,28,open,
2026-08-04T08:33:12.426,449740824,T0001,OBJ-B,SC-01,normal,70,171,67,180,28,open,
2026-08-04T08:33:12.446,449760276,T0001,OBJ-B,SC-01,normal,70,171,67,180,28,open,
2026-08-04T08:33:12.467,449780748,T0001,OBJ-B,SC-01,normal,70,171,67,180,28,open,
2026-08-04T08:33:12.486,449800200,T0001,OBJ-B,SC-01,normal,70,171,67,180,28,open,
2026-08-04T08:33:12.524,449820688,T0001,OBJ-B,SC-01,normal,70,171,67,180,28,open,
2026-08-04T08:33:12.526,449840144,T0001,OBJ-B,SC-01,normal,70,171,67,180,28,open,
2026-08-04T08:33:12.564,449860632,T0001,OBJ-B,SC-01,normal,70,171,67,180,28,open,
2026-08-04T08:33:12.566,449880088,T0001,OBJ-B,SC-01,normal,70,171,67,180,28,open,
2026-08-04T08:33:12.605,449900556,T0001,OBJ-B,SC-01,normal,70,171,67,180,28,open,
2026-08-04T08:33:12.606,449920012,T0001,OBJ-B,SC-01,normal,70,171,67,180,28,open,
2026-08-04T08:33:12.644,449940492,T0001,OBJ-B,SC-01,normal,70,171,67,180,28,open,
2026-08-04T08:33:12.648,449960980,T0001,OBJ-B,SC-01,normal,70,171,67,180,28,open,
2026-08-04T08:33:12.667,449980432,T0001,OBJ-B,SC-01,normal,70,171,67,180,28,open,
2026-08-04T08:33:12.705,450000924,T0001,OBJ-B,SC-01,normal,70,171,67,180,28,open,
2026-08-04T08:33:12.707,450020376,T0001,OBJ-B,SC-01,normal,70,171,67,180,28,open,
2026-08-04T08:33:12.745,450040848,T0001,OBJ-B,SC-01,normal,70,171,67,180,28,open,
2026-08-04T08:33:12.747,450060304,T0001,OBJ-B,SC-01,normal,70,171,67,180,28,open,
2026-08-04T08:33:12.785,450080792,T0001,OBJ-B,SC-01,normal,70,171,67,180,28,open,
2026-08-04T08:33:12.787,450100244,T0001,OBJ-B,SC-01,normal,70,171,67,180,28,open,
2026-08-04T08:33:12.825,450120716,T0001,OBJ-B,SC-01,normal,70,171,67,180,28,open,
2026-08-04T08:33:12.827,450140172,T0001,OBJ-B,SC-01,normal,70,171,67,180,28,open,
2026-08-04T08:33:12.864,450160660,T0001,OBJ-B,SC-01,normal,70,171,67,180,28,open,
2026-08-04T08:33:12.867,450180112,T0001,OBJ-B,SC-01,normal,70,171,67,180,28,open,
2026-08-04T08:33:12.904,450200584,T0001,OBJ-B,SC-01,normal,70,171,67,180,28,open,
2026-08-04T08:33:12.908,450220060,T0001,OBJ-B,SC-01,normal,70,171,67,180,28,open,
2026-08-04T08:33:12.944,450240524,T0001,OBJ-B,SC-01,normal,70,171,67,180,28,open,
2026-08-04T08:33:12.965,450261012,T0001,OBJ-B,SC-01,normal,70,171,67,180,28,open,
2026-08-04T08:33:12.968,450280468,T0001,OBJ-B,SC-01,normal,70,171,67,180,28,open,
2026-08-04T08:33:13.005,450300936,T0001,OBJ-B,SC-01,normal,70,171,67,180,28,open,
2026-08-04T08:33:13.024,450320392,T0001,OBJ-B,SC-01,normal,70,171,67,180,28,open,
2026-08-04T08:33:13.044,450340884,T0001,OBJ-B,SC-01,normal,70,171,67,178,28,open,
2026-08-04T08:33:13.064,450360336,T0001,OBJ-B,SC-01,normal,70,171,67,177,28,open,
2026-08-04T08:33:13.084,450380828,T0001,OBJ-B,SC-01,normal,70,171,67,175,28,open,
2026-08-04T08:33:13.104,450400280,T0001,OBJ-B,SC-01,normal,70,171,67,174,28,open,
2026-08-04T08:33:13.124,450420752,T0001,OBJ-B,SC-01,normal,70,171,67,173,28,open,
2026-08-04T08:33:13.144,450440208,T0001,OBJ-B,SC-01,normal,70,171,67,171,28,open,
2026-08-04T08:33:13.165,450460696,T0001,OBJ-B,SC-01,normal,70,171,67,170,28,open,
2026-08-04T08:33:13.184,450480152,T0001,OBJ-B,SC-01,normal,70,171,67,169,28,open,
2026-08-04T08:33:13.204,450500640,T0001,OBJ-B,SC-01,normal,70,171,67,168,28,open,
2026-08-04T08:33:13.224,450520080,T0001,OBJ-B,SC-01,normal,70,171,67,167,28,open,
2026-08-04T08:33:13.244,450540564,T0001,OBJ-B,SC-01,normal,70,171,67,166,28,open,
2026-08-04T08:33:13.264,450560008,T0001,OBJ-B,SC-01,normal,70,171,67,164,28,open,
2026-08-04T08:33:13.285,450580504,T0001,OBJ-B,SC-01,normal,70,171,67,162,28,open,
2026-08-04T08:33:13.305,450600972,T0001,OBJ-B,SC-01,normal,70,171,67,162,28,open,
2026-08-04T08:33:13.324,450620440,T0001,OBJ-B,SC-01,normal,70,171,67,162,28,open,
2026-08-04T08:33:13.345,450640912,T0001,OBJ-B,SC-01,normal,70,171,67,162,28,open,
2026-08-04T08:33:13.364,450660364,T0001,OBJ-B,SC-01,normal,70,171,67,162,28,open,
2026-08-04T08:33:13.385,450680864,T0001,OBJ-B,SC-01,normal,70,171,67,162,28,open,
2026-08-04T08:33:13.403,450700304,T0001,OBJ-B,SC-01,normal,70,171,67,162,28,open,
2026-08-04T08:33:13.424,450720800,T0001,OBJ-B,SC-01,normal,70,171,67,162,28,open,
2026-08-04T08:33:13.444,450740248,T0001,OBJ-B,SC-01,normal,70,171,67,162,28,open,
2026-08-04T08:33:13.465,450760728,T0001,OBJ-B,SC-01,normal,70,171,67,162,28,open,
2026-08-04T08:33:13.484,450780172,T0001,OBJ-B,SC-01,normal,70,171,67,162,28,open,
2026-08-04T08:33:13.504,450800684,T0001,OBJ-B,SC-01,normal,70,171,67,161,28,open,
2026-08-04T08:33:13.524,450820112,T0001,OBJ-B,SC-01,normal,70,171,67,160,28,open,
2026-08-04T08:33:13.544,450840588,T0001,OBJ-B,SC-01,normal,70,171,67,158,28,open,
2026-08-04T08:33:13.564,450860052,T0001,OBJ-B,SC-01,normal,70,171,67,157,28,open,
2026-08-04T08:33:13.584,450880544,T0001,OBJ-B,SC-01,normal,70,171,67,155,28,open,
2026-08-04T08:33:13.605,450901016,T0001,OBJ-B,SC-01,normal,70,171,67,153,28,open,
2026-08-04T08:33:13.624,450920464,T0001,OBJ-B,SC-01,normal,70,171,67,152,28,open,
2026-08-04T08:33:13.645,450940944,T0001,OBJ-B,SC-01,normal,70,171,67,151,28,open,
2026-08-04T08:33:13.664,450960400,T0001,OBJ-B,SC-01,normal,70,171,67,150,28,open,
2026-08-04T08:33:13.685,450980888,T0001,OBJ-B,SC-01,normal,70,171,67,149,28,open,
2026-08-04T08:33:13.704,451000340,T0001,OBJ-B,SC-01,normal,70,171,67,148,28,open,
2026-08-04T08:33:13.725,451021072,T0001,OBJ-B,SC-01,normal,70,171,67,146,28,open,
2026-08-04T08:33:13.744,451040280,T0001,OBJ-B,SC-01,normal,70,171,67,146,28,open,
2026-08-04T08:33:13.765,451060820,T0001,OBJ-B,SC-01,normal,70,171,67,144,28,open,
2026-08-04T08:33:13.784,451080220,T0001,OBJ-B,SC-01,normal,70,171,67,144,28,open,
2026-08-04T08:33:13.804,451100796,T0001,OBJ-B,SC-01,normal,70,171,67,142,28,open,
2026-08-04T08:33:13.824,451120144,T0001,OBJ-B,SC-01,normal,70,171,67,142,28,open,
2026-08-04T08:33:13.844,451140628,T0001,OBJ-B,SC-01,normal,70,171,67,140,28,open,
2026-08-04T08:33:13.864,451160088,T0001,OBJ-B,SC-01,normal,70,171,67,140,28,open,
2026-08-04T08:33:13.884,451180552,T0001,OBJ-B,SC-01,normal,70,171,67,139,28,open,
2026-08-04T08:33:13.904,451200016,T0001,OBJ-B,SC-01,normal,70,171,67,139,28,open,
2026-08-04T08:33:13.925,451220496,T0001,OBJ-B,SC-01,normal,70,171,67,139,28,open,
2026-08-04T08:33:13.945,451240980,T0001,OBJ-B,SC-01,normal,70,171,67,139,28,open,
2026-08-04T08:33:13.964,451260444,T0001,OBJ-B,SC-01,normal,70,171,67,139,28,open,
2026-08-04T08:33:13.985,451280920,T0001,OBJ-B,SC-01,normal,70,171,67,139,28,open,
2026-08-04T08:33:14.003,451300516,T0001,OBJ-B,SC-01,normal,70,171,67,139,28,open,
2026-08-04T08:33:14.024,451320844,T0001,OBJ-B,SC-01,normal,70,171,67,139,28,open,
2026-08-04T08:33:14.044,451340336,T0001,OBJ-B,SC-01,normal,70,171,67,139,28,open,
2026-08-04T08:33:14.064,451360804,T0001,OBJ-B,SC-01,normal,70,171,67,139,28,open,
2026-08-04T08:33:14.084,451380240,T0001,OBJ-B,SC-01,normal,70,171,67,139,28,open,
2026-08-04T08:33:14.105,451400720,T0001,OBJ-B,SC-01,normal,70,171,67,138,28,open,
2026-08-04T08:33:14.124,451420180,T0001,OBJ-B,SC-01,normal,70,171,67,137,28,open,
2026-08-04T08:33:14.145,451440660,T0001,OBJ-B,SC-01,normal,70,171,67,135,28,open,
2026-08-04T08:33:14.164,451460120,T0001,OBJ-B,SC-01,normal,70,171,67,133,28,open,
2026-08-04T08:33:14.184,451480584,T0001,OBJ-B,SC-01,normal,70,171,67,130,28,open,
2026-08-04T08:33:14.204,451500048,T0001,OBJ-B,SC-01,normal,70,171,67,128,28,open,
2026-08-04T08:33:14.224,451520528,T0001,OBJ-B,SC-01,normal,70,171,67,126,28,open,
2026-08-04T08:33:14.244,451541016,T0001,OBJ-B,SC-01,normal,70,171,67,125,28,open,
2026-08-04T08:33:14.264,451560472,T0001,OBJ-B,SC-01,normal,70,171,67,124,28,open,
2026-08-04T08:33:14.285,451580940,T0001,OBJ-B,SC-01,normal,70,171,67,123,28,open,
2026-08-04T08:33:14.304,451600396,T0001,OBJ-B,SC-01,normal,70,171,67,123,28,open,
2026-08-04T08:33:14.325,451620884,T0001,OBJ-B,SC-01,normal,70,171,67,123,28,open,
2026-08-04T08:33:14.344,451640336,T0001,OBJ-B,SC-01,normal,70,171,67,122,28,open,
2026-08-04T08:33:14.365,451660844,T0001,OBJ-B,SC-01,normal,70,171,67,123,28,open,
2026-08-04T08:33:14.384,451680276,T0001,OBJ-B,SC-01,normal,70,171,67,123,28,open,
2026-08-04T08:33:14.404,451700760,T0001,OBJ-B,SC-01,normal,70,171,67,123,28,open,
2026-08-04T08:33:14.424,451720204,T0001,OBJ-B,SC-01,normal,70,171,67,123,28,open,
2026-08-04T08:33:14.444,451740684,T0001,OBJ-B,SC-01,normal,70,171,67,123,28,open,
2026-08-04T08:33:14.464,451760144,T0001,OBJ-B,SC-01,normal,70,171,67,123,28,open,
2026-08-04T08:33:14.485,451780628,T0001,OBJ-B,SC-01,normal,70,171,67,123,28,open,
2026-08-04T08:33:14.504,451800088,T0001,OBJ-B,SC-01,normal,70,171,67,122,28,open,
2026-08-04T08:33:14.524,451820568,T0001,OBJ-B,SC-01,normal,70,171,67,122,28,open,
2026-08-04T08:33:14.544,451840012,T0001,OBJ-B,SC-01,normal,70,171,67,120,28,open,
2026-08-04T08:33:14.564,451860492,T0001,OBJ-B,SC-01,normal,70,171,67,119,28,open,
2026-08-04T08:33:14.585,451880980,T0001,OBJ-B,SC-01,normal,70,171,67,117,28,open,
2026-08-04T08:33:14.604,451900432,T0001,OBJ-B,SC-01,normal,70,171,67,115,28,open,
2026-08-04T08:33:14.625,451920920,T0001,OBJ-B,SC-01,normal,70,171,67,114,28,open,
2026-08-04T08:33:14.644,451940376,T0001,OBJ-B,SC-01,normal,70,171,67,113,28,open,
2026-08-04T08:33:14.665,451960856,T0001,OBJ-B,SC-01,normal,70,171,67,112,28,open,
2026-08-04T08:33:14.684,451980300,T0001,OBJ-B,SC-01,normal,70,171,67,111,28,open,
2026-08-04T08:33:14.704,452000784,T0001,OBJ-B,SC-01,normal,70,171,67,110,28,open,
2026-08-04T08:33:14.724,452020244,T0001,OBJ-B,SC-01,normal,70,171,67,109,28,open,
2026-08-04T08:33:14.744,452040724,T0001,OBJ-B,SC-01,normal,70,171,67,109,28,open,
2026-08-04T08:33:14.764,452060184,T0001,OBJ-B,SC-01,normal,70,171,67,109,28,open,
2026-08-04T08:33:14.785,452080648,T0001,OBJ-B,SC-01,normal,70,171,67,109,28,open,
2026-08-04T08:33:14.804,452100108,T0001,OBJ-B,SC-01,normal,70,171,67,109,28,open,
2026-08-04T08:33:14.824,452120592,T0001,OBJ-B,SC-01,normal,70,171,67,109,28,open,
2026-08-04T08:33:14.844,452140052,T0001,OBJ-B,SC-01,normal,70,171,67,109,28,open,
2026-08-04T08:33:14.864,452160532,T0001,OBJ-B,SC-01,normal,70,171,67,109,28,open,
2026-08-04T08:33:14.885,452181004,T0001,OBJ-B,SC-01,normal,70,171,67,109,28,open,
2026-08-04T08:33:14.904,452200460,T0001,OBJ-B,SC-01,normal,70,171,67,109,28,open,
2026-08-04T08:33:14.925,452220960,T0001,OBJ-B,SC-01,normal,70,171,67,109,28,open,
2026-08-04T08:33:14.944,452240396,T0001,OBJ-B,SC-01,normal,70,171,67,109,28,open,
2026-08-04T08:33:14.965,452260876,T0001,OBJ-B,SC-01,normal,70,171,67,109,28,open,
2026-08-04T08:33:14.984,452280336,T0001,OBJ-B,SC-01,normal,70,171,67,109,28,open,
2026-08-04T08:33:15.004,452300816,T0001,OBJ-B,SC-01,normal,70,171,67,109,28,open,
2026-08-04T08:33:15.024,452320276,T0001,OBJ-B,SC-01,normal,70,171,67,109,28,open,
2026-08-04T08:33:15.045,452340756,T0001,OBJ-B,SC-01,normal,70,171,67,108,28,open,
2026-08-04T08:33:15.064,452360220,T0001,OBJ-B,SC-01,normal,70,171,67,107,28,open,
2026-08-04T08:33:15.084,452380680,T0001,OBJ-B,SC-01,normal,70,171,67,106,28,open,
2026-08-04T08:33:15.104,452400144,T0001,OBJ-B,SC-01,normal,70,171,67,105,28,open,
2026-08-04T08:33:15.124,452420624,T0001,OBJ-B,SC-01,normal,70,171,67,103,28,open,
2026-08-04T08:33:15.144,452440084,T0001,OBJ-B,SC-01,normal,70,171,67,102,28,open,
2026-08-04T08:33:15.164,452460564,T0001,OBJ-B,SC-01,normal,70,171,67,102,28,open,
2026-08-04T08:33:15.184,452480024,T0001,OBJ-B,SC-01,normal,70,171,67,101,28,open,
2026-08-04T08:33:15.204,452500504,T0001,OBJ-B,SC-01,normal,70,171,67,101,28,open,
2026-08-04T08:33:15.225,452521008,T0001,OBJ-B,SC-01,normal,70,171,67,100,28,open,
2026-08-04T08:33:15.244,452540428,T0001,OBJ-B,SC-01,normal,70,171,67,100,28,open,
2026-08-04T08:33:15.265,452560908,T0001,OBJ-B,SC-01,normal,70,171,67,100,28,open,
2026-08-04T08:33:15.284,452580368,T0001,OBJ-B,SC-01,normal,70,171,67,100,28,open,
2026-08-04T08:33:15.305,452600852,T0001,OBJ-B,SC-01,normal,70,171,67,100,28,open,
2026-08-04T08:33:15.324,452620312,T0001,OBJ-B,SC-01,normal,70,171,67,100,28,open,
2026-08-04T08:33:15.345,452640792,T0001,OBJ-B,SC-01,normal,70,171,67,100,28,open,
2026-08-04T08:33:15.364,452660236,T0001,OBJ-B,SC-01,normal,70,171,67,100,28,open,
2026-08-04T08:33:15.384,452680716,T0001,OBJ-B,SC-01,normal,70,171,67,100,28,open,
2026-08-04T08:33:15.404,452700176,T0001,OBJ-B,SC-01,normal,70,171,67,100,28,open,
2026-08-04T08:33:15.424,452720660,T0001,OBJ-B,SC-01,normal,70,171,67,100,28,open,
2026-08-04T08:33:15.444,452740116,T0001,OBJ-B,SC-01,normal,70,171,67,100,28,open,
2026-08-04T08:33:15.464,452760588,T0001,OBJ-B,SC-01,normal,70,171,67,99,28,open,
2026-08-04T08:33:15.484,452780056,T0001,OBJ-B,SC-01,normal,70,171,67,98,28,open,
2026-08-04T08:33:15.504,452800524,T0001,OBJ-B,SC-01,normal,70,171,67,97,28,open,
2026-08-04T08:33:15.525,452821012,T0001,OBJ-B,SC-01,normal,70,171,67,96,28,open,
2026-08-04T08:33:15.544,452840460,T0001,OBJ-B,SC-01,normal,70,171,67,95,28,open,
2026-08-04T08:33:15.565,452860948,T0001,OBJ-B,SC-01,normal,70,171,67,95,28,open,
2026-08-04T08:33:15.585,452880396,T0001,OBJ-B,SC-01,normal,70,171,67,95,28,open,
2026-08-04T08:33:15.605,452900884,T0001,OBJ-B,SC-01,normal,70,171,67,94,28,open,
2026-08-04T08:33:15.623,452920332,T0001,OBJ-B,SC-01,normal,70,171,67,94,28,open,
2026-08-04T08:33:15.644,452940816,T0001,OBJ-B,SC-01,normal,70,171,67,94,28,open,
2026-08-04T08:33:15.664,452960284,T0001,OBJ-B,SC-01,normal,70,171,67,94,28,open,
2026-08-04T08:33:15.685,452980752,T0001,OBJ-B,SC-01,normal,70,171,67,94,28,open,
2026-08-04T08:33:15.704,453000220,T0001,OBJ-B,SC-01,normal,70,171,67,94,28,open,
2026-08-04T08:33:15.724,453020688,T0001,OBJ-B,SC-01,normal,70,171,67,94,28,open,
2026-08-04T08:33:15.744,453040156,T0001,OBJ-B,SC-01,normal,70,171,67,94,28,open,
2026-08-04T08:33:15.764,453060624,T0001,OBJ-B,SC-01,normal,70,171,67,94,28,open,
2026-08-04T08:33:15.784,453080092,T0001,OBJ-B,SC-01,normal,70,171,67,94,28,open,
2026-08-04T08:33:15.804,453100560,T0001,OBJ-B,SC-01,normal,70,171,67,94,28,open,
2026-08-04T08:33:15.824,453120008,T0001,OBJ-B,SC-01,normal,70,171,67,94,28,open,
2026-08-04T08:33:15.844,453140492,T0001,OBJ-B,SC-01,normal,70,171,67,94,28,open,
2026-08-04T08:33:15.865,453160980,T0001,OBJ-B,SC-01,normal,70,171,67,94,28,open,
2026-08-04T08:33:15.884,453180428,T0001,OBJ-B,SC-01,normal,70,171,67,93,28,open,
2026-08-04T08:33:15.904,453200916,T0001,OBJ-B,SC-01,normal,70,171,67,93,28,open,
2026-08-04T08:33:15.924,453220364,T0001,OBJ-B,SC-01,normal,70,171,67,92,28,open,
2026-08-04T08:33:15.945,453240852,T0001,OBJ-B,SC-01,normal,70,171,67,91,28,open,
2026-08-04T08:33:15.964,453260300,T0001,OBJ-B,SC-01,normal,70,171,67,91,28,open,
2026-08-04T08:33:15.985,453280788,T0001,OBJ-B,SC-01,normal,70,171,67,91,28,open,
2026-08-04T08:33:16.004,453300240,T0001,OBJ-B,SC-01,normal,70,171,67,91,28,open,
2026-08-04T08:33:16.024,453320724,T0001,OBJ-B,SC-01,normal,70,171,67,91,28,open,
2026-08-04T08:33:16.044,453340176,T0001,OBJ-B,SC-01,normal,70,171,67,91,28,open,
2026-08-04T08:33:16.065,453360664,T0001,OBJ-B,SC-01,normal,70,171,67,91,28,open,
2026-08-04T08:33:16.084,453380112,T0001,OBJ-B,SC-01,normal,70,171,67,91,28,open,
2026-08-04T08:33:16.105,453400600,T0001,OBJ-B,SC-01,normal,70,171,67,91,28,open,
2026-08-04T08:33:16.124,453420048,T0001,OBJ-B,SC-01,normal,70,171,67,91,28,open,
2026-08-04T08:33:16.144,453440536,T0001,OBJ-B,SC-01,normal,70,171,67,91,28,open,
2026-08-04T08:33:16.165,453461004,T0001,OBJ-B,SC-01,normal,70,171,67,91,28,open,
2026-08-04T08:33:16.184,453480472,T0001,OBJ-B,SC-01,normal,70,171,67,91,28,open,
2026-08-04T08:33:16.205,453500944,T0001,OBJ-B,SC-01,normal,70,171,67,91,28,open,
2026-08-04T08:33:16.224,453520392,T0001,OBJ-B,SC-01,normal,70,171,67,91,28,open,
2026-08-04T08:33:16.245,453540880,T0001,OBJ-B,SC-01,normal,70,171,67,91,28,open,
2026-08-04T08:33:16.264,453560348,T0001,OBJ-B,SC-01,normal,70,171,67,91,28,open,
2026-08-04T08:33:16.285,453580816,T0001,OBJ-B,SC-01,normal,70,171,67,91,28,open,
2026-08-04T08:33:16.304,453600280,T0001,OBJ-B,SC-01,normal,70,171,67,91,28,open,
2026-08-04T08:33:16.325,453620752,T0001,OBJ-B,SC-01,normal,70,171,67,91,28,open,
2026-08-04T08:33:16.344,453640200,T0001,OBJ-B,SC-01,normal,70,171,67,91,28,open,
2026-08-04T08:33:16.364,453660688,T0001,OBJ-B,SC-01,normal,70,171,67,91,28,open,
2026-08-04T08:33:16.384,453680152,T0001,OBJ-B,SC-01,normal,70,171,67,91,28,open,
2026-08-04T08:33:16.404,453700624,T0001,OBJ-B,SC-01,normal,70,171,67,90,28,open,
2026-08-04T08:33:16.424,453720088,T0001,OBJ-B,SC-01,normal,70,171,67,91,28,open,
2026-08-04T08:33:16.445,453740560,T0001,OBJ-B,SC-01,normal,70,171,67,91,28,open,
2026-08-04T08:33:16.464,453760008,T0001,OBJ-B,SC-01,normal,70,171,67,91,28,open,
2026-08-04T08:33:16.484,453780496,T0001,OBJ-B,SC-01,normal,70,171,67,91,28,open,
2026-08-04T08:33:16.505,453800980,T0001,OBJ-B,SC-01,normal,70,171,67,91,28,open,
2026-08-04T08:33:16.524,453820428,T0001,OBJ-B,SC-01,normal,70,171,67,91,28,open,
2026-08-04T08:33:16.545,453840920,T0001,OBJ-B,SC-01,normal,70,171,67,91,28,open,
2026-08-04T08:33:16.564,453860364,T0001,OBJ-B,SC-01,normal,70,171,67,91,28,open,
2026-08-04T08:33:16.584,453880852,T0001,OBJ-B,SC-01,normal,70,171,67,91,28,open,
2026-08-04T08:33:16.604,453900300,T0001,OBJ-B,SC-01,normal,70,171,67,91,28,open,
2026-08-04T08:33:16.624,453920788,T0001,OBJ-B,SC-01,normal,70,171,67,91,28,open,
2026-08-04T08:33:16.644,453940240,T0001,OBJ-B,SC-01,normal,70,171,67,91,28,open,
2026-08-04T08:33:16.664,453960724,T0001,OBJ-B,SC-01,normal,70,171,67,91,28,open,
2026-08-04T08:33:16.684,453980172,T0001,OBJ-B,SC-01,normal,70,171,67,91,28,open,
2026-08-04T08:33:16.704,454000660,T0001,OBJ-B,SC-01,normal,70,171,67,91,28,open,
2026-08-04T08:33:16.723,454020108,T0001,OBJ-B,SC-01,normal,70,170,67,91,28,open,
2026-08-04T08:33:16.744,454040596,T0001,OBJ-B,SC-01,normal,70,170,67,91,28,open,
2026-08-04T08:33:16.764,454060048,T0001,OBJ-B,SC-01,normal,70,169,67,91,28,open,
2026-08-04T08:33:16.784,454080536,T0001,OBJ-B,SC-01,normal,70,168,67,91,28,open,
2026-08-04T08:33:16.805,454101004,T0001,OBJ-B,SC-01,normal,70,168,67,91,28,open,
2026-08-04T08:33:16.824,454120472,T0001,OBJ-B,SC-01,normal,70,167,67,91,28,open,
2026-08-04T08:33:16.845,454140940,T0001,OBJ-B,SC-01,normal,70,167,67,91,28,open,
2026-08-04T08:33:16.864,454160408,T0001,OBJ-B,SC-01,normal,70,166,67,91,28,open,
2026-08-04T08:33:16.885,454180880,T0001,OBJ-B,SC-01,normal,70,166,67,91,28,open,
2026-08-04T08:33:16.904,454200344,T0001,OBJ-B,SC-01,normal,70,165,67,91,28,open,
2026-08-04T08:33:16.924,454220816,T0001,OBJ-B,SC-01,normal,70,165,67,91,28,open,
2026-08-04T08:33:16.944,454240280,T0001,OBJ-B,SC-01,normal,70,165,67,91,28,open,
2026-08-04T08:33:16.965,454260752,T0001,OBJ-B,SC-01,normal,70,164,67,91,28,open,
2026-08-04T08:33:16.983,454280220,T0001,OBJ-B,SC-01,normal,70,164,67,91,28,open,
2026-08-04T08:33:17.004,454300688,T0001,OBJ-B,SC-01,normal,70,164,67,91,28,open,
2026-08-04T08:33:17.024,454320136,T0001,OBJ-B,SC-01,normal,70,164,67,91,28,open,
2026-08-04T08:33:17.044,454340624,T0001,OBJ-B,SC-01,normal,70,164,67,91,28,open,
2026-08-04T08:33:17.064,454360076,T0001,OBJ-B,SC-01,normal,70,164,67,91,28,open,
2026-08-04T08:33:17.084,454380564,T0001,OBJ-B,SC-01,normal,70,164,67,91,28,open,
2026-08-04T08:33:17.104,454400016,T0001,OBJ-B,SC-01,normal,70,164,67,91,28,open,
2026-08-04T08:33:17.124,454420500,T0001,OBJ-B,SC-01,normal,70,164,67,91,28,open,
2026-08-04T08:33:17.145,454440984,T0001,OBJ-B,SC-01,normal,70,164,67,91,28,open,
2026-08-04T08:33:17.164,454460432,T0001,OBJ-B,SC-01,normal,70,164,67,91,28,open,
2026-08-04T08:33:17.185,454480920,T0001,OBJ-B,SC-01,normal,70,164,67,91,28,open,
2026-08-04T08:33:17.204,454500372,T0001,OBJ-B,SC-01,normal,70,164,67,91,28,open,
2026-08-04T08:33:17.224,454520856,T0001,OBJ-B,SC-01,normal,70,164,67,91,28,open,
2026-08-04T08:33:17.244,454540308,T0001,OBJ-B,SC-01,normal,70,164,67,91,28,open,
2026-08-04T08:33:17.265,454560776,T0001,OBJ-B,SC-01,normal,70,164,67,91,28,open,
2026-08-04T08:33:17.284,454580244,T0001,OBJ-B,SC-01,normal,70,164,67,91,28,open,
2026-08-04T08:33:17.305,454600712,T0001,OBJ-B,SC-01,normal,70,164,67,91,28,open,
2026-08-04T08:33:17.324,454620180,T0001,OBJ-B,SC-01,normal,70,164,67,91,28,open,
2026-08-04T08:33:17.344,454640652,T0001,OBJ-B,SC-01,normal,70,164,67,91,28,open,
2026-08-04T08:33:17.364,454660116,T0001,OBJ-B,SC-01,normal,70,164,67,91,28,open,
2026-08-04T08:33:17.384,454680588,T0001,OBJ-B,SC-01,normal,70,164,67,91,28,open,
2026-08-04T08:33:17.404,454700052,T0001,OBJ-B,SC-01,normal,70,164,67,91,28,open,
2026-08-04T08:33:17.424,454720524,T0001,OBJ-B,SC-01,normal,70,164,67,91,28,open,
2026-08-04T08:33:17.445,454741008,T0001,OBJ-B,SC-01,normal,70,164,67,91,28,open,
2026-08-04T08:33:17.464,454760456,T0001,OBJ-B,SC-01,normal,70,164,67,91,28,open,
2026-08-04T08:33:17.485,454780944,T0001,OBJ-B,SC-01,normal,70,164,67,91,28,open,
2026-08-04T08:33:17.504,454800412,T0001,OBJ-B,SC-01,normal,70,164,67,91,28,open,
2026-08-04T08:33:17.525,454820880,T0001,OBJ-B,SC-01,normal,70,164,67,91,28,open,
2026-08-04T08:33:17.545,454840344,T0001,OBJ-B,SC-01,normal,70,164,67,91,28,open,
2026-08-04T08:33:17.565,454860812,T0001,OBJ-B,SC-01,normal,70,164,67,91,28,open,
2026-08-04T08:33:17.585,454880276,T0001,OBJ-B,SC-01,normal,70,164,67,91,28,open,
2026-08-04T08:33:17.605,454900748,T0001,OBJ-B,SC-01,normal,70,164,67,91,28,open,
2026-08-04T08:33:17.624,454920216,T0001,OBJ-B,SC-01,normal,70,164,67,91,28,open,
2026-08-04T08:33:17.645,454940684,T0001,OBJ-B,SC-01,normal,70,164,67,91,28,open,
2026-08-04T08:33:17.665,454960152,T0001,OBJ-B,SC-01,normal,70,164,67,91,28,open,
2026-08-04T08:33:17.685,454980620,T0001,OBJ-B,SC-01,normal,70,164,67,91,28,open,
2026-08-04T08:33:17.705,455000088,T0001,OBJ-B,SC-01,normal,70,164,67,91,28,open,
2026-08-04T08:33:17.726,455020556,T0001,OBJ-B,SC-01,normal,70,164,67,91,28,open,
2026-08-04T08:33:17.745,455040024,T0001,OBJ-B,SC-01,normal,70,164,67,91,28,open,
2026-08-04T08:33:17.766,455060496,T0001,OBJ-B,SC-01,normal,70,164,67,91,28,open,
2026-08-04T08:33:17.786,455080980,T0001,OBJ-B,SC-01,normal,70,164,67,91,28,open,
2026-08-04T08:33:17.806,455100428,T0001,OBJ-B,SC-01,normal,70,164,67,91,28,open,
2026-08-04T08:33:17.826,455120916,T0001,OBJ-B,SC-01,normal,70,164,67,90,28,open,
2026-08-04T08:33:17.846,455140368,T0001,OBJ-B,SC-01,normal,70,164,67,91,28,open,
2026-08-04T08:33:17.867,455160856,T0001,OBJ-B,SC-01,normal,70,164,67,91,28,open,
2026-08-04T08:33:17.886,455180304,T0001,OBJ-B,SC-01,normal,70,164,67,91,28,open,
2026-08-04T08:33:17.907,455200792,T0001,OBJ-B,SC-01,normal,70,164,67,91,28,open,
2026-08-04T08:33:17.926,455220244,T0001,OBJ-B,SC-01,normal,70,164,67,91,28,open,
2026-08-04T08:33:17.964,455240728,T0001,OBJ-B,SC-01,normal,70,164,67,91,28,open,
2026-08-04T08:33:17.966,455260180,T0001,OBJ-B,SC-01,normal,70,164,67,91,28,open,
2026-08-04T08:33:17.987,455280668,T0001,OBJ-B,SC-01,normal,70,164,67,90,28,open,
2026-08-04T08:33:18.024,455300112,T0001,OBJ-B,SC-01,normal,70,163,67,90,28,open,
2026-08-04T08:33:18.027,455320600,T0001,OBJ-B,SC-01,normal,70,164,67,90,28,open,
2026-08-04T08:33:18.064,455340052,T0001,OBJ-B,SC-01,normal,70,164,67,90,28,open,
2026-08-04T08:33:18.067,455360524,T0001,OBJ-B,SC-01,normal,70,164,67,89,28,open,
2026-08-04T08:33:18.105,455381008,T0001,OBJ-B,SC-01,normal,70,164,67,89,28,open,
2026-08-04T08:33:18.107,455400460,T0001,OBJ-B,SC-01,normal,70,164,67,89,28,open,
2026-08-04T08:33:18.144,455420948,T0001,OBJ-B,SC-01,normal,70,164,67,88,28,open,
2026-08-04T08:33:18.147,455440396,T0001,OBJ-B,SC-01,normal,70,164,67,88,28,open,
2026-08-04T08:33:18.184,455460884,T0001,OBJ-B,SC-01,normal,70,164,67,87,28,open,
2026-08-04T08:33:18.187,455480336,T0001,OBJ-B,SC-01,normal,70,164,67,87,28,open,
2026-08-04T08:33:18.224,455500820,T0001,OBJ-B,SC-01,normal,70,164,67,87,28,open,
2026-08-04T08:33:18.244,455520268,T0001,OBJ-B,SC-01,normal,70,164,67,87,28,open,
2026-08-04T08:33:18.264,455540756,T0001,OBJ-B,SC-01,normal,70,164,67,86,28,open,
2026-08-04T08:33:18.285,455560204,T0001,OBJ-B,SC-01,normal,70,164,67,86,28,open,
2026-08-04T08:33:18.304,455580692,T0001,OBJ-B,SC-01,normal,70,164,67,86,28,open,
2026-08-04T08:33:18.325,455600144,T0001,OBJ-B,SC-01,normal,70,164,67,86,28,open,
2026-08-04T08:33:18.344,455620628,T0001,OBJ-B,SC-01,normal,70,163,67,85,28,open,
2026-08-04T08:33:18.364,455640080,T0001,OBJ-B,SC-01,normal,70,164,67,85,28,open,
2026-08-04T08:33:18.384,455660564,T0001,OBJ-B,SC-01,normal,70,164,67,85,28,open,
2026-08-04T08:33:18.404,455680016,T0001,OBJ-B,SC-01,normal,70,164,67,85,28,open,
2026-08-04T08:33:18.425,455700500,T0001,OBJ-B,SC-01,normal,70,164,67,84,28,open,
2026-08-04T08:33:18.445,455720984,T0001,OBJ-B,SC-01,normal,70,164,67,84,28,open,
2026-08-04T08:33:18.464,455740432,T0001,OBJ-B,SC-01,normal,70,164,67,84,28,open,
2026-08-04T08:33:18.484,455760920,T0001,OBJ-B,SC-01,normal,70,164,67,84,28,open,
2026-08-04T08:33:18.505,455780368,T0001,OBJ-B,SC-01,normal,70,164,67,84,28,open,
2026-08-04T08:33:18.524,455800856,T0001,OBJ-B,SC-01,normal,70,164,67,84,28,open,
2026-08-04T08:33:18.544,455820308,T0001,OBJ-B,SC-01,normal,70,164,67,84,28,open,
2026-08-04T08:33:18.564,455840776,T0001,OBJ-B,SC-01,normal,70,164,67,84,28,open,
2026-08-04T08:33:18.584,455860244,T0001,OBJ-B,SC-01,normal,70,164,67,84,28,open,
2026-08-04T08:33:18.604,455880712,T0001,OBJ-B,SC-01,normal,70,164,67,84,28,open,
2026-08-04T08:33:18.625,455900180,T0001,OBJ-B,SC-01,normal,70,164,67,84,28,open,
2026-08-04T08:33:18.644,455920648,T0001,OBJ-B,SC-01,normal,70,164,67,84,28,open,
2026-08-04T08:33:18.664,455940116,T0001,OBJ-B,SC-01,normal,70,164,67,84,28,open,
2026-08-04T08:33:18.684,455960584,T0001,OBJ-B,SC-01,normal,70,164,67,84,28,open,
2026-08-04T08:33:18.704,455980052,T0001,OBJ-B,SC-01,normal,70,164,67,84,28,open,
2026-08-04T08:33:18.725,456000524,T0001,OBJ-B,SC-01,normal,70,164,67,84,28,open,
2026-08-04T08:33:18.744,456021008,T0001,OBJ-B,SC-01,normal,70,164,67,84,28,open,
2026-08-04T08:33:18.765,456040456,T0001,OBJ-B,SC-01,normal,70,164,67,84,28,open,
2026-08-04T08:33:18.784,456060944,T0001,OBJ-B,SC-01,normal,70,164,67,84,28,open,
2026-08-04T08:33:18.805,456080392,T0001,OBJ-B,SC-01,normal,70,164,67,84,28,open,
2026-08-04T08:33:18.824,456100880,T0001,OBJ-B,SC-01,normal,70,164,67,84,28,open,
2026-08-04T08:33:18.844,456120348,T0001,OBJ-B,SC-01,normal,70,164,67,84,28,open,
2026-08-04T08:33:18.864,456140816,T0001,OBJ-B,SC-01,normal,70,164,67,84,28,open,
2026-08-04T08:33:18.884,456160292,T0001,OBJ-B,SC-01,normal,70,164,67,84,28,open,
2026-08-04T08:33:18.904,456180760,T0001,OBJ-B,SC-01,normal,70,164,67,84,28,open,
2026-08-04T08:33:18.924,456200204,T0001,OBJ-B,SC-01,normal,70,164,67,84,28,open,
2026-08-04T08:33:18.944,456220688,T0001,OBJ-B,SC-01,normal,70,164,67,84,28,open,
2026-08-04T08:33:18.964,456240152,T0001,OBJ-B,SC-01,normal,70,164,67,84,28,open,
2026-08-04T08:33:18.984,456260632,T0001,OBJ-B,SC-01,normal,70,164,67,84,28,open,
2026-08-04T08:33:19.004,456280076,T0001,OBJ-B,SC-01,normal,70,164,67,84,28,open,
2026-08-04T08:33:19.023,456300564,T0001,OBJ-B,SC-01,normal,70,164,67,84,28,open,
2026-08-04T08:33:19.044,456320016,T0001,OBJ-B,SC-01,normal,70,164,67,84,28,open,
2026-08-04T08:33:19.065,456340500,T0001,OBJ-B,SC-01,normal,70,164,67,84,28,open,
2026-08-04T08:33:19.084,456360984,T0001,OBJ-B,SC-01,normal,70,164,67,84,28,open,
2026-08-04T08:33:19.104,456380440,T0001,OBJ-B,SC-01,normal,70,163,67,84,28,open,
2026-08-04T08:33:19.124,456400920,T0001,OBJ-B,SC-01,normal,70,163,67,84,28,open,
2026-08-04T08:33:19.144,456420372,T0001,OBJ-B,SC-01,normal,70,162,67,84,28,open,
2026-08-04T08:33:19.164,456440856,T0001,OBJ-B,SC-01,normal,70,162,67,84,28,open,
2026-08-04T08:33:19.184,456460324,T0001,OBJ-B,SC-01,normal,70,161,67,84,28,open,
2026-08-04T08:33:19.204,456480784,T0001,OBJ-B,SC-01,normal,70,161,67,84,28,open,
2026-08-04T08:33:19.224,456500248,T0001,OBJ-B,SC-01,normal,70,160,67,84,28,open,
2026-08-04T08:33:19.244,456520904,T0001,OBJ-B,SC-01,normal,70,159,67,84,28,open,
2026-08-04T08:33:19.265,456540320,T0001,OBJ-B,SC-01,normal,70,159,67,84,28,open,
2026-08-04T08:33:19.284,456560656,T0001,OBJ-B,SC-01,normal,70,159,67,84,28,open,
2026-08-04T08:33:19.304,456580116,T0001,OBJ-B,SC-01,normal,70,159,67,84,28,open,
2026-08-04T08:33:19.324,456600584,T0001,OBJ-B,SC-01,normal,70,159,67,84,28,open,
2026-08-04T08:33:19.344,456620052,T0001,OBJ-B,SC-01,normal,70,159,67,84,28,open,
2026-08-04T08:33:19.365,456640524,T0001,OBJ-B,SC-01,normal,70,159,67,84,28,open,
2026-08-04T08:33:19.384,456661012,T0001,OBJ-B,SC-01,normal,70,159,67,84,28,open,
2026-08-04T08:33:19.405,456680460,T0001,OBJ-B,SC-01,normal,70,159,67,84,28,open,
2026-08-04T08:33:19.424,456700948,T0001,OBJ-B,SC-01,normal,70,159,67,84,28,open,
2026-08-04T08:33:19.445,456720400,T0001,OBJ-B,SC-01,normal,70,159,67,84,28,open,
2026-08-04T08:33:19.464,456740888,T0001,OBJ-B,SC-01,normal,70,159,67,84,28,open,
2026-08-04T08:33:19.485,456760336,T0001,OBJ-B,SC-01,normal,70,159,67,84,28,open,
2026-08-04T08:33:19.504,456780824,T0001,OBJ-B,SC-01,normal,70,159,67,84,28,open,
2026-08-04T08:33:19.524,456800272,T0001,OBJ-B,SC-01,normal,70,159,67,84,28,open,
2026-08-04T08:33:19.544,456820760,T0001,OBJ-B,SC-01,normal,70,159,67,84,28,open,
2026-08-04T08:33:19.564,456840208,T0001,OBJ-B,SC-01,normal,70,158,67,84,28,open,
2026-08-04T08:33:19.583,456860696,T0001,OBJ-B,SC-01,normal,70,158,67,84,28,open,
2026-08-04T08:33:19.604,456880144,T0001,OBJ-B,SC-01,normal,70,157,67,84,28,open,
2026-08-04T08:33:19.624,456900632,T0001,OBJ-B,SC-01,normal,70,156,67,84,28,open,
2026-08-04T08:33:19.644,456920080,T0001,OBJ-B,SC-01,normal,70,156,67,84,28,open,
2026-08-04T08:33:19.664,456940568,T0001,OBJ-B,SC-01,normal,70,155,67,84,28,open,
2026-08-04T08:33:19.684,456960020,T0001,OBJ-B,SC-01,normal,70,155,67,84,28,open,
2026-08-04T08:33:19.704,456980504,T0001,OBJ-B,SC-01,normal,70,155,67,84,28,open,
2026-08-04T08:33:19.724,457000972,T0001,OBJ-B,SC-01,normal,70,155,67,84,28,open,
2026-08-04T08:33:19.744,457020440,T0001,OBJ-B,SC-01,normal,70,155,67,84,28,open,
2026-08-04T08:33:19.764,457040912,T0001,OBJ-B,SC-01,normal,70,154,67,84,28,open,
2026-08-04T08:33:19.785,457060376,T0001,OBJ-B,SC-01,normal,70,154,67,84,28,open,
2026-08-04T08:33:19.804,457080848,T0001,OBJ-B,SC-01,normal,70,154,67,84,28,open,
2026-08-04T08:33:19.825,457100300,T0001,OBJ-B,SC-01,normal,70,154,67,84,28,open,
2026-08-04T08:33:19.844,457120788,T0001,OBJ-B,SC-01,normal,70,154,67,84,28,open,
2026-08-04T08:33:19.864,457140236,T0001,OBJ-B,SC-01,normal,70,154,67,84,28,open,
2026-08-04T08:33:19.884,457160724,T0001,OBJ-B,SC-01,normal,70,154,67,84,28,open,
2026-08-04T08:33:19.904,457180172,T0001,OBJ-B,SC-01,normal,70,154,67,84,28,open,
2026-08-04T08:33:19.924,457200660,T0001,OBJ-B,SC-01,normal,70,153,67,84,28,open,
2026-08-04T08:33:19.944,457220108,T0001,OBJ-B,SC-01,normal,70,153,67,84,28,open,
2026-08-04T08:33:19.964,457240596,T0001,OBJ-B,SC-01,normal,70,153,67,84,28,open,
2026-08-04T08:33:19.984,457260044,T0001,OBJ-B,SC-01,normal,70,152,67,84,28,open,
2026-08-04T08:33:20.005,457280532,T0001,OBJ-B,SC-01,normal,70,151,67,84,28,open,
2026-08-04T08:33:20.024,457301000,T0001,OBJ-B,SC-01,normal,70,151,67,84,28,open,
2026-08-04T08:33:20.045,457320468,T0001,OBJ-B,SC-01,normal,70,150,67,84,28,open,
2026-08-04T08:33:20.064,457340936,T0001,OBJ-B,SC-01,normal,70,150,67,84,28,open,
2026-08-04T08:33:20.085,457360404,T0001,OBJ-B,SC-01,normal,70,149,67,84,28,open,
2026-08-04T08:33:20.104,457380892,T0001,OBJ-B,SC-01,normal,70,149,67,84,28,open,
2026-08-04T08:33:20.125,457400340,T0001,OBJ-B,SC-01,normal,70,148,67,84,28,open,
2026-08-04T08:33:20.144,457420812,T0001,OBJ-B,SC-01,normal,70,148,67,84,28,open,
2026-08-04T08:33:20.164,457440276,T0001,OBJ-B,SC-01,normal,70,147,67,84,28,open,
2026-08-04T08:33:20.184,457460748,T0001,OBJ-B,SC-01,normal,70,147,67,84,28,open,
2026-08-04T08:33:20.204,457480216,T0001,OBJ-B,SC-01,normal,70,146,67,84,28,open,
2026-08-04T08:33:20.224,457500688,T0001,OBJ-B,SC-01,normal,70,145,67,84,28,open,
2026-08-04T08:33:20.244,457520136,T0001,OBJ-B,SC-01,normal,70,145,67,84,28,open,
2026-08-04T08:33:20.264,457540624,T0001,OBJ-B,SC-01,normal,70,145,67,84,28,open,
2026-08-04T08:33:20.284,457560076,T0001,OBJ-B,SC-01,normal,70,144,67,84,28,open,
2026-08-04T08:33:20.304,457580564,T0001,OBJ-B,SC-01,normal,70,143,67,84,28,open,
2026-08-04T08:33:20.324,457600016,T0001,OBJ-B,SC-01,normal,70,143,67,84,28,open,
2026-08-04T08:33:20.345,457620500,T0001,OBJ-B,SC-01,normal,70,142,67,84,28,open,
2026-08-04T08:33:20.364,457640968,T0001,OBJ-B,SC-01,normal,70,141,67,84,28,open,
2026-08-04T08:33:20.385,457660436,T0001,OBJ-B,SC-01,normal,70,141,67,84,28,open,
2026-08-04T08:33:20.404,457680904,T0001,OBJ-B,SC-01,normal,70,140,67,84,28,open,
2026-08-04T08:33:20.425,457700372,T0001,OBJ-B,SC-01,normal,70,139,67,84,28,open,
2026-08-04T08:33:20.444,457720844,T0001,OBJ-B,SC-01,normal,70,139,67,84,28,open,
2026-08-04T08:33:20.465,457740312,T0001,OBJ-B,SC-01,normal,70,138,67,84,28,open,
2026-08-04T08:33:20.484,457760780,T0001,OBJ-B,SC-01,normal,70,138,67,84,28,open,
2026-08-04T08:33:20.505,457780248,T0001,OBJ-B,SC-01,normal,70,137,67,84,28,open,
2026-08-04T08:33:20.524,457800716,T0001,OBJ-B,SC-01,normal,70,137,67,84,28,open,
2026-08-04T08:33:20.544,457820184,T0001,OBJ-B,SC-01,normal,70,136,67,84,28,open,
2026-08-04T08:33:20.564,457840652,T0001,OBJ-B,SC-01,normal,70,135,67,84,28,open,
2026-08-04T08:33:20.584,457860120,T0001,OBJ-B,SC-01,normal,70,135,67,84,28,open,
2026-08-04T08:33:20.604,457880588,T0001,OBJ-B,SC-01,normal,70,134,67,84,28,open,
2026-08-04T08:33:20.624,457900056,T0001,OBJ-B,SC-01,normal,70,134,67,84,28,open,
2026-08-04T08:33:20.645,457920528,T0001,OBJ-B,SC-01,normal,70,134,67,84,28,open,
2026-08-04T08:33:20.664,457941016,T0001,OBJ-B,SC-01,normal,70,134,67,84,28,open,
2026-08-04T08:33:20.685,457960464,T0001,OBJ-B,SC-01,normal,70,134,67,84,28,open,
2026-08-04T08:33:20.704,457980952,T0001,OBJ-B,SC-01,normal,70,134,67,84,28,open,
2026-08-04T08:33:20.725,458000404,T0001,OBJ-B,SC-01,normal,70,134,67,84,28,open,
2026-08-04T08:33:20.744,458020892,T0001,OBJ-B,SC-01,normal,70,134,67,84,28,open,
2026-08-04T08:33:20.765,458040340,T0001,OBJ-B,SC-01,normal,70,134,67,84,28,open,
2026-08-04T08:33:20.784,458060808,T0001,OBJ-B,SC-01,normal,70,134,67,84,28,open,
2026-08-04T08:33:20.804,458080276,T0001,OBJ-B,SC-01,normal,70,134,67,84,28,open,
2026-08-04T08:33:20.824,458100748,T0001,OBJ-B,SC-01,normal,70,134,67,84,28,open,
2026-08-04T08:33:20.844,458120212,T0001,OBJ-B,SC-01,normal,70,134,67,84,28,open,
2026-08-04T08:33:20.864,458140684,T0001,OBJ-B,SC-01,normal,70,134,67,84,28,open,
2026-08-04T08:33:20.884,458160152,T0001,OBJ-B,SC-01,normal,70,134,67,84,28,open,
2026-08-04T08:33:20.904,458180620,T0001,OBJ-B,SC-01,normal,70,133,67,84,28,open,
2026-08-04T08:33:20.925,458200088,T0001,OBJ-B,SC-01,normal,70,133,67,84,28,open,
2026-08-04T08:33:20.944,458220560,T0001,OBJ-B,SC-01,normal,70,132,67,84,28,open,
2026-08-04T08:33:20.964,458240012,T0001,OBJ-B,SC-01,normal,70,131,67,84,28,open,
2026-08-04T08:33:20.985,458260496,T0001,OBJ-B,SC-01,normal,70,130,67,84,28,open,
2026-08-04T08:33:21.003,458280984,T0001,OBJ-B,SC-01,normal,70,130,67,84,28,open,
2026-08-04T08:33:21.024,458300432,T0001,OBJ-B,SC-01,normal,70,130,67,84,28,open,
2026-08-04T08:33:21.044,458320920,T0001,OBJ-B,SC-01,normal,70,129,67,84,28,open,
2026-08-04T08:33:21.064,458340368,T0001,OBJ-B,SC-01,normal,70,129,67,84,28,open,
2026-08-04T08:33:21.084,458360856,T0001,OBJ-B,SC-01,normal,70,128,67,84,28,open,
2026-08-04T08:33:21.105,458380308,T0001,OBJ-B,SC-01,normal,70,128,67,84,28,open,
2026-08-04T08:33:21.124,458400780,T0001,OBJ-B,SC-01,normal,70,128,67,84,28,open,
2026-08-04T08:33:21.145,458420244,T0001,OBJ-B,SC-01,normal,70,127,67,84,28,open,
2026-08-04T08:33:21.164,458440716,T0001,OBJ-B,SC-01,normal,70,127,67,84,28,open,
2026-08-04T08:33:21.184,458460184,T0001,OBJ-B,SC-01,normal,70,126,67,84,28,open,
2026-08-04T08:33:21.204,458480652,T0001,OBJ-B,SC-01,normal,70,126,67,84,28,open,
2026-08-04T08:33:21.224,458500120,T0001,OBJ-B,SC-01,normal,70,126,67,84,28,open,
2026-08-04T08:33:21.244,458520588,T0001,OBJ-B,SC-01,normal,70,126,67,84,28,open,
2026-08-04T08:33:21.265,458540056,T0001,OBJ-B,SC-01,normal,70,126,67,84,28,open,
2026-08-04T08:33:21.285,458560528,T0001,OBJ-B,SC-01,normal,70,126,67,84,28,open,
2026-08-04T08:33:21.304,458581016,T0001,OBJ-B,SC-01,normal,70,126,67,84,28,open,
2026-08-04T08:33:21.325,458600464,T0001,OBJ-B,SC-01,normal,70,126,67,84,28,open,
2026-08-04T08:33:21.344,458620952,T0001,OBJ-B,SC-01,normal,70,126,67,84,28,open,
2026-08-04T08:33:21.365,458640404,T0001,OBJ-B,SC-01,normal,70,126,67,84,28,open,
2026-08-04T08:33:21.384,458660872,T0001,OBJ-B,SC-01,normal,70,126,67,84,28,open,
2026-08-04T08:33:21.404,458680340,T0001,OBJ-B,SC-01,normal,70,126,67,84,28,open,
2026-08-04T08:33:21.424,458700812,T0001,OBJ-B,SC-01,normal,70,126,67,84,28,open,
2026-08-04T08:33:21.445,458720280,T0001,OBJ-B,SC-01,normal,70,125,67,84,28,open,
2026-08-04T08:33:21.464,458740748,T0001,OBJ-B,SC-01,normal,70,124,67,84,28,open,
2026-08-04T08:33:21.485,458760204,T0001,OBJ-B,SC-01,normal,70,124,67,84,28,open,
2026-08-04T08:33:21.504,458780688,T0001,OBJ-B,SC-01,normal,70,122,67,84,28,open,
2026-08-04T08:33:21.524,458800152,T0001,OBJ-B,SC-01,normal,70,121,67,84,28,open,
2026-08-04T08:33:21.544,458820620,T0001,OBJ-B,SC-01,normal,70,121,67,84,28,open,
2026-08-04T08:33:21.564,458840088,T0001,OBJ-B,SC-01,normal,70,120,67,84,28,open,
2026-08-04T08:33:21.584,458860556,T0001,OBJ-B,SC-01,normal,70,120,67,84,28,open,
2026-08-04T08:33:21.604,458880020,T0001,OBJ-B,SC-01,normal,70,119,67,84,28,open,
2026-08-04T08:33:21.625,458900504,T0001,OBJ-B,SC-01,normal,70,118,67,84,28,open,
2026-08-04T08:33:21.644,458920972,T0001,OBJ-B,SC-01,normal,70,118,67,84,28,open,
2026-08-04T08:33:21.665,458940436,T0001,OBJ-B,SC-01,normal,70,118,67,84,28,open,
2026-08-04T08:33:21.684,458960924,T0001,OBJ-B,SC-01,normal,70,117,67,84,28,open,
2026-08-04T08:33:21.704,458980368,T0001,OBJ-B,SC-01,normal,70,117,67,84,28,open,
2026-08-04T08:33:21.724,459000856,T0001,OBJ-B,SC-01,normal,70,116,67,84,28,open,
2026-08-04T08:33:21.744,459020304,T0001,OBJ-B,SC-01,normal,70,116,67,84,28,open,
2026-08-04T08:33:21.763,459040792,T0001,OBJ-B,SC-01,normal,70,115,67,84,28,open,
2026-08-04T08:33:21.784,459060240,T0001,OBJ-B,SC-01,normal,70,115,67,84,28,open,
2026-08-04T08:33:21.804,459080724,T0001,OBJ-B,SC-01,normal,70,114,67,84,28,open,
2026-08-04T08:33:21.825,459100172,T0001,OBJ-B,SC-01,normal,70,114,67,84,28,open,
2026-08-04T08:33:21.844,459120660,T0001,OBJ-B,SC-01,normal,70,114,67,84,28,open,
2026-08-04T08:33:21.864,459140108,T0001,OBJ-B,SC-01,normal,70,113,67,84,28,open,
2026-08-04T08:33:21.884,459160596,T0001,OBJ-B,SC-01,normal,70,113,67,84,28,open,
2026-08-04T08:33:21.904,459180044,T0001,OBJ-B,SC-01,normal,70,113,67,84,28,open,
2026-08-04T08:33:21.925,459200532,T0001,OBJ-B,SC-01,normal,70,113,67,84,28,open,
2026-08-04T08:33:21.945,459221020,T0001,OBJ-B,SC-01,normal,70,112,67,84,28,open,
2026-08-04T08:33:21.965,459240468,T0001,OBJ-B,SC-01,normal,70,112,67,84,28,open,
2026-08-04T08:33:21.984,459260952,T0001,OBJ-B,SC-01,normal,70,112,67,84,28,open,
2026-08-04T08:33:22.005,459280404,T0001,OBJ-B,SC-01,normal,70,111,67,84,28,open,
2026-08-04T08:33:22.024,459300888,T0001,OBJ-B,SC-01,normal,70,111,67,84,28,open,
2026-08-04T08:33:22.044,459320336,T0001,OBJ-B,SC-01,normal,70,111,67,84,28,open,
2026-08-04T08:33:22.064,459340824,T0001,OBJ-B,SC-01,normal,70,111,67,84,28,open,
2026-08-04T08:33:22.084,459360272,T0001,OBJ-B,SC-01,normal,70,110,67,84,28,open,
2026-08-04T08:33:22.104,459380756,T0001,OBJ-B,SC-01,normal,70,110,67,84,28,open,
2026-08-04T08:33:22.124,459400208,T0001,OBJ-B,SC-01,normal,70,109,67,84,28,open,
2026-08-04T08:33:22.144,459420692,T0001,OBJ-B,SC-01,normal,70,109,67,84,28,open,
2026-08-04T08:33:22.164,459440144,T0001,OBJ-B,SC-01,normal,70,109,67,84,28,open,
2026-08-04T08:33:22.184,459460628,T0001,OBJ-B,SC-01,normal,70,108,67,84,28,open,
2026-08-04T08:33:22.204,459480076,T0001,OBJ-B,SC-01,normal,70,108,67,84,28,open,
2026-08-04T08:33:22.224,459500564,T0001,OBJ-B,SC-01,normal,70,108,67,84,28,open,
2026-08-04T08:33:22.244,459520016,T0001,OBJ-B,SC-01,normal,70,107,67,84,28,open,
2026-08-04T08:33:22.265,459540500,T0001,OBJ-B,SC-01,normal,70,106,67,84,28,open,
2026-08-04T08:33:22.284,459560984,T0001,OBJ-B,SC-01,normal,70,106,67,84,28,open,
2026-08-04T08:33:22.305,459580432,T0001,OBJ-B,SC-01,normal,70,106,67,84,28,open,
2026-08-04T08:33:22.324,459600920,T0001,OBJ-B,SC-01,normal,70,105,67,84,28,open,
2026-08-04T08:33:22.344,459620368,T0001,OBJ-B,SC-01,normal,70,105,67,84,28,open,
2026-08-04T08:33:22.364,459640852,T0001,OBJ-B,SC-01,normal,70,105,67,84,28,open,
2026-08-04T08:33:22.384,459660304,T0001,OBJ-B,SC-01,normal,70,105,67,84,28,open,
2026-08-04T08:33:22.404,459680788,T0001,OBJ-B,SC-01,normal,70,104,67,84,28,open,
2026-08-04T08:33:22.424,459700236,T0001,OBJ-B,SC-01,normal,70,104,67,84,28,open,
2026-08-04T08:33:22.444,459720724,T0001,OBJ-B,SC-01,normal,70,104,67,84,28,open,
2026-08-04T08:33:22.464,459740172,T0001,OBJ-B,SC-01,normal,70,104,67,84,28,open,
2026-08-04T08:33:22.483,459760660,T0001,OBJ-B,SC-01,normal,70,104,67,84,28,open,
2026-08-04T08:33:22.504,459780108,T0001,OBJ-B,SC-01,normal,70,104,67,84,28,open,
2026-08-04T08:33:22.524,459800592,T0001,OBJ-B,SC-01,normal,70,104,67,84,28,open,
2026-08-04T08:33:22.544,459820060,T0001,OBJ-B,SC-01,normal,70,104,67,84,28,open,
2026-08-04T08:33:22.565,459840528,T0001,OBJ-B,SC-01,normal,70,104,67,84,28,open,
2026-08-04T08:33:22.584,459861012,T0001,OBJ-B,SC-01,normal,70,104,67,84,28,open,
2026-08-04T08:33:22.605,459880460,T0001,OBJ-B,SC-01,normal,70,104,67,84,28,open,
2026-08-04T08:33:22.624,459900948,T0001,OBJ-B,SC-01,normal,70,104,67,84,28,open,
2026-08-04T08:33:22.644,459920396,T0001,OBJ-B,SC-01,normal,70,104,67,84,28,open,
2026-08-04T08:33:22.664,459940884,T0001,OBJ-B,SC-01,normal,70,103,67,84,28,open,
2026-08-04T08:33:22.684,459960332,T0001,OBJ-B,SC-01,normal,70,103,67,84,28,open,
2026-08-04T08:33:22.704,459980820,T0001,OBJ-B,SC-01,normal,70,103,67,84,28,open,
2026-08-04T08:33:22.724,460000268,T0001,OBJ-B,SC-01,normal,70,103,67,84,28,open,
2026-08-04T08:33:22.744,460020752,T0001,OBJ-B,SC-01,normal,70,102,67,84,28,open,
2026-08-04T08:33:22.764,460040204,T0001,OBJ-B,SC-01,normal,70,102,67,84,28,open,
2026-08-04T08:33:22.785,460060688,T0001,OBJ-B,SC-01,normal,70,102,67,84,28,open,
2026-08-04T08:33:22.804,460080140,T0001,OBJ-B,SC-01,normal,70,101,67,84,28,open,
2026-08-04T08:33:22.825,460100624,T0001,OBJ-B,SC-01,normal,70,101,67,84,28,open,
2026-08-04T08:33:22.844,460120108,T0001,OBJ-B,SC-01,normal,70,101,67,84,28,open,
2026-08-04T08:33:22.864,460140560,T0001,OBJ-B,SC-01,normal,70,101,67,84,28,open,
2026-08-04T08:33:22.884,460160020,T0001,OBJ-B,SC-01,normal,70,100,67,84,28,open,
2026-08-04T08:33:22.905,460180496,T0001,OBJ-B,SC-01,normal,70,100,67,84,28,open,
2026-08-04T08:33:22.925,460200980,T0001,OBJ-B,SC-01,normal,70,100,67,84,28,open,
2026-08-04T08:33:22.945,460220428,T0001,OBJ-B,SC-01,normal,70,100,67,84,28,open,
2026-08-04T08:33:22.965,460240916,T0001,OBJ-B,SC-01,normal,70,100,67,84,28,open,
2026-08-04T08:33:22.985,460260368,T0001,OBJ-B,SC-01,normal,70,99,67,84,28,open,
2026-08-04T08:33:23.005,460280848,T0001,OBJ-B,SC-01,normal,70,99,67,84,28,open,
2026-08-04T08:33:23.025,460300300,T0001,OBJ-B,SC-01,normal,70,99,67,84,28,open,
2026-08-04T08:33:23.045,460320776,T0001,OBJ-B,SC-01,normal,70,99,67,84,28,open,
2026-08-04T08:33:23.065,460340252,T0001,OBJ-B,SC-01,normal,70,99,67,84,28,open,
2026-08-04T08:33:23.086,460360724,T0001,OBJ-B,SC-01,normal,70,98,67,84,28,open,
2026-08-04T08:33:23.105,460380180,T0001,OBJ-B,SC-01,normal,70,98,67,84,28,open,
2026-08-04T08:33:23.125,460400656,T0001,OBJ-B,SC-01,normal,70,98,67,84,28,open,
2026-08-04T08:33:23.145,460420104,T0001,OBJ-B,SC-01,normal,70,98,67,84,28,open,
2026-08-04T08:33:23.166,460440584,T0001,OBJ-B,SC-01,normal,70,98,67,84,28,open,
2026-08-04T08:33:23.185,460460052,T0001,OBJ-B,SC-01,normal,70,98,67,84,28,open,
2026-08-04T08:33:23.206,460480532,T0001,OBJ-B,SC-01,normal,70,98,67,84,28,open,
2026-08-04T08:33:23.244,460501008,T0001,OBJ-B,SC-01,normal,70,98,67,84,28,open,
2026-08-04T08:33:23.246,460520464,T0001,OBJ-B,SC-01,normal,70,98,67,84,28,open,
2026-08-04T08:33:23.267,460540940,T0001,OBJ-B,SC-01,normal,70,98,67,84,28,open,
2026-08-04T08:33:23.286,460560396,T0001,OBJ-B,SC-01,normal,70,98,67,84,28,open,
2026-08-04T08:33:23.324,460580888,T0001,OBJ-B,SC-01,normal,70,98,67,84,28,open,
2026-08-04T08:33:23.326,460600344,T0001,OBJ-B,SC-01,normal,70,98,67,84,28,open,
2026-08-04T08:33:23.364,460620816,T0001,OBJ-B,SC-01,normal,70,98,67,84,28,open,
2026-08-04T08:33:23.366,460640272,T0001,OBJ-B,SC-01,normal,70,98,67,84,28,open,
2026-08-04T08:33:23.404,460660748,T0001,OBJ-B,SC-01,normal,70,98,67,84,28,open,
2026-08-04T08:33:23.406,460680220,T0001,OBJ-B,SC-01,normal,70,98,67,84,28,open,
2026-08-04T08:33:23.445,460700696,T0001,OBJ-B,SC-01,normal,70,98,67,84,28,open,
2026-08-04T08:33:23.446,460720148,T0001,OBJ-B,SC-01,normal,70,98,67,84,28,open,
2026-08-04T08:33:23.484,460740628,T0001,OBJ-B,SC-01,normal,70,98,67,84,28,open,
2026-08-04T08:33:23.486,460760080,T0001,OBJ-B,SC-01,normal,70,98,67,84,28,open,
2026-08-04T08:33:23.524,460780560,T0001,OBJ-B,SC-01,normal,70,98,67,84,28,open,
2026-08-04T08:33:23.526,460800012,T0001,OBJ-B,SC-01,normal,70,98,67,84,28,open,
2026-08-04T08:33:23.564,460820504,T0001,OBJ-B,SC-01,normal,70,98,67,84,28,open,
2026-08-04T08:33:23.585,460840976,T0001,OBJ-B,SC-01,normal,70,98,66,84,28,open,
2026-08-04T08:33:23.587,460860428,T0001,OBJ-B,SC-01,normal,70,98,66,84,28,open,
2026-08-04T08:33:23.625,460880920,T0001,OBJ-B,SC-01,normal,70,98,65,84,28,open,
2026-08-04T08:33:23.627,460900372,T0001,OBJ-B,SC-01,normal,70,98,65,84,28,open,
2026-08-04T08:33:23.665,460920848,T0001,OBJ-B,SC-01,normal,70,98,65,84,28,open,
2026-08-04T08:33:23.667,460940300,T0001,OBJ-B,SC-01,normal,70,98,64,84,28,open,
2026-08-04T08:33:23.704,460960792,T0001,OBJ-B,SC-01,normal,70,98,64,84,28,open,
2026-08-04T08:33:23.724,460980264,T0001,OBJ-B,SC-01,normal,70,98,63,84,28,open,
2026-08-04T08:33:23.744,461000720,T0001,OBJ-B,SC-01,normal,70,98,62,84,28,open,
2026-08-04T08:33:23.763,461020172,T0001,OBJ-B,SC-01,normal,70,98,62,84,28,open,
2026-08-04T08:33:23.784,461040652,T0001,OBJ-B,SC-01,normal,70,98,62,84,28,open,
2026-08-04T08:33:23.803,461060116,T0001,OBJ-B,SC-01,normal,70,98,61,84,28,open,
2026-08-04T08:33:23.824,461080596,T0001,OBJ-B,SC-01,normal,70,98,61,84,28,open,
2026-08-04T08:33:23.844,461100044,T0001,OBJ-B,SC-01,normal,70,98,61,84,28,open,
2026-08-04T08:33:23.865,461120524,T0001,OBJ-B,SC-01,normal,70,98,61,84,28,open,
2026-08-04T08:33:23.884,461141016,T0001,OBJ-B,SC-01,normal,70,98,61,84,28,open,
2026-08-04T08:33:23.904,461160472,T0001,OBJ-B,SC-01,normal,70,98,61,84,28,open,
2026-08-04T08:33:23.925,461180944,T0001,OBJ-B,SC-01,normal,70,98,61,84,28,open,
2026-08-04T08:33:23.944,461200400,T0001,OBJ-B,SC-01,normal,70,98,61,84,28,open,
2026-08-04T08:33:23.965,461220876,T0001,OBJ-B,SC-01,normal,70,98,61,84,28,open,
2026-08-04T08:33:23.984,461240344,T0001,OBJ-B,SC-01,normal,70,98,61,84,28,open,
2026-08-04T08:33:24.005,461260820,T0001,OBJ-B,SC-01,normal,70,98,61,84,28,open,
2026-08-04T08:33:24.024,461280268,T0001,OBJ-B,SC-01,normal,70,98,61,84,28,open,
2026-08-04T08:33:24.044,461300748,T0001,OBJ-B,SC-01,normal,70,98,61,84,28,open,
2026-08-04T08:33:24.064,461320212,T0001,OBJ-B,SC-01,normal,70,98,61,84,28,open,
2026-08-04T08:33:24.084,461340692,T0001,OBJ-B,SC-01,normal,70,98,61,84,28,open,
2026-08-04T08:33:24.104,461360144,T0001,OBJ-B,SC-01,normal,70,98,61,84,28,open,
2026-08-04T08:33:24.124,461380624,T0001,OBJ-B,SC-01,normal,70,98,62,84,28,open,
2026-08-04T08:33:24.144,461400088,T0001,OBJ-B,SC-01,normal,70,98,63,84,28,open,
2026-08-04T08:33:24.165,461420572,T0001,OBJ-B,SC-01,normal,70,98,64,84,28,open,
2026-08-04T08:33:24.185,461440016,T0001,OBJ-B,SC-01,normal,70,98,64,84,28,open,
2026-08-04T08:33:24.204,461460492,T0001,OBJ-B,SC-01,normal,70,98,65,84,28,open,
2026-08-04T08:33:24.225,461480972,T0001,OBJ-B,SC-01,normal,70,98,65,84,28,open,
2026-08-04T08:33:24.244,461500436,T0001,OBJ-B,SC-01,normal,70,98,65,84,28,open,
2026-08-04T08:33:24.265,461520908,T0001,OBJ-B,SC-01,normal,70,98,66,84,28,open,
2026-08-04T08:33:24.284,461540380,T0001,OBJ-B,SC-01,normal,70,98,67,84,28,open,
2026-08-04T08:33:24.305,461560844,T0001,OBJ-B,SC-01,normal,70,98,67,84,28,open,
2026-08-04T08:33:24.324,461580304,T0001,OBJ-B,SC-01,normal,70,98,68,84,28,open,
2026-08-04T08:33:24.345,461600796,T0001,OBJ-B,SC-01,normal,70,98,69,84,28,open,
2026-08-04T08:33:24.364,461620248,T0001,OBJ-B,SC-01,normal,70,98,70,84,28,open,
2026-08-04T08:33:24.384,461640712,T0001,OBJ-B,SC-01,normal,70,98,70,84,28,open,
2026-08-04T08:33:24.404,461660176,T0001,OBJ-B,SC-01,normal,70,98,71,84,28,open,
2026-08-04T08:33:24.424,461680992,T0001,OBJ-B,SC-01,normal,70,98,73,84,28,open,
2026-08-04T08:33:24.444,461700124,T0001,OBJ-B,SC-01,normal,70,98,73,84,28,open,
2026-08-04T08:33:24.464,461720588,T0001,OBJ-B,SC-01,normal,70,98,73,84,28,open,
2026-08-04T08:33:24.485,461740052,T0001,OBJ-B,SC-01,normal,70,98,74,84,28,open,
2026-08-04T08:33:24.504,461760536,T0001,OBJ-B,SC-01,normal,70,98,75,84,28,open,
2026-08-04T08:33:24.525,461781204,T0001,OBJ-B,SC-01,normal,70,98,76,84,28,open,
2026-08-04T08:33:24.544,461800480,T0001,OBJ-B,SC-01,normal,70,98,76,84,28,open,
2026-08-04T08:33:24.565,461820940,T0001,OBJ-B,SC-01,normal,70,98,77,84,28,open,
2026-08-04T08:33:24.584,461840440,T0001,OBJ-B,SC-01,normal,70,98,77,84,28,open,
2026-08-04T08:33:24.604,461860884,T0001,OBJ-B,SC-01,normal,70,98,79,84,28,open,
2026-08-04T08:33:24.624,461880340,T0001,OBJ-B,SC-01,normal,70,98,79,84,28,open,
2026-08-04T08:33:24.645,461900812,T0001,OBJ-B,SC-01,normal,70,98,80,84,28,open,
2026-08-04T08:33:24.664,461920276,T0001,OBJ-B,SC-01,normal,70,98,80,84,28,open,
2026-08-04T08:33:24.684,461940756,T0001,OBJ-B,SC-01,normal,70,98,81,84,28,open,
2026-08-04T08:33:24.704,461960216,T0001,OBJ-B,SC-01,normal,70,98,81,84,28,open,
2026-08-04T08:33:24.724,461980684,T0001,OBJ-B,SC-01,normal,70,98,82,84,28,open,
2026-08-04T08:33:24.744,462000344,T0001,OBJ-B,SC-01,normal,70,98,83,84,28,open,
2026-08-04T08:33:24.764,462020632,T0001,OBJ-B,SC-01,normal,70,98,83,84,28,open,
2026-08-04T08:33:24.784,462040204,T0001,OBJ-B,SC-01,normal,70,98,84,84,28,open,
2026-08-04T08:33:24.805,462060560,T0001,OBJ-B,SC-01,normal,70,98,84,84,28,open,
2026-08-04T08:33:24.825,462080028,T0001,OBJ-B,SC-01,normal,70,98,85,84,28,open,
2026-08-04T08:33:24.844,462100556,T0001,OBJ-B,SC-01,normal,70,98,86,84,28,open,
2026-08-04T08:33:24.865,462120976,T0001,OBJ-B,SC-01,normal,70,98,86,84,28,open,
2026-08-04T08:33:24.884,462140440,T0001,OBJ-B,SC-01,normal,70,98,86,84,28,open,
2026-08-04T08:33:24.905,462160920,T0001,OBJ-B,SC-01,normal,70,98,87,84,28,open,
2026-08-04T08:33:24.924,462180368,T0001,OBJ-B,SC-01,normal,70,98,87,84,28,open,
2026-08-04T08:33:24.945,462200848,T0001,OBJ-B,SC-01,normal,70,98,87,84,28,open,
2026-08-04T08:33:24.964,462220312,T0001,OBJ-B,SC-01,normal,70,98,88,84,28,open,
2026-08-04T08:33:24.984,462240792,T0001,OBJ-B,SC-01,normal,70,98,89,84,28,open,
2026-08-04T08:33:25.005,462260240,T0001,OBJ-B,SC-01,normal,70,98,89,84,28,open,
2026-08-04T08:33:25.024,462280720,T0001,OBJ-B,SC-01,normal,70,98,90,84,28,open,
2026-08-04T08:33:25.043,462300184,T0001,OBJ-B,SC-01,normal,70,98,90,84,28,open,
2026-08-04T08:33:25.064,462320664,T0001,OBJ-B,SC-01,normal,70,98,90,84,28,open,
2026-08-04T08:33:25.084,462340112,T0001,OBJ-B,SC-01,normal,70,98,91,84,28,open,
2026-08-04T08:33:25.105,462360592,T0001,OBJ-B,SC-01,normal,70,98,91,84,28,open,
2026-08-04T08:33:25.125,462380044,T0001,OBJ-B,SC-01,normal,70,98,92,84,28,open,
2026-08-04T08:33:25.144,462400540,T0001,OBJ-B,SC-01,normal,70,98,92,84,28,open,
2026-08-04T08:33:25.165,462421012,T0001,OBJ-B,SC-01,normal,70,98,93,84,28,open,
2026-08-04T08:33:25.184,462440464,T0001,OBJ-B,SC-01,normal,70,98,93,84,28,open,
2026-08-04T08:33:25.205,462460940,T0001,OBJ-B,SC-01,normal,70,98,93,84,28,open,
2026-08-04T08:33:25.224,462480408,T0001,OBJ-B,SC-01,normal,70,98,94,84,28,open,
2026-08-04T08:33:25.244,462500884,T0001,OBJ-B,SC-01,normal,70,98,94,84,28,open,
2026-08-04T08:33:25.264,462520336,T0001,OBJ-B,SC-01,normal,70,98,95,84,28,open,
2026-08-04T08:33:25.285,462540812,T0001,OBJ-B,SC-01,normal,70,98,95,84,28,open,
2026-08-04T08:33:25.304,462560280,T0001,OBJ-B,SC-01,normal,70,98,96,84,28,open,
2026-08-04T08:33:25.325,462580760,T0001,OBJ-B,SC-01,normal,70,98,96,84,28,open,
2026-08-04T08:33:25.344,462600208,T0001,OBJ-B,SC-01,normal,70,98,97,84,28,open,
2026-08-04T08:33:25.365,462620688,T0001,OBJ-B,SC-01,normal,70,98,97,84,28,open,
2026-08-04T08:33:25.384,462640136,T0001,OBJ-B,SC-01,normal,70,98,97,84,28,open,
2026-08-04T08:33:25.404,462660620,T0001,OBJ-B,SC-01,normal,70,98,97,84,28,open,
2026-08-04T08:33:25.424,462680084,T0001,OBJ-B,SC-01,normal,70,98,97,84,28,open,
2026-08-04T08:33:25.444,462700584,T0001,OBJ-B,SC-01,normal,70,98,97,84,28,open,
2026-08-04T08:33:25.465,462720016,T0001,OBJ-B,SC-01,normal,70,98,97,84,28,open,
2026-08-04T08:33:25.484,462740504,T0001,OBJ-B,SC-01,normal,70,98,97,84,28,open,
2026-08-04T08:33:25.505,462760984,T0001,OBJ-B,SC-01,normal,70,98,97,84,28,open,
2026-08-04T08:33:25.524,462780432,T0001,OBJ-B,SC-01,normal,70,98,97,84,28,open,
2026-08-04T08:33:25.545,462800916,T0001,OBJ-B,SC-01,normal,70,98,97,84,28,open,
2026-08-04T08:33:25.564,462820364,T0001,OBJ-B,SC-01,normal,70,98,97,84,28,open,
2026-08-04T08:33:25.584,462840844,T0001,OBJ-B,SC-01,normal,70,98,97,84,28,open,
2026-08-04T08:33:25.604,462860312,T0001,OBJ-B,SC-01,normal,70,98,97,84,28,open,
2026-08-04T08:33:25.624,462880792,T0001,OBJ-B,SC-01,normal,70,98,97,84,28,open,
2026-08-04T08:33:25.644,462900236,T0001,OBJ-B,SC-01,normal,70,98,97,84,28,open,
2026-08-04T08:33:25.664,462920716,T0001,OBJ-B,SC-01,normal,70,98,97,84,28,open,
2026-08-04T08:33:25.684,462940184,T0001,OBJ-B,SC-01,normal,70,98,97,84,28,open,
2026-08-04T08:33:25.704,462960664,T0001,OBJ-B,SC-01,normal,70,98,97,84,28,open,
2026-08-04T08:33:25.724,462980108,T0001,OBJ-B,SC-01,normal,70,98,97,84,28,open,
2026-08-04T08:33:25.744,463000600,T0001,OBJ-B,SC-01,normal,70,98,97,84,28,open,
2026-08-04T08:33:25.765,463020056,T0001,OBJ-B,SC-01,normal,70,98,97,84,28,open,
2026-08-04T08:33:25.785,463040532,T0001,OBJ-B,SC-01,normal,70,98,97,84,28,open,
2026-08-04T08:33:25.804,463061012,T0001,OBJ-B,SC-01,normal,70,98,97,84,28,open,
2026-08-04T08:33:25.823,463080460,T0001,OBJ-B,SC-01,normal,70,98,97,84,28,open,
2026-08-04T08:33:25.844,463100940,T0001,OBJ-B,SC-01,normal,70,98,97,84,28,open,
2026-08-04T08:33:25.863,463120408,T0001,OBJ-B,SC-01,normal,70,98,97,84,28,open,
2026-08-04T08:33:25.884,463140888,T0001,OBJ-B,SC-01,normal,70,98,97,84,28,open,
2026-08-04T08:33:25.904,463160336,T0001,OBJ-B,SC-01,normal,70,98,97,84,28,open,
2026-08-04T08:33:25.925,463180816,T0001,OBJ-B,SC-01,normal,70,98,97,84,28,open,
2026-08-04T08:33:25.944,463200280,T0001,OBJ-B,SC-01,normal,70,98,97,84,28,open,
2026-08-04T08:33:25.965,463220760,T0001,OBJ-B,SC-01,normal,70,98,97,84,28,open,
2026-08-04T08:33:25.984,463240208,T0001,OBJ-B,SC-01,normal,70,98,97,84,28,open,
2026-08-04T08:33:26.004,463260708,T0001,OBJ-B,SC-01,normal,70,98,97,84,28,open,
2026-08-04T08:33:26.024,463280140,T0001,OBJ-B,SC-01,normal,70,98,97,84,28,open,
2026-08-04T08:33:26.045,463300632,T0001,OBJ-B,SC-01,normal,70,98,97,84,28,open,
2026-08-04T08:33:26.063,463320088,T0001,OBJ-B,SC-01,normal,70,98,97,84,28,open,
2026-08-04T08:33:26.084,463340560,T0001,OBJ-B,SC-01,normal,70,98,97,84,28,open,
2026-08-04T08:33:26.105,463360016,T0001,OBJ-B,SC-01,normal,70,98,97,84,28,open,
2026-08-04T08:33:26.123,463380504,T0001,OBJ-B,SC-01,normal,70,98,97,84,28,open,
2026-08-04T08:33:26.144,463400984,T0001,OBJ-B,SC-01,normal,70,98,97,84,28,open,
2026-08-04T08:33:26.164,463420432,T0001,OBJ-B,SC-01,normal,70,98,97,84,28,open,
2026-08-04T08:33:26.185,463440912,T0001,OBJ-B,SC-01,normal,70,98,97,84,28,open,
2026-08-04T08:33:26.204,463460360,T0001,OBJ-B,SC-01,normal,70,98,97,84,28,open,
2026-08-04T08:33:26.224,463480844,T0001,OBJ-B,SC-01,normal,70,98,97,84,28,open,
2026-08-04T08:33:26.244,463500308,T0001,OBJ-B,SC-01,normal,70,98,97,84,28,open,
2026-08-04T08:33:26.264,463520792,T0001,OBJ-B,SC-01,normal,70,98,97,84,28,open,
2026-08-04T08:33:26.284,463540240,T0001,OBJ-B,SC-01,normal,70,98,97,84,28,open,
2026-08-04T08:33:26.304,463560736,T0001,OBJ-B,SC-01,normal,70,98,97,84,28,open,
2026-08-04T08:33:26.324,463580168,T0001,OBJ-B,SC-01,normal,70,98,97,84,28,open,
2026-08-04T08:33:26.344,463600664,T0001,OBJ-B,SC-01,normal,71,98,97,84,28,open,
2026-08-04T08:33:26.364,463620116,T0001,OBJ-B,SC-01,normal,71,98,97,84,28,open,
2026-08-04T08:33:26.384,463640592,T0001,OBJ-B,SC-01,normal,72,98,97,84,28,open,
2026-08-04T08:33:26.405,463660048,T0001,OBJ-B,SC-01,normal,73,98,97,84,28,open,
2026-08-04T08:33:26.424,463680524,T0001,OBJ-B,SC-01,normal,73,98,97,84,28,open,
2026-08-04T08:33:26.445,463701004,T0001,OBJ-B,SC-01,normal,74,98,97,84,28,open,
2026-08-04T08:33:26.464,463720468,T0001,OBJ-B,SC-01,normal,74,98,97,84,28,open,
2026-08-04T08:33:26.485,463740952,T0001,OBJ-B,SC-01,normal,74,98,97,84,28,open,
2026-08-04T08:33:26.504,463760400,T0001,OBJ-B,SC-01,normal,75,98,97,84,28,open,
2026-08-04T08:33:26.525,463780880,T0001,OBJ-B,SC-01,normal,75,98,97,84,28,open,
2026-08-04T08:33:26.544,463800344,T0001,OBJ-B,SC-01,normal,76,98,97,84,28,open,
2026-08-04T08:33:26.565,463820844,T0001,OBJ-B,SC-01,normal,76,98,97,84,28,open,
2026-08-04T08:33:26.584,463840276,T0001,OBJ-B,SC-01,normal,76,98,97,84,28,open,
2026-08-04T08:33:26.605,463860752,T0001,OBJ-B,SC-01,normal,77,98,97,84,28,open,
2026-08-04T08:33:26.624,463880208,T0001,OBJ-B,SC-01,normal,77,98,97,84,28,open,
2026-08-04T08:33:26.644,463900696,T0001,OBJ-B,SC-01,normal,78,98,97,84,28,open,
2026-08-04T08:33:26.664,463920152,T0001,OBJ-B,SC-01,normal,78,98,97,84,28,open,
2026-08-04T08:33:26.684,463940628,T0001,OBJ-B,SC-01,normal,78,98,97,84,28,open,
2026-08-04T08:33:26.703,463960084,T0001,OBJ-B,SC-01,normal,79,98,97,84,28,open,
2026-08-04T08:33:26.724,463980560,T0001,OBJ-B,SC-01,normal,79,98,97,84,28,open,
2026-08-04T08:33:26.745,464000016,T0001,OBJ-B,SC-01,normal,80,98,97,84,28,open,
2026-08-04T08:33:26.764,464020504,T0001,OBJ-B,SC-01,normal,80,98,97,84,28,open,
2026-08-04T08:33:26.785,464040980,T0001,OBJ-B,SC-01,normal,81,98,97,84,28,open,
2026-08-04T08:33:26.804,464060428,T0001,OBJ-B,SC-01,normal,81,98,97,84,28,open,
2026-08-04T08:33:26.824,464080920,T0001,OBJ-B,SC-01,normal,82,98,97,84,28,open,
2026-08-04T08:33:26.844,464100372,T0001,OBJ-B,SC-01,normal,82,98,97,84,28,open,
2026-08-04T08:33:26.865,464120848,T0001,OBJ-B,SC-01,normal,83,98,97,84,28,open,
2026-08-04T08:33:26.884,464140300,T0001,OBJ-B,SC-01,normal,83,98,97,84,28,open,
2026-08-04T08:33:26.904,464160792,T0001,OBJ-B,SC-01,normal,84,98,97,84,28,open,
2026-08-04T08:33:26.924,464180244,T0001,OBJ-B,SC-01,normal,85,98,97,84,28,open,
2026-08-04T08:33:26.944,464200716,T0001,OBJ-B,SC-01,normal,86,98,97,84,28,open,
2026-08-04T08:33:26.964,464220172,T0001,OBJ-B,SC-01,normal,86,98,97,84,28,open,
2026-08-04T08:33:26.984,464240660,T0001,OBJ-B,SC-01,normal,87,98,97,84,28,open,
2026-08-04T08:33:27.004,464260116,T0001,OBJ-B,SC-01,normal,88,98,97,84,28,open,
2026-08-04T08:33:27.024,464280588,T0001,OBJ-B,SC-01,normal,88,98,97,84,28,open,
2026-08-04T08:33:27.045,464300044,T0001,OBJ-B,SC-01,normal,89,98,97,84,28,open,
2026-08-04T08:33:27.064,464320536,T0001,OBJ-B,SC-01,normal,90,98,97,84,28,open,
2026-08-04T08:33:27.085,464341012,T0001,OBJ-B,SC-01,normal,91,98,97,84,28,open,
2026-08-04T08:33:27.104,464360464,T0001,OBJ-B,SC-01,normal,92,98,97,84,28,open,
2026-08-04T08:33:27.124,464380940,T0001,OBJ-B,SC-01,normal,92,98,97,84,28,open,
2026-08-04T08:33:27.144,464400396,T0001,OBJ-B,SC-01,normal,93,98,97,84,28,open,
2026-08-04T08:33:27.164,464420888,T0001,OBJ-B,SC-01,normal,94,98,97,84,28,open,
2026-08-04T08:33:27.183,464440340,T0001,OBJ-B,SC-01,normal,95,98,97,84,28,open,
2026-08-04T08:33:27.204,464460816,T0001,OBJ-B,SC-01,normal,96,98,97,84,28,open,
2026-08-04T08:33:27.224,464480268,T0001,OBJ-B,SC-01,normal,96,98,97,84,28,open,
2026-08-04T08:33:27.244,464500760,T0001,OBJ-B,SC-01,normal,97,98,97,84,28,open,
2026-08-04T08:33:27.264,464520216,T0001,OBJ-B,SC-01,normal,98,98,97,84,28,open,
2026-08-04T08:33:27.285,464540688,T0001,OBJ-B,SC-01,normal,98,98,97,84,28,open,
2026-08-04T08:33:27.304,464560144,T0001,OBJ-B,SC-01,normal,99,98,97,84,28,open,
2026-08-04T08:33:27.324,464580632,T0001,OBJ-B,SC-01,normal,100,98,97,84,28,open,
2026-08-04T08:33:27.344,464600080,T0001,OBJ-B,SC-01,normal,100,98,97,84,28,open,
2026-08-04T08:33:27.364,464620568,T0001,OBJ-B,SC-01,normal,101,98,97,84,28,open,
2026-08-04T08:33:27.385,464640016,T0001,OBJ-B,SC-01,normal,102,98,97,84,28,open,
2026-08-04T08:33:27.404,464660500,T0001,OBJ-B,SC-01,normal,103,98,97,84,28,open,
2026-08-04T08:33:27.424,464680988,T0001,OBJ-B,SC-01,normal,103,98,97,84,28,open,
2026-08-04T08:33:27.444,464700432,T0001,OBJ-B,SC-01,normal,104,98,97,84,28,open,
2026-08-04T08:33:27.464,464720920,T0001,OBJ-B,SC-01,normal,105,98,97,84,28,open,
2026-08-04T08:33:27.484,464740368,T0001,OBJ-B,SC-01,normal,106,98,97,84,28,open,
2026-08-04T08:33:27.505,464760856,T0001,OBJ-B,SC-01,normal,107,98,97,84,28,open,
2026-08-04T08:33:27.524,464780304,T0001,OBJ-B,SC-01,normal,108,98,97,84,28,open,
2026-08-04T08:33:27.544,464800792,T0001,OBJ-B,SC-01,normal,108,98,97,84,28,open,
2026-08-04T08:33:27.564,464820240,T0001,OBJ-B,SC-01,normal,109,98,97,84,28,open,
2026-08-04T08:33:27.584,464840728,T0001,OBJ-B,SC-01,normal,110,98,97,84,28,open,
2026-08-04T08:33:27.604,464860176,T0001,OBJ-B,SC-01,normal,111,98,97,84,28,open,
2026-08-04T08:33:27.624,464880664,T0001,OBJ-B,SC-01,normal,111,98,97,84,28,open,
2026-08-04T08:33:27.644,464900112,T0001,OBJ-B,SC-01,normal,112,98,97,84,28,open,
2026-08-04T08:33:27.664,464920596,T0001,OBJ-B,SC-01,normal,113,98,97,84,28,open,
2026-08-04T08:33:27.685,464940044,T0001,OBJ-B,SC-01,normal,113,98,97,84,28,open,
2026-08-04T08:33:27.704,464960532,T0001,OBJ-B,SC-01,normal,114,98,97,84,28,open,
2026-08-04T08:33:27.725,464981020,T0001,OBJ-B,SC-01,normal,115,98,97,84,28,open,
2026-08-04T08:33:27.744,465000468,T0001,OBJ-B,SC-01,normal,115,98,97,84,28,open,
2026-08-04T08:33:27.765,465020952,T0001,OBJ-B,SC-01,normal,115,98,97,84,28,open,
2026-08-04T08:33:27.784,465040400,T0001,OBJ-B,SC-01,normal,116,98,97,84,28,open,
2026-08-04T08:33:27.804,465060888,T0001,OBJ-B,SC-01,normal,116,98,97,84,28,open,
2026-08-04T08:33:27.824,465080336,T0001,OBJ-B,SC-01,normal,116,98,97,84,28,open,
2026-08-04T08:33:27.844,465100824,T0001,OBJ-B,SC-01,normal,117,98,97,84,28,open,
2026-08-04T08:33:27.863,465120272,T0001,OBJ-B,SC-01,normal,117,98,97,84,28,open,
2026-08-04T08:33:27.884,465140760,T0001,OBJ-B,SC-01,normal,117,98,97,84,28,open,
2026-08-04T08:33:27.904,465160208,T0001,OBJ-B,SC-01,normal,117,98,97,84,28,open,
2026-08-04T08:33:27.924,465180696,T0001,OBJ-B,SC-01,normal,117,98,97,84,28,open,
2026-08-04T08:33:27.944,465200148,T0001,OBJ-B,SC-01,normal,117,98,97,84,28,open,
2026-08-04T08:33:27.964,465220632,T0001,OBJ-B,SC-01,normal,118,98,97,84,28,open,
2026-08-04T08:33:27.984,465240084,T0001,OBJ-B,SC-01,normal,118,98,97,84,28,open,
2026-08-04T08:33:28.004,465260572,T0001,OBJ-B,SC-01,normal,118,98,97,84,28,open,
2026-08-04T08:33:28.025,465280020,T0001,OBJ-B,SC-01,normal,118,98,97,84,28,open,
2026-08-04T08:33:28.045,465300508,T0001,OBJ-B,SC-01,normal,118,98,97,84,28,open,
2026-08-04T08:33:28.064,465320976,T0001,OBJ-B,SC-01,normal,118,98,97,84,28,open,
2026-08-04T08:33:28.084,465340440,T0001,OBJ-B,SC-01,normal,118,98,97,84,28,open,
2026-08-04T08:33:28.105,465360908,T0001,OBJ-B,SC-01,normal,118,98,97,84,28,open,
2026-08-04T08:33:28.124,465380376,T0001,OBJ-B,SC-01,normal,118,98,97,84,28,open,
2026-08-04T08:33:28.145,465400844,T0001,OBJ-B,SC-01,normal,118,98,97,84,28,open,
2026-08-04T08:33:28.164,465420312,T0001,OBJ-B,SC-01,normal,118,98,97,84,28,open,
2026-08-04T08:33:28.184,465440780,T0001,OBJ-B,SC-01,normal,118,98,97,84,28,open,
2026-08-04T08:33:28.204,465460244,T0001,OBJ-B,SC-01,normal,118,98,97,84,28,open,
2026-08-04T08:33:28.224,465480712,T0001,OBJ-B,SC-01,normal,118,98,97,84,28,open,
2026-08-04T08:33:28.244,465500180,T0001,OBJ-B,SC-01,normal,118,98,97,84,28,open,
2026-08-04T08:33:28.264,465520668,T0001,OBJ-B,SC-01,normal,118,98,97,84,28,open,
2026-08-04T08:33:28.284,465540112,T0001,OBJ-B,SC-01,normal,118,98,97,84,28,open,
2026-08-04T08:33:28.305,465560600,T0001,OBJ-B,SC-01,normal,119,98,97,84,28,open,
2026-08-04T08:33:28.325,465580052,T0001,OBJ-B,SC-01,normal,119,98,97,84,28,open,
2026-08-04T08:33:28.345,465600520,T0001,OBJ-B,SC-01,normal,120,98,97,84,28,open,
2026-08-04T08:33:28.365,465621008,T0001,OBJ-B,SC-01,normal,120,98,97,84,28,open,
2026-08-04T08:33:28.385,465640456,T0001,OBJ-B,SC-01,normal,121,98,97,84,28,open,
2026-08-04T08:33:28.406,465660944,T0001,OBJ-B,SC-01,normal,121,98,97,84,28,open,
2026-08-04T08:33:28.425,465680392,T0001,OBJ-B,SC-01,normal,122,98,97,84,28,open,
2026-08-04T08:33:28.445,465700880,T0001,OBJ-B,SC-01,normal,122,98,97,84,28,open,
2026-08-04T08:33:28.465,465720344,T0001,OBJ-B,SC-01,normal,123,98,97,84,28,open,
2026-08-04T08:33:28.486,465740816,T0001,OBJ-B,SC-01,normal,123,98,97,84,28,open,
2026-08-04T08:33:28.505,465760280,T0001,OBJ-B,SC-01,normal,124,98,97,84,28,open,
2026-08-04T08:33:28.526,465780748,T0001,OBJ-B,SC-01,normal,124,98,97,84,28,open,
2026-08-04T08:33:28.545,465800216,T0001,OBJ-B,SC-01,normal,124,98,97,84,28,open,
2026-08-04T08:33:28.566,465820684,T0001,OBJ-B,SC-01,normal,125,98,97,84,28,open,
2026-08-04T08:33:28.586,465840152,T0001,OBJ-B,SC-01,normal,125,98,97,84,28,open,
2026-08-04T08:33:28.606,465860620,T0001,OBJ-B,SC-01,normal,126,98,97,84,28,open,
2026-08-04T08:33:28.625,465880088,T0001,OBJ-B,SC-01,normal,126,98,97,84,28,open,
2026-08-04T08:33:28.646,465900560,T0001,OBJ-B,SC-01,normal,127,98,97,84,28,open,
2026-08-04T08:33:28.666,465920028,T0001,OBJ-B,SC-01,normal,127,98,97,84,28,open,
2026-08-04T08:33:28.686,465940492,T0001,OBJ-B,SC-01,normal,127,98,97,84,28,open,
2026-08-04T08:33:28.707,465960980,T0001,OBJ-B,SC-01,normal,128,98,97,84,28,open,
2026-08-04T08:33:28.726,465980424,T0001,OBJ-B,SC-01,normal,128,98,97,84,28,open,
2026-08-04T08:33:28.764,466000912,T0001,OBJ-B,SC-01,normal,128,98,97,84,28,open,
2026-08-04T08:33:28.766,466020360,T0001,OBJ-B,SC-01,normal,129,98,97,84,28,open,
2026-08-04T08:33:28.804,466040848,T0001,OBJ-B,SC-01,normal,129,98,97,84,28,open,
2026-08-04T08:33:28.806,466060316,T0001,OBJ-B,SC-01,normal,129,98,97,84,28,open,
2026-08-04T08:33:28.844,466080784,T0001,OBJ-B,SC-01,normal,129,98,97,84,28,open,
2026-08-04T08:33:28.847,466100252,T0001,OBJ-B,SC-01,normal,129,98,97,84,28,open,
2026-08-04T08:33:28.883,466120720,T0001,OBJ-B,SC-01,normal,129,98,97,84,28,open,
2026-08-04T08:33:28.904,466140168,T0001,OBJ-B,SC-01,normal,129,98,97,84,28,open,
2026-08-04T08:33:28.924,466160656,T0001,OBJ-B,SC-01,normal,129,98,97,84,28,open,
2026-08-04T08:33:28.927,466180120,T0001,OBJ-B,SC-01,normal,129,98,97,84,28,open,
2026-08-04T08:33:28.965,466200588,T0001,OBJ-B,SC-01,normal,129,98,97,84,28,open,
2026-08-04T08:33:28.967,466220056,T0001,OBJ-B,SC-01,normal,129,98,97,84,28,open,
2026-08-04T08:33:29.005,466240524,T0001,OBJ-B,SC-01,normal,129,98,97,84,28,open,
2026-08-04T08:33:29.024,466261012,T0001,OBJ-B,SC-01,normal,129,98,97,84,28,open,
2026-08-04T08:33:29.044,466280460,T0001,OBJ-B,SC-01,normal,129,98,97,84,28,open,
2026-08-04T08:33:29.064,466300948,T0001,OBJ-B,SC-01,normal,129,98,97,84,28,open,
2026-08-04T08:33:29.084,466320396,T0001,OBJ-B,SC-01,normal,129,98,97,84,28,open,
2026-08-04T08:33:29.104,466340884,T0001,OBJ-B,SC-01,normal,129,98,97,84,28,open,
2026-08-04T08:33:29.125,466360332,T0001,OBJ-B,SC-01,normal,129,98,97,84,28,open,
2026-08-04T08:33:29.144,466380820,T0001,OBJ-B,SC-01,normal,129,98,97,84,28,open,
2026-08-04T08:33:29.164,466400268,T0001,OBJ-B,SC-01,normal,129,98,97,84,28,open,
2026-08-04T08:33:29.184,466420756,T0001,OBJ-B,SC-01,normal,129,98,97,84,28,open,
2026-08-04T08:33:29.204,466440204,T0001,OBJ-B,SC-01,normal,129,98,97,84,28,open,
2026-08-04T08:33:29.224,466460692,T0001,OBJ-B,SC-01,normal,129,98,97,84,28,open,
2026-08-04T08:33:29.244,466480140,T0001,OBJ-B,SC-01,normal,129,98,97,84,28,open,
2026-08-04T08:33:29.264,466500628,T0001,OBJ-B,SC-01,normal,129,98,97,84,28,open,
2026-08-04T08:33:29.284,466520076,T0001,OBJ-B,SC-01,normal,129,98,97,84,28,open,
2026-08-04T08:33:29.305,466540564,T0001,OBJ-B,SC-01,normal,129,98,97,84,28,open,
2026-08-04T08:33:29.324,466560016,T0001,OBJ-B,SC-01,normal,129,98,97,84,28,open,
2026-08-04T08:33:29.345,466580500,T0001,OBJ-B,SC-01,normal,129,98,97,84,28,open,
2026-08-04T08:33:29.364,466600988,T0001,OBJ-B,SC-01,normal,129,98,97,84,28,open,
2026-08-04T08:33:29.384,466620436,T0001,OBJ-B,SC-01,normal,129,98,97,84,28,open,
2026-08-04T08:33:29.404,466640920,T0001,OBJ-B,SC-01,normal,129,98,97,84,28,open,
2026-08-04T08:33:29.424,466660368,T0001,OBJ-B,SC-01,normal,129,98,97,84,28,open,
2026-08-04T08:33:29.444,466680856,T0001,OBJ-B,SC-01,normal,129,98,97,84,28,open,
2026-08-04T08:33:29.464,466700304,T0001,OBJ-B,SC-01,normal,129,98,97,84,28,open,
2026-08-04T08:33:29.484,466720792,T0001,OBJ-B,SC-01,normal,129,98,97,84,28,open,
2026-08-04T08:33:29.504,466740240,T0001,OBJ-B,SC-01,normal,129,98,97,84,28,open,
2026-08-04T08:33:29.523,466760728,T0001,OBJ-B,SC-01,normal,129,98,97,84,28,open,
2026-08-04T08:33:29.544,466780176,T0001,OBJ-B,SC-01,normal,129,99,97,84,28,open,
2026-08-04T08:33:29.564,466800664,T0001,OBJ-B,SC-01,normal,129,99,97,84,28,open,
2026-08-04T08:33:29.584,466820112,T0001,OBJ-B,SC-01,normal,129,99,97,84,28,open,
2026-08-04T08:33:29.605,466840596,T0001,OBJ-B,SC-01,normal,129,100,97,84,28,open,
2026-08-04T08:33:29.624,466860072,T0001,OBJ-B,SC-01,normal,129,100,97,84,28,open,
2026-08-04T08:33:29.645,466880528,T0001,OBJ-B,SC-01,normal,129,101,97,84,28,open,
2026-08-04T08:33:29.664,466901020,T0001,OBJ-B,SC-01,normal,129,101,97,84,28,open,
2026-08-04T08:33:29.684,466920476,T0001,OBJ-B,SC-01,normal,129,102,97,84,28,open,
2026-08-04T08:33:29.704,466940948,T0001,OBJ-B,SC-01,normal,129,102,97,84,28,open,
2026-08-04T08:33:29.724,466960392,T0001,OBJ-B,SC-01,normal,129,103,97,84,28,open,
2026-08-04T08:33:29.744,466980876,T0001,OBJ-B,SC-01,normal,129,103,97,84,28,open,
2026-08-04T08:33:29.765,467000344,T0001,OBJ-B,SC-01,normal,129,103,97,84,28,open,
2026-08-04T08:33:29.784,467020812,T0001,OBJ-B,SC-01,normal,129,103,97,84,28,open,
2026-08-04T08:33:29.804,467040280,T0001,OBJ-B,SC-01,normal,129,104,97,84,28,open,
2026-08-04T08:33:29.824,467060764,T0001,OBJ-B,SC-01,normal,129,104,97,84,28,open,
2026-08-04T08:33:29.844,467080220,T0001,OBJ-B,SC-01,normal,129,104,97,84,28,open,
2026-08-04T08:33:29.864,467100696,T0001,OBJ-B,SC-01,normal,129,104,97,84,28,open,
2026-08-04T08:33:29.884,467120144,T0001,OBJ-B,SC-01,normal,129,104,97,84,28,open,
2026-08-04T08:33:29.904,467140636,T0001,OBJ-B,SC-01,normal,129,105,97,84,28,open,
2026-08-04T08:33:29.924,467160076,T0001,OBJ-B,SC-01,normal,129,105,97,84,28,open,
2026-08-04T08:33:29.944,467180564,T0001,OBJ-B,SC-01,normal,129,105,97,84,28,open,
2026-08-04T08:33:29.963,467200024,T0001,OBJ-B,SC-01,normal,129,105,97,84,28,open,
2026-08-04T08:33:29.985,467220804,T0001,OBJ-B,SC-01,normal,129,106,97,84,28,open,
2026-08-04T08:33:30.004,467241304,T0001,OBJ-B,SC-01,normal,129,107,97,84,28,open,
2026-08-04T08:33:30.025,467260744,T0001,OBJ-B,SC-01,normal,129,107,97,84,28,open,
2026-08-04T08:33:30.044,467281192,T0001,OBJ-B,SC-01,normal,129,107,97,84,28,open,
2026-08-04T08:33:30.064,467300544,T0001,OBJ-B,SC-01,normal,129,108,97,84,28,open,
2026-08-04T08:33:30.084,467320904,T0001,OBJ-B,SC-01,normal,129,108,97,84,28,open,
2026-08-04T08:33:30.105,467340608,T0001,OBJ-B,SC-01,normal,129,109,97,84,28,open,
2026-08-04T08:33:30.124,467360916,T0001,OBJ-B,SC-01,normal,129,109,97,84,28,open,
2026-08-04T08:33:30.145,467380236,T0001,OBJ-B,SC-01,normal,129,110,97,84,28,open,
2026-08-04T08:33:30.164,467400716,T0001,OBJ-B,SC-01,normal,129,110,97,84,28,open,
2026-08-04T08:33:30.184,467420176,T0001,OBJ-B,SC-01,normal,129,111,97,84,28,open,
2026-08-04T08:33:30.204,467440656,T0001,OBJ-B,SC-01,normal,129,111,97,84,28,open,
2026-08-04T08:33:30.224,467460120,T0001,OBJ-B,SC-01,normal,129,111,97,84,28,open,
2026-08-04T08:33:30.245,467480596,T0001,OBJ-B,SC-01,normal,129,112,97,84,28,open,
2026-08-04T08:33:30.265,467500388,T0001,OBJ-B,SC-01,normal,129,112,97,84,28,open,
2026-08-04T08:33:30.285,467520536,T0001,OBJ-B,SC-01,normal,129,113,97,84,28,open,
2026-08-04T08:33:30.304,467541016,T0001,OBJ-B,SC-01,normal,129,113,97,84,28,open,
2026-08-04T08:33:30.325,467560460,T0001,OBJ-B,SC-01,normal,129,113,97,84,28,open,
2026-08-04T08:33:30.344,467580940,T0001,OBJ-B,SC-01,normal,129,114,97,84,28,open,
2026-08-04T08:33:30.364,467600404,T0001,OBJ-B,SC-01,normal,129,114,97,84,28,open,
2026-08-04T08:33:30.384,467620884,T0001,OBJ-B,SC-01,normal,129,115,97,84,28,open,
2026-08-04T08:33:30.404,467640340,T0001,OBJ-B,SC-01,normal,129,115,97,84,28,open,
2026-08-04T08:33:30.424,467660824,T0001,OBJ-B,SC-01,normal,129,115,97,84,28,open,
2026-08-04T08:33:30.444,467680280,T0001,OBJ-B,SC-01,normal,129,115,97,84,28,open,
2026-08-04T08:33:30.464,467700744,T0001,OBJ-B,SC-01,normal,129,116,97,84,28,open,
2026-08-04T08:33:30.484,467720224,T0001,OBJ-B,SC-01,normal,129,116,97,84,28,open,
2026-08-04T08:33:30.504,467740688,T0001,OBJ-B,SC-01,normal,129,116,97,84,28,open,
2026-08-04T08:33:30.524,467760152,T0001,OBJ-B,SC-01,normal,129,117,97,84,28,open,
2026-08-04T08:33:30.544,467780632,T0001,OBJ-B,SC-01,normal,129,117,97,84,28,open,
2026-08-04T08:33:30.564,467800080,T0001,OBJ-B,SC-01,normal,129,117,97,84,28,open,
2026-08-04T08:33:30.585,467820556,T0001,OBJ-B,SC-01,normal,129,117,97,84,28,open,
2026-08-04T08:33:30.605,467840020,T0001,OBJ-B,SC-01,normal,129,117,97,84,28,open,
2026-08-04T08:33:30.624,467860500,T0001,OBJ-B,SC-01,normal,129,117,97,84,28,open,
2026-08-04T08:33:30.644,467880980,T0001,OBJ-B,SC-01,normal,129,118,97,84,28,open,
2026-08-04T08:33:30.665,467900440,T0001,OBJ-B,SC-01,normal,129,118,97,84,28,open,
2026-08-04T08:33:30.684,467920920,T0001,OBJ-B,SC-01,normal,129,118,97,84,28,open,
2026-08-04T08:33:30.705,467940364,T0001,OBJ-B,SC-01,normal,129,118,97,84,28,open,
2026-08-04T08:33:30.724,467960848,T0001,OBJ-B,SC-01,normal,129,118,97,84,28,open,
2026-08-04T08:33:30.744,467980308,T0001,OBJ-B,SC-01,normal,129,118,97,84,28,open,
2026-08-04T08:33:30.764,468000788,T0001,OBJ-B,SC-01,normal,129,118,97,84,28,open,
2026-08-04T08:33:30.785,468020252,T0001,OBJ-B,SC-01,normal,129,118,97,84,28,open,
2026-08-04T08:33:30.804,468040728,T0001,OBJ-B,SC-01,normal,129,118,97,84,28,open,
2026-08-04T08:33:30.824,468060172,T0001,OBJ-B,SC-01,normal,129,118,97,84,28,open,
2026-08-04T08:33:30.844,468080652,T0001,OBJ-B,SC-01,normal,129,119,97,84,28,open,
2026-08-04T08:33:30.864,468100112,T0001,OBJ-B,SC-01,normal,129,119,97,84,28,open,
2026-08-04T08:33:30.885,468120592,T0001,OBJ-B,SC-01,normal,129,119,97,84,28,open,
2026-08-04T08:33:30.904,468140056,T0001,OBJ-B,SC-01,normal,129,120,97,84,28,open,
2026-08-04T08:33:30.925,468160536,T0001,OBJ-B,SC-01,normal,129,120,97,84,28,open,
2026-08-04T08:33:30.944,468181016,T0001,OBJ-B,SC-01,normal,129,120,97,84,28,open,
2026-08-04T08:33:30.964,468200460,T0001,OBJ-B,SC-01,normal,129,120,97,84,28,open,
2026-08-04T08:33:30.984,468220940,T0001,OBJ-B,SC-01,normal,129,120,97,84,28,open,
2026-08-04T08:33:31.005,468240400,T0001,OBJ-B,SC-01,normal,129,120,97,84,28,open,
2026-08-04T08:33:31.024,468260884,T0001,OBJ-B,SC-01,normal,129,120,97,84,28,open,
2026-08-04T08:33:31.044,468280344,T0001,OBJ-B,SC-01,normal,129,120,97,84,28,open,
2026-08-04T08:33:31.064,468300824,T0001,OBJ-B,SC-01,normal,129,120,97,84,28,open,
2026-08-04T08:33:31.084,468320268,T0001,OBJ-B,SC-01,normal,129,120,97,84,28,open,
2026-08-04T08:33:31.104,468340748,T0001,OBJ-B,SC-01,normal,129,120,97,84,28,open,
2026-08-04T08:33:31.124,468360212,T0001,OBJ-B,SC-01,normal,129,120,97,84,28,open,
2026-08-04T08:33:31.144,468380688,T0001,OBJ-B,SC-01,normal,129,120,97,84,28,open,
2026-08-04T08:33:31.164,468400152,T0001,OBJ-B,SC-01,normal,129,120,97,84,28,open,
2026-08-04T08:33:31.184,468420632,T0001,OBJ-B,SC-01,normal,129,120,97,84,28,open,
2026-08-04T08:33:31.204,468440080,T0001,OBJ-B,SC-01,normal,129,120,97,84,28,open,
2026-08-04T08:33:31.225,468460556,T0001,OBJ-B,SC-01,normal,129,120,97,84,28,open,
2026-08-04T08:33:31.244,468480024,T0001,OBJ-B,SC-01,normal,129,120,97,84,28,open,
2026-08-04T08:33:31.265,468500500,T0001,OBJ-B,SC-01,normal,129,120,97,84,28,open,
2026-08-04T08:33:31.284,468520980,T0001,OBJ-B,SC-01,normal,129,120,97,84,28,open,
2026-08-04T08:33:31.305,468540440,T0001,OBJ-B,SC-01,normal,129,120,97,84,28,open,
2026-08-04T08:33:31.324,468560920,T0001,OBJ-B,SC-01,normal,129,120,97,84,28,open,
2026-08-04T08:33:31.345,468580384,T0001,OBJ-B,SC-01,normal,129,120,97,84,28,open,
2026-08-04T08:33:31.364,468600848,T0001,OBJ-B,SC-01,normal,129,120,98,84,28,open,
2026-08-04T08:33:31.384,468620312,T0001,OBJ-B,SC-01,normal,129,120,98,84,28,open,
2026-08-04T08:33:31.404,468640792,T0001,OBJ-B,SC-01,normal,129,120,99,84,28,open,
2026-08-04T08:33:31.425,468660236,T0001,OBJ-B,SC-01,normal,129,120,99,84,28,open,
2026-08-04T08:33:31.444,468680728,T0001,OBJ-B,SC-01,normal,129,120,100,84,28,open,
2026-08-04T08:33:31.465,468700184,T0001,OBJ-B,SC-01,normal,129,120,100,84,28,open,
2026-08-04T08:33:31.484,468720656,T0001,OBJ-B,SC-01,normal,129,120,101,84,28,open,
2026-08-04T08:33:31.504,468740116,T0001,OBJ-B,SC-01,normal,129,120,101,84,28,open,
2026-08-04T08:33:31.525,468760588,T0001,OBJ-B,SC-01,normal,129,120,102,84,28,open,
2026-08-04T08:33:31.544,468780048,T0001,OBJ-B,SC-01,normal,129,120,102,84,28,open,
2026-08-04T08:33:31.565,468800536,T0001,OBJ-B,SC-01,normal,129,120,103,84,28,open,
2026-08-04T08:33:31.583,468821012,T0001,OBJ-B,SC-01,normal,129,120,103,84,28,open,
2026-08-04T08:33:31.604,468840468,T0001,OBJ-B,SC-01,normal,129,120,104,84,28,open,
2026-08-04T08:33:31.624,468860940,T0001,OBJ-B,SC-01,normal,129,120,104,84,28,open,
2026-08-04T08:33:31.644,468880400,T0001,OBJ-B,SC-01,normal,129,120,104,84,28,open,
2026-08-04T08:33:31.664,468900888,T0001,OBJ-B,SC-01,normal,129,120,104,84,28,open,
2026-08-04T08:33:31.684,468920344,T0001,OBJ-B,SC-01,normal,129,120,104,84,28,open,
2026-08-04T08:33:31.704,468940816,T0001,OBJ-B,SC-01,normal,129,120,104,84,28,open,
2026-08-04T08:33:31.725,468960272,T0001,OBJ-B,SC-01,normal,129,120,104,84,28,open,
2026-08-04T08:33:31.744,468980748,T0001,OBJ-B,SC-01,normal,129,120,104,84,28,open,
2026-08-04T08:33:31.765,469000204,T0001,OBJ-B,SC-01,normal,129,120,104,84,28,open,
2026-08-04T08:33:31.784,469020696,T0001,OBJ-B,SC-01,normal,129,120,104,84,28,open,
2026-08-04T08:33:31.804,469040152,T0001,OBJ-B,SC-01,normal,129,120,104,84,28,open,
2026-08-04T08:33:31.823,469060624,T0001,OBJ-B,SC-01,normal,129,120,104,84,28,open,
2026-08-04T08:33:31.844,469080084,T0001,OBJ-B,SC-01,normal,129,120,103,84,28,open,
2026-08-04T08:33:31.865,469100556,T0001,OBJ-B,SC-01,normal,129,120,102,84,28,open,
2026-08-04T08:33:31.884,469120012,T0001,OBJ-B,SC-01,normal,129,120,102,84,28,open,
2026-08-04T08:33:31.905,469140504,T0001,OBJ-B,SC-01,normal,129,120,101,84,28,open,
2026-08-04T08:33:31.924,469160984,T0001,OBJ-B,SC-01,normal,129,120,99,84,28,open,
2026-08-04T08:33:31.944,469180428,T0001,OBJ-B,SC-01,normal,129,120,98,84,28,open,
2026-08-04T08:33:31.963,469200908,T0001,OBJ-B,SC-01,normal,129,120,97,84,28,open,
2026-08-04T08:33:31.984,469220372,T0001,OBJ-B,SC-01,normal,129,120,96,84,28,open,
2026-08-04T08:33:32.004,469240852,T0001,OBJ-B,SC-01,normal,129,120,95,84,28,open,
2026-08-04T08:33:32.024,469260296,T0001,OBJ-B,SC-01,normal,129,120,94,84,28,open,
2026-08-04T08:33:32.044,469280792,T0001,OBJ-B,SC-01,normal,129,120,93,84,28,open,
2026-08-04T08:33:32.064,469300240,T0001,OBJ-B,SC-01,normal,129,120,92,84,28,open,
2026-08-04T08:33:32.084,469320716,T0001,OBJ-B,SC-01,normal,129,120,91,84,28,open,
2026-08-04T08:33:32.105,469340180,T0001,OBJ-B,SC-01,normal,129,120,90,84,28,open,
2026-08-04T08:33:32.124,469360660,T0001,OBJ-B,SC-01,normal,129,120,89,84,28,open,
2026-08-04T08:33:32.144,469380120,T0001,OBJ-B,SC-01,normal,129,120,88,84,28,open,
2026-08-04T08:33:32.165,469400600,T0001,OBJ-B,SC-01,normal,129,120,87,84,28,open,
2026-08-04T08:33:32.184,469420048,T0001,OBJ-B,SC-01,normal,129,120,86,84,28,open,
2026-08-04T08:33:32.205,469440544,T0001,OBJ-B,SC-01,normal,129,120,85,84,28,open,
2026-08-04T08:33:32.224,469461008,T0001,OBJ-B,SC-01,normal,129,120,84,84,28,open,
2026-08-04T08:33:32.244,469480472,T0001,OBJ-B,SC-01,normal,129,120,83,84,28,open,
2026-08-04T08:33:32.264,469500952,T0001,OBJ-B,SC-01,normal,129,120,83,84,28,open,
2026-08-04T08:33:32.285,469520396,T0001,OBJ-B,SC-01,normal,129,120,82,84,28,open,
2026-08-04T08:33:32.304,469540876,T0001,OBJ-B,SC-01,normal,129,120,82,84,28,open,
2026-08-04T08:33:32.325,469560340,T0001,OBJ-B,SC-01,normal,129,120,81,84,28,open,
2026-08-04T08:33:32.344,469580820,T0001,OBJ-B,SC-01,normal,129,120,81,84,28,open,
2026-08-04T08:33:32.364,469600280,T0001,OBJ-B,SC-01,normal,129,120,81,84,28,open,
2026-08-04T08:33:32.384,469620760,T0001,OBJ-B,SC-01,normal,129,120,81,84,28,open,
2026-08-04T08:33:32.404,469640204,T0001,OBJ-B,SC-01,normal,129,120,81,84,28,open,
2026-08-04T08:33:32.424,469660684,T0001,OBJ-B,SC-01,normal,129,120,81,84,28,open,
2026-08-04T08:33:32.444,469680148,T0001,OBJ-B,SC-01,normal,129,120,81,84,28,open,
2026-08-04T08:33:32.464,469700628,T0001,OBJ-B,SC-01,normal,129,120,81,84,28,open,
2026-08-04T08:33:32.484,469720092,T0001,OBJ-B,SC-01,normal,129,120,81,84,28,open,
2026-08-04T08:33:32.505,469740556,T0001,OBJ-B,SC-01,normal,129,120,81,84,28,open,
2026-08-04T08:33:32.524,469760016,T0001,OBJ-B,SC-01,normal,129,120,81,84,28,open,
2026-08-04T08:33:32.545,469780496,T0001,OBJ-B,SC-01,normal,129,120,81,84,28,open,
2026-08-04T08:33:32.564,469800976,T0001,OBJ-B,SC-01,normal,129,120,81,84,28,open,
2026-08-04T08:33:32.585,469820436,T0001,OBJ-B,SC-01,normal,129,120,81,84,28,open,
2026-08-04T08:33:32.604,469840916,T0001,OBJ-B,SC-01,normal,129,120,80,84,28,open,
2026-08-04T08:33:32.625,469860364,T0001,OBJ-B,SC-01,normal,129,120,80,84,28,open,
2026-08-04T08:33:32.644,469880840,T0001,OBJ-B,SC-01,normal,129,120,79,84,28,open,
2026-08-04T08:33:32.665,469900304,T0001,OBJ-B,SC-01,normal,129,120,78,84,28,open,
2026-08-04T08:33:32.684,469920784,T0001,OBJ-B,SC-01,normal,129,120,77,84,28,open,
2026-08-04T08:33:32.705,469940248,T0001,OBJ-B,SC-01,normal,129,120,77,84,28,open,
2026-08-04T08:33:32.724,469960728,T0001,OBJ-B,SC-01,normal,129,120,76,84,28,open,
2026-08-04T08:33:32.744,469980176,T0001,OBJ-B,SC-01,normal,129,120,75,84,28,open,
2026-08-04T08:33:32.764,470000656,T0001,OBJ-B,SC-01,normal,129,120,75,84,28,open,
2026-08-04T08:33:32.784,470020120,T0001,OBJ-B,SC-01,normal,129,120,74,84,28,open,
2026-08-04T08:33:32.805,470040600,T0001,OBJ-B,SC-01,normal,129,120,74,84,28,open,
2026-08-04T08:33:32.825,470060044,T0001,OBJ-B,SC-01,normal,129,120,73,84,28,open,
2026-08-04T08:33:32.845,470080528,T0001,OBJ-B,SC-01,normal,129,120,72,84,28,open,
2026-08-04T08:33:32.864,470101008,T0001,OBJ-B,SC-01,normal,129,120,72,84,28,open,
2026-08-04T08:33:32.885,470120472,T0001,OBJ-B,SC-01,normal,129,120,71,84,28,open,
2026-08-04T08:33:32.904,470140952,T0001,OBJ-B,SC-01,normal,129,120,71,84,28,open,
2026-08-04T08:33:32.924,470160396,T0001,OBJ-B,SC-01,normal,129,120,70,84,28,open,
2026-08-04T08:33:32.944,470180876,T0001,OBJ-B,SC-01,normal,129,120,69,84,28,open,
2026-08-04T08:33:32.964,470200344,T0001,OBJ-B,SC-01,normal,129,120,69,84,28,open,
2026-08-04T08:33:32.984,470220824,T0001,OBJ-B,SC-01,normal,129,120,68,84,28,open,
2026-08-04T08:33:33.004,470240268,T0001,OBJ-B,SC-01,normal,129,120,68,84,28,open,
2026-08-04T08:33:33.024,470260748,T0001,OBJ-B,SC-01,normal,129,120,67,84,28,open,
2026-08-04T08:33:33.044,470280212,T0001,OBJ-B,SC-01,normal,129,120,67,84,28,open,
2026-08-04T08:33:33.063,470300692,T0001,OBJ-B,SC-01,normal,129,120,67,84,28,open,
2026-08-04T08:33:33.084,470320136,T0001,OBJ-B,SC-01,normal,129,120,66,84,28,open,
2026-08-04T08:33:33.104,470340620,T0001,OBJ-B,SC-01,normal,129,120,66,84,28,open,
2026-08-04T08:33:33.124,470360084,T0001,OBJ-B,SC-01,normal,129,120,65,84,28,open,
2026-08-04T08:33:33.145,470380564,T0001,OBJ-B,SC-01,normal,129,120,65,84,28,open,
2026-08-04T08:33:33.164,470400012,T0001,OBJ-B,SC-01,normal,129,120,65,84,28,open,
2026-08-04T08:33:33.185,470420492,T0001,OBJ-B,SC-01,normal,129,120,65,84,28,open,
2026-08-04T08:33:33.204,470440972,T0001,OBJ-B,SC-01,normal,129,120,64,84,28,open,
2026-08-04T08:33:33.224,470460432,T0001,OBJ-B,SC-01,normal,129,120,64,84,28,open,
2026-08-04T08:33:33.244,470480912,T0001,OBJ-B,SC-01,normal,129,120,64,84,28,open,
2026-08-04T08:33:33.265,470500376,T0001,OBJ-B,SC-01,normal,129,120,63,84,28,open,
2026-08-04T08:33:33.284,470520856,T0001,OBJ-B,SC-01,normal,129,120,63,84,28,open,
2026-08-04T08:33:33.305,470540304,T0001,OBJ-B,SC-01,normal,129,120,63,84,28,open,
2026-08-04T08:33:33.324,470560784,T0001,OBJ-B,SC-01,normal,129,120,63,84,28,open,
2026-08-04T08:33:33.345,470580248,T0001,OBJ-B,SC-01,normal,129,120,63,84,28,open,
2026-08-04T08:33:33.364,470600744,T0001,OBJ-B,SC-01,normal,129,120,63,84,28,open,
2026-08-04T08:33:33.384,470620172,T0001,OBJ-B,SC-01,normal,129,120,63,84,28,open,
2026-08-04T08:33:33.404,470640652,T0001,OBJ-B,SC-01,normal,129,120,63,84,28,open,
2026-08-04T08:33:33.425,470660112,T0001,OBJ-B,SC-01,normal,129,120,63,84,28,open,
2026-08-04T08:33:33.445,470680596,T0001,OBJ-B,SC-01,normal,129,120,63,84,28,open,
2026-08-04T08:33:33.464,470700056,T0001,OBJ-B,SC-01,normal,129,120,63,84,28,open,
2026-08-04T08:33:33.485,470720524,T0001,OBJ-B,SC-01,normal,129,120,63,84,28,open,
2026-08-04T08:33:33.504,470741000,T0001,OBJ-B,SC-01,normal,129,120,63,84,28,open,
2026-08-04T08:33:33.525,470760464,T0001,OBJ-B,SC-01,normal,129,120,63,84,28,open,
2026-08-04T08:33:33.545,470780944,T0001,OBJ-B,SC-01,normal,129,120,63,84,28,open,
2026-08-04T08:33:33.565,470800412,T0001,OBJ-B,SC-01,normal,129,120,63,84,28,open,
2026-08-04T08:33:33.585,470820888,T0001,OBJ-B,SC-01,normal,129,120,63,84,28,open,
2026-08-04T08:33:33.605,470840336,T0001,OBJ-B,SC-01,normal,129,120,63,84,28,open,
2026-08-04T08:33:33.625,470860816,T0001,OBJ-B,SC-01,normal,129,120,63,84,28,open,
2026-08-04T08:33:33.645,470880276,T0001,OBJ-B,SC-01,normal,129,120,63,84,28,open,
2026-08-04T08:33:33.665,470900760,T0001,OBJ-B,SC-01,normal,129,120,63,84,28,open,
2026-08-04T08:33:33.685,470920204,T0001,OBJ-B,SC-01,normal,129,120,63,84,28,open,
2026-08-04T08:33:33.705,470940688,T0001,OBJ-B,SC-01,normal,129,120,63,84,28,open,
2026-08-04T08:33:33.724,470960148,T0001,OBJ-B,SC-01,normal,129,120,63,84,28,open,
2026-08-04T08:33:33.745,470980632,T0001,OBJ-B,SC-01,normal,129,120,63,84,28,open,
2026-08-04T08:33:33.764,471000076,T0001,OBJ-B,SC-01,normal,129,120,63,84,28,open,
2026-08-04T08:33:33.785,471020560,T0001,OBJ-B,SC-01,normal,129,120,63,84,28,open,
2026-08-04T08:33:33.804,471040024,T0001,OBJ-B,SC-01,normal,129,119,63,84,28,open,
2026-08-04T08:33:33.825,471060500,T0001,OBJ-B,SC-01,normal,129,119,63,84,28,open,
2026-08-04T08:33:33.846,471080980,T0001,OBJ-B,SC-01,normal,129,119,63,84,28,open,
2026-08-04T08:33:33.865,471100440,T0001,OBJ-B,SC-01,normal,129,118,63,84,28,open,
2026-08-04T08:33:33.886,471120920,T0001,OBJ-B,SC-01,normal,129,118,63,84,28,open,
2026-08-04T08:33:33.905,471140364,T0001,OBJ-B,SC-01,normal,128,118,63,84,28,open,
2026-08-04T08:33:33.926,471160860,T0001,OBJ-B,SC-01,normal,129,117,63,84,28,open,
2026-08-04T08:33:33.945,471180308,T0001,OBJ-B,SC-01,normal,128,117,63,84,28,open,
2026-08-04T08:33:33.966,471200792,T0001,OBJ-B,SC-01,normal,129,116,63,84,28,open,
2026-08-04T08:33:33.985,471220236,T0001,OBJ-B,SC-01,normal,129,115,63,84,28,open,
2026-08-04T08:33:34.024,471240716,T0001,OBJ-B,SC-01,normal,129,114,63,84,28,open,
2026-08-04T08:33:34.025,471260176,T0001,OBJ-B,SC-01,normal,129,114,63,84,28,open,
2026-08-04T08:33:34.064,471280656,T0001,OBJ-B,SC-01,normal,129,113,63,84,28,open,
2026-08-04T08:33:34.066,471300116,T0001,OBJ-B,SC-01,normal,129,113,63,84,28,open,
2026-08-04T08:33:34.086,471320600,T0001,OBJ-B,SC-01,normal,129,113,63,84,28,open,
2026-08-04T08:33:34.106,471340044,T0001,OBJ-B,SC-01,normal,129,113,63,84,28,open,
2026-08-04T08:33:34.126,471360524,T0001,OBJ-B,SC-01,normal,129,113,63,84,28,open,
2026-08-04T08:33:34.164,471381004,T0001,OBJ-B,SC-01,normal,129,113,63,84,28,open,
2026-08-04T08:33:34.167,471400468,T0001,OBJ-B,SC-01,normal,129,113,63,84,28,open,
2026-08-04T08:33:34.205,471420944,T0001,OBJ-B,SC-01,normal,129,113,63,84,28,open,
2026-08-04T08:33:34.207,471440408,T0001,OBJ-B,SC-01,normal,129,113,63,84,28,open,
2026-08-04T08:33:34.245,471460888,T0001,OBJ-B,SC-01,normal,129,113,63,84,28,open,
2026-08-04T08:33:34.247,471480336,T0001,OBJ-B,SC-01,normal,129,113,63,84,28,open,
2026-08-04T08:33:34.284,471500816,T0001,OBJ-B,SC-01,normal,129,113,63,84,28,open,
2026-08-04T08:33:34.287,471520276,T0001,OBJ-B,SC-01,normal,129,113,63,84,28,open,
2026-08-04T08:33:34.324,471540760,T0001,OBJ-B,SC-01,normal,129,112,63,84,28,open,
2026-08-04T08:33:34.327,471560204,T0001,OBJ-B,SC-01,normal,129,112,63,84,28,open,
2026-08-04T08:33:34.364,471580684,T0001,OBJ-B,SC-01,normal,129,112,63,84,28,open,
2026-08-04T08:33:34.367,471600144,T0001,OBJ-B,SC-01,normal,129,112,63,84,28,open,
2026-08-04T08:33:34.404,471620624,T0001,OBJ-B,SC-01,normal,129,112,63,84,28,open,
2026-08-04T08:33:34.407,471640088,T0001,OBJ-B,SC-01,normal,128,112,63,84,28,open,
2026-08-04T08:33:34.445,471660568,T0001,OBJ-B,SC-01,normal,129,112,63,84,28,open,
2026-08-04T08:33:34.447,471680012,T0001,OBJ-B,SC-01,normal,129,112,63,84,28,open,
2026-08-04T08:33:34.484,471700492,T0001,OBJ-B,SC-01,normal,129,112,63,84,28,open,
2026-08-04T08:33:34.505,471720972,T0001,OBJ-B,SC-01,normal,129,112,63,84,28,open,
2026-08-04T08:33:34.524,471740436,T0001,OBJ-B,SC-01,normal,128,113,63,84,28,open,
2026-08-04T08:33:34.544,471760916,T0001,OBJ-B,SC-01,normal,129,113,63,84,28,open,
2026-08-04T08:33:34.564,471780360,T0001,OBJ-B,SC-01,normal,129,114,63,84,28,open,
2026-08-04T08:33:34.584,471800844,T0001,OBJ-B,SC-01,normal,129,115,63,84,28,open,
2026-08-04T08:33:34.604,471820308,T0001,OBJ-B,SC-01,normal,128,116,63,84,28,open,
2026-08-04T08:33:34.624,471840788,T0001,OBJ-B,SC-01,normal,129,117,63,84,28,open,
2026-08-04T08:33:34.644,471860232,T0001,OBJ-B,SC-01,normal,129,118,63,84,28,open,
2026-08-04T08:33:34.664,471880712,T0001,OBJ-B,SC-01,normal,129,120,63,84,28,open,
2026-08-04T08:33:34.684,471900172,T0001,OBJ-B,SC-01,normal,129,121,63,84,28,open,
2026-08-04T08:33:34.704,471920652,T0001,OBJ-B,SC-01,normal,129,122,63,84,28,open,
2026-08-04T08:33:34.725,471940112,T0001,OBJ-B,SC-01,normal,129,124,63,84,28,open,
2026-08-04T08:33:34.744,471960592,T0001,OBJ-B,SC-01,normal,129,125,63,84,28,open,
2026-08-04T08:33:34.764,471980052,T0001,OBJ-B,SC-01,normal,129,126,63,84,28,open,
2026-08-04T08:33:34.784,472000536,T0001,OBJ-B,SC-01,normal,129,127,63,84,28,open,
2026-08-04T08:33:34.804,472021012,T0001,OBJ-B,SC-01,normal,128,128,63,84,28,open,
2026-08-04T08:33:34.824,472040456,T0001,OBJ-B,SC-01,normal,129,129,63,84,28,open,
2026-08-04T08:33:34.844,472060936,T0001,OBJ-B,SC-01,normal,129,130,63,84,28,open,
2026-08-04T08:33:34.864,472080396,T0001,OBJ-B,SC-01,normal,129,130,63,84,28,open,
2026-08-04T08:33:34.884,472100888,T0001,OBJ-B,SC-01,normal,129,130,63,84,28,open,
2026-08-04T08:33:34.904,472120336,T0001,OBJ-B,SC-01,normal,129,130,63,84,28,open,
2026-08-04T08:33:34.925,472140828,T0001,OBJ-B,SC-01,normal,129,130,63,84,28,open,
2026-08-04T08:33:34.944,472160276,T0001,OBJ-B,SC-01,normal,129,130,63,84,28,open,
2026-08-04T08:33:34.964,472180760,T0001,OBJ-B,SC-01,normal,129,130,63,84,28,open,
2026-08-04T08:33:34.984,472200216,T0001,OBJ-B,SC-01,normal,129,130,63,84,28,open,
2026-08-04T08:33:35.005,472220684,T0001,OBJ-B,SC-01,normal,129,130,63,84,28,open,
2026-08-04T08:33:35.023,472240140,T0001,OBJ-B,SC-01,normal,129,130,63,84,28,open,
2026-08-04T08:33:35.044,472260620,T0001,OBJ-B,SC-01,normal,129,130,63,84,28,open,
2026-08-04T08:33:35.065,472280080,T0001,OBJ-B,SC-01,normal,129,130,63,84,28,open,
2026-08-04T08:33:35.084,472300560,T0001,OBJ-B,SC-01,normal,129,130,63,84,28,open,
2026-08-04T08:33:35.105,472320020,T0001,OBJ-B,SC-01,normal,129,130,63,84,28,open,
2026-08-04T08:33:35.124,472340500,T0001,OBJ-B,SC-01,normal,129,130,63,84,28,open,
2026-08-04T08:33:35.145,472360972,T0001,OBJ-B,SC-01,normal,129,131,63,84,28,open,
2026-08-04T08:33:35.164,472380436,T0001,OBJ-B,SC-01,normal,129,132,63,84,28,open,
2026-08-04T08:33:35.185,472400916,T0001,OBJ-B,SC-01,normal,129,132,63,84,28,open,
2026-08-04T08:33:35.204,472420364,T0001,OBJ-B,SC-01,normal,129,133,63,84,28,open,
2026-08-04T08:33:35.224,472440848,T0001,OBJ-B,SC-01,normal,129,134,63,84,28,open,
2026-08-04T08:33:35.244,472460304,T0001,OBJ-B,SC-01,normal,129,134,63,84,28,open,
2026-08-04T08:33:35.264,472481044,T0001,OBJ-B,SC-01,normal,129,135,63,84,28,open,
2026-08-04T08:33:35.284,472500240,T0001,OBJ-B,SC-01,normal,129,135,63,84,28,open,
2026-08-04T08:33:35.304,472521084,T0001,OBJ-B,SC-01,normal,129,136,63,84,28,open,
2026-08-04T08:33:35.324,472540184,T0001,OBJ-B,SC-01,normal,129,136,63,84,28,open,
2026-08-04T08:33:35.344,472560660,T0001,OBJ-B,SC-01,normal,129,137,63,84,28,open,
2026-08-04T08:33:35.365,472580116,T0001,OBJ-B,SC-01,normal,129,137,63,84,28,open,
2026-08-04T08:33:35.384,472600604,T0001,OBJ-B,SC-01,normal,129,137,63,84,28,open,
2026-08-04T08:33:35.404,472620040,T0001,OBJ-B,SC-01,normal,129,137,63,84,28,open,
2026-08-04T08:33:35.424,472640532,T0001,OBJ-B,SC-01,normal,129,137,63,84,28,open,
2026-08-04T08:33:35.445,472661004,T0001,OBJ-B,SC-01,normal,129,137,63,84,28,open,
2026-08-04T08:33:35.464,472680472,T0001,OBJ-B,SC-01,normal,129,137,63,84,28,open,
2026-08-04T08:33:35.485,472700944,T0001,OBJ-B,SC-01,normal,129,138,63,84,28,open,
2026-08-04T08:33:35.504,472720396,T0001,OBJ-B,SC-01,normal,129,138,63,84,28,open,
2026-08-04T08:33:35.525,472740884,T0001,OBJ-B,SC-01,normal,129,138,63,84,28,open,
2026-08-04T08:33:35.544,472760336,T0001,OBJ-B,SC-01,normal,129,138,63,84,28,open,
2026-08-04T08:33:35.564,472780824,T0001,OBJ-B,SC-01,normal,129,139,63,84,28,open,
2026-08-04T08:33:35.584,472800404,T0001,OBJ-B,SC-01,normal,129,140,63,84,28,open,
2026-08-04T08:33:35.604,472820748,T0001,OBJ-B,SC-01,normal,129,140,63,84,28,open,
2026-08-04T08:33:35.624,472840208,T0001,OBJ-B,SC-01,normal,129,140,63,84,28,open,
2026-08-04T08:33:35.644,472860688,T0001,OBJ-B,SC-01,normal,128,141,63,84,28,open,
2026-08-04T08:33:35.664,472880148,T0001,OBJ-B,SC-01,normal,129,142,63,84,28,open,
2026-08-04T08:33:35.684,472900632,T0001,OBJ-B,SC-01,normal,128,142,63,84,28,open,
2026-08-04T08:33:35.705,472920076,T0001,OBJ-B,SC-01,normal,129,143,63,84,28,open,
2026-08-04T08:33:35.724,472940556,T0001,OBJ-B,SC-01,normal,129,143,63,84,28,open,
2026-08-04T08:33:35.745,472960016,T0001,OBJ-B,SC-01,normal,129,144,63,84,28,open,
2026-08-04T08:33:35.765,472980496,T0001,OBJ-B,SC-01,normal,129,144,63,84,28,open,
2026-08-04T08:33:35.785,473000976,T0001,OBJ-B,SC-01,normal,129,144,63,84,28,open,
2026-08-04T08:33:35.804,473020440,T0001,OBJ-B,SC-01,normal,129,144,63,84,28,open,
2026-08-04T08:33:35.824,473040920,T0001,OBJ-B,SC-01,normal,129,145,63,84,28,open,
2026-08-04T08:33:35.844,473060364,T0001,OBJ-B,SC-01,normal,129,145,63,84,28,open,
2026-08-04T08:33:35.864,473080848,T0001,OBJ-B,SC-01,normal,129,145,63,84,28,open,
2026-08-04T08:33:35.883,473100308,T0001,OBJ-B,SC-01,normal,129,145,63,84,28,open,
2026-08-04T08:33:35.904,473120792,T0001,OBJ-B,SC-01,normal,129,146,63,84,28,open,
2026-08-04T08:33:35.924,473140232,T0001,OBJ-B,SC-01,normal,129,146,63,84,28,open,
2026-08-04T08:33:35.945,473160716,T0001,OBJ-B,SC-01,normal,129,146,63,84,28,open,
2026-08-04T08:33:35.964,473180176,T0001,OBJ-B,SC-01,normal,129,147,63,84,28,open,
2026-08-04T08:33:35.984,473200656,T0001,OBJ-B,SC-01,normal,129,147,63,84,28,open,
2026-08-04T08:33:36.005,473220116,T0001,OBJ-B,SC-01,normal,129,147,63,84,28,open,
2026-08-04T08:33:36.024,473240600,T0001,OBJ-B,SC-01,normal,129,147,63,84,28,open,
2026-08-04T08:33:36.044,473260044,T0001,OBJ-B,SC-01,normal,129,148,63,84,28,open,
2026-08-04T08:33:36.063,473280524,T0001,OBJ-B,SC-01,normal,129,148,63,84,28,open,
2026-08-04T08:33:36.084,473301008,T0001,OBJ-B,SC-01,normal,129,148,63,84,28,open,
2026-08-04T08:33:36.104,473320468,T0001,OBJ-B,SC-01,normal,129,148,63,84,28,open,
2026-08-04T08:33:36.125,473340948,T0001,OBJ-B,SC-01,normal,129,148,63,84,28,open,
2026-08-04T08:33:36.144,473360392,T0001,OBJ-B,SC-01,normal,129,148,63,84,28,open,
2026-08-04T08:33:36.165,473380876,T0001,OBJ-B,SC-01,normal,129,148,63,84,28,open,
2026-08-04T08:33:36.184,473400336,T0001,OBJ-B,SC-01,normal,129,148,63,84,28,open,
2026-08-04T08:33:36.204,473420816,T0001,OBJ-B,SC-01,normal,129,148,63,84,28,open,
2026-08-04T08:33:36.224,473440280,T0001,OBJ-B,SC-01,normal,129,148,63,84,28,open,
2026-08-04T08:33:36.244,473460760,T0001,OBJ-B,SC-01,normal,129,149,63,84,28,open,
2026-08-04T08:33:36.263,473480204,T0001,OBJ-B,SC-01,normal,129,149,63,84,28,open,
2026-08-04T08:33:36.284,473500684,T0001,OBJ-B,SC-01,normal,129,149,63,84,28,open,
2026-08-04T08:33:36.304,473520144,T0001,OBJ-B,SC-01,normal,129,149,63,84,28,open,
2026-08-04T08:33:36.324,473540624,T0001,OBJ-B,SC-01,normal,129,150,63,84,28,open,
2026-08-04T08:33:36.345,473560084,T0001,OBJ-B,SC-01,normal,129,150,63,84,28,open,
2026-08-04T08:33:36.364,473580568,T0001,OBJ-B,SC-01,normal,129,150,63,84,28,open,
2026-08-04T08:33:36.385,473600012,T0001,OBJ-B,SC-01,normal,129,150,63,84,28,open,
2026-08-04T08:33:36.404,473620504,T0001,OBJ-B,SC-01,normal,129,151,63,84,28,open,
2026-08-04T08:33:36.425,473640984,T0001,OBJ-B,SC-01,normal,129,151,63,84,28,open,
2026-08-04T08:33:36.444,473660424,T0001,OBJ-B,SC-01,normal,129,151,63,84,28,open,
2026-08-04T08:33:36.464,473680908,T0001,OBJ-B,SC-01,normal,128,152,63,84,28,open,
2026-08-04T08:33:36.484,473700368,T0001,OBJ-B,SC-01,normal,129,152,63,84,28,open,
2026-08-04T08:33:36.504,473720848,T0001,OBJ-B,SC-01,normal,129,152,63,84,28,open,
2026-08-04T08:33:36.524,473740308,T0001,OBJ-B,SC-01,normal,128,152,63,84,28,open,
2026-08-04T08:33:36.545,473760792,T0001,OBJ-B,SC-01,normal,129,152,63,84,28,open,
2026-08-04T08:33:36.564,473780236,T0001,OBJ-B,SC-01,normal,128,152,63,84,28,open,
2026-08-04T08:33:36.584,473800716,T0001,OBJ-B,SC-01,normal,129,153,63,84,28,open,
2026-08-04T08:33:36.604,473820176,T0001,OBJ-B,SC-01,normal,129,153,63,84,28,open,
2026-08-04T08:33:36.625,473840656,T0001,OBJ-B,SC-01,normal,129,153,63,84,28,open,
2026-08-04T08:33:36.645,473860116,T0001,OBJ-B,SC-01,normal,129,153,63,84,28,open,
2026-08-04T08:33:36.664,473880596,T0001,OBJ-B,SC-01,normal,129,153,63,84,28,open,
2026-08-04T08:33:36.684,473900040,T0001,OBJ-B,SC-01,normal,129,153,63,84,28,open,
2026-08-04T08:33:36.704,473920524,T0001,OBJ-B,SC-01,normal,129,153,63,84,28,open,
2026-08-04T08:33:36.724,473941004,T0001,OBJ-B,SC-01,normal,129,154,63,84,28,open,
2026-08-04T08:33:36.744,473960464,T0001,OBJ-B,SC-01,normal,129,154,63,84,28,open,
2026-08-04T08:33:36.765,473980944,T0001,OBJ-B,SC-01,normal,129,154,63,84,28,open,
2026-08-04T08:33:36.784,474000404,T0001,OBJ-B,SC-01,normal,129,155,63,84,28,open,
2026-08-04T08:33:36.804,474020884,T0001,OBJ-B,SC-01,normal,129,155,63,84,28,open,
2026-08-04T08:33:36.823,474040348,T0001,OBJ-B,SC-01,normal,129,155,63,84,28,open,
2026-08-04T08:33:36.844,474060808,T0001,OBJ-B,SC-01,normal,129,155,63,84,28,open,
2026-08-04T08:33:36.863,474080268,T0001,OBJ-B,SC-01,normal,129,156,63,84,28,open,
2026-08-04T08:33:36.884,474100748,T0001,OBJ-B,SC-01,normal,129,156,63,84,28,open,
2026-08-04T08:33:36.903,474120212,T0001,OBJ-B,SC-01,normal,129,156,63,84,28,open,
2026-08-04T08:33:36.924,474140692,T0001,OBJ-B,SC-01,normal,128,156,63,84,28,open,
2026-08-04T08:33:36.943,474160152,T0001,OBJ-B,SC-01,normal,129,156,63,84,28,open,
2026-08-04T08:33:36.963,474180632,T0001,OBJ-B,SC-01,normal,129,156,63,84,28,open,
2026-08-04T08:33:36.984,474200076,T0001,OBJ-B,SC-01,normal,129,156,63,84,28,open,
2026-08-04T08:33:37.004,474220560,T0001,OBJ-B,SC-01,normal,129,156,63,84,28,open,
2026-08-04T08:33:37.024,474240020,T0001,OBJ-B,SC-01,normal,129,156,63,84,28,open,
2026-08-04T08:33:37.043,474260500,T0001,OBJ-B,SC-01,normal,129,156,63,84,28,open,
2026-08-04T08:33:37.064,474280980,T0001,OBJ-B,SC-01,normal,129,156,63,84,28,open,
2026-08-04T08:33:37.083,474300440,T0001,OBJ-B,SC-01,normal,129,156,63,84,28,open,
2026-08-04T08:33:37.104,474320920,T0001,OBJ-B,SC-01,normal,128,156,63,84,28,open,
2026-08-04T08:33:37.124,474340364,T0001,OBJ-B,SC-01,normal,129,156,63,84,28,open,
2026-08-04T08:33:37.144,474360844,T0001,OBJ-B,SC-01,normal,129,156,63,84,28,open,
2026-08-04T08:33:37.164,474380304,T0001,OBJ-B,SC-01,normal,128,157,63,84,28,open,
2026-08-04T08:33:37.184,474400788,T0001,OBJ-B,SC-01,normal,129,157,63,84,28,open,
2026-08-04T08:33:37.204,474420248,T0001,OBJ-B,SC-01,normal,129,157,63,84,28,open,
2026-08-04T08:33:37.224,474440728,T0001,OBJ-B,SC-01,normal,129,157,63,84,28,open,
2026-08-04T08:33:37.244,474460172,T0001,OBJ-B,SC-01,normal,129,158,63,84,28,open,
2026-08-04T08:33:37.264,474480652,T0001,OBJ-B,SC-01,normal,129,158,63,84,28,open,
2026-08-04T08:33:37.285,474500112,T0001,OBJ-B,SC-01,normal,129,158,63,84,28,open,
2026-08-04T08:33:37.304,474520596,T0001,OBJ-B,SC-01,normal,129,158,63,84,28,open,
2026-08-04T08:33:37.324,474540056,T0001,OBJ-B,SC-01,normal,129,159,63,84,28,open,
2026-08-04T08:33:37.344,474560520,T0001,OBJ-B,SC-01,normal,128,159,63,84,28,open,
2026-08-04T08:33:37.364,474581004,T0001,OBJ-B,SC-01,normal,129,159,63,84,28,open,
2026-08-04T08:33:37.384,474600464,T0001,OBJ-B,SC-01,normal,129,159,63,84,28,open,
2026-08-04T08:33:37.404,474620944,T0001,OBJ-B,SC-01,normal,129,159,63,84,28,open,
2026-08-04T08:33:37.424,474640408,T0001,OBJ-B,SC-01,normal,129,159,63,84,28,open,
2026-08-04T08:33:37.444,474660888,T0001,OBJ-B,SC-01,normal,129,159,63,84,28,open,
2026-08-04T08:33:37.464,474680332,T0001,OBJ-B,SC-01,normal,129,159,63,84,28,open,
2026-08-04T08:33:37.484,474700812,T0001,OBJ-B,SC-01,normal,129,159,63,84,28,open,
2026-08-04T08:33:37.504,474720272,T0001,OBJ-B,SC-01,normal,129,159,63,84,28,open,
2026-08-04T08:33:37.524,474740756,T0001,OBJ-B,SC-01,normal,129,159,63,84,28,open,
2026-08-04T08:33:37.544,474760216,T0001,OBJ-B,SC-01,normal,129,159,63,84,28,open,
2026-08-04T08:33:37.564,474780680,T0001,OBJ-B,SC-01,normal,129,159,63,84,28,open,
2026-08-04T08:33:37.584,474800144,T0001,OBJ-B,SC-01,normal,129,159,63,84,28,open,
2026-08-04T08:33:37.604,474820624,T0001,OBJ-B,SC-01,normal,129,159,63,84,28,open,
2026-08-04T08:33:37.625,474840088,T0001,OBJ-B,SC-01,normal,129,159,63,84,28,open,
2026-08-04T08:33:37.644,474860568,T0001,OBJ-B,SC-01,normal,129,159,63,84,28,open,
2026-08-04T08:33:37.665,474880012,T0001,OBJ-B,SC-01,normal,129,159,63,84,28,open,
2026-08-04T08:33:37.684,474900492,T0001,OBJ-B,SC-01,normal,129,159,63,84,28,open,
2026-08-04T08:33:37.704,474920976,T0001,OBJ-B,SC-01,normal,128,159,63,84,28,open,
2026-08-04T08:33:37.724,474940436,T0001,OBJ-B,SC-01,normal,129,159,63,84,28,open,
2026-08-04T08:33:37.744,474960916,T0001,OBJ-B,SC-01,normal,129,159,63,84,28,open,
2026-08-04T08:33:37.764,474980360,T0001,OBJ-B,SC-01,normal,129,159,63,84,28,open,
2026-08-04T08:33:37.785,475000844,T0001,OBJ-B,SC-01,normal,129,159,63,84,28,open,
2026-08-04T08:33:37.804,475020308,T0001,OBJ-B,SC-01,normal,129,159,63,84,28,open,
2026-08-04T08:33:37.825,475040788,T0001,OBJ-B,SC-01,normal,129,159,63,84,28,open,
2026-08-04T08:33:37.844,475060232,T0001,OBJ-B,SC-01,normal,129,159,63,84,28,open,
2026-08-04T08:33:37.864,475080716,T0001,OBJ-B,SC-01,normal,129,159,63,84,28,open,
2026-08-04T08:33:37.884,475100180,T0001,OBJ-B,SC-01,normal,129,159,63,84,28,open,
2026-08-04T08:33:37.904,475120660,T0001,OBJ-B,SC-01,normal,129,159,63,84,28,open,
2026-08-04T08:33:37.925,475140108,T0001,OBJ-B,SC-01,normal,129,159,63,84,28,open,
2026-08-04T08:33:37.944,475160588,T0001,OBJ-B,SC-01,normal,128,159,63,84,28,open,
2026-08-04T08:33:37.965,475180048,T0001,OBJ-B,SC-01,normal,129,159,63,84,28,open,
2026-08-04T08:33:37.984,475200528,T0001,OBJ-B,SC-01,normal,129,159,63,84,28,open,
2026-08-04T08:33:38.005,475221008,T0001,OBJ-B,SC-01,normal,129,159,63,84,28,open,
2026-08-04T08:33:38.024,475240468,T0001,OBJ-B,SC-01,normal,129,159,63,84,28,open,
2026-08-04T08:33:38.045,475260948,T0001,OBJ-B,SC-01,normal,129,159,63,84,28,open,
2026-08-04T08:33:38.064,475280408,T0001,OBJ-B,SC-01,normal,129,159,63,84,28,open,
2026-08-04T08:33:38.085,475300888,T0001,OBJ-B,SC-01,normal,129,159,63,84,28,open,
2026-08-04T08:33:38.103,475320332,T0001,OBJ-B,SC-01,normal,129,159,63,84,28,open,
2026-08-04T08:33:38.124,475340812,T0001,OBJ-B,SC-01,normal,129,159,63,84,28,open,
2026-08-04T08:33:38.143,475360272,T0001,OBJ-B,SC-01,normal,129,159,63,84,28,open,
2026-08-04T08:33:38.164,475380752,T0001,OBJ-B,SC-01,normal,129,159,63,84,28,open,
2026-08-04T08:33:38.183,475400212,T0001,OBJ-B,SC-01,normal,129,159,63,84,28,open,
2026-08-04T08:33:38.204,475420696,T0001,OBJ-B,SC-01,normal,129,159,63,84,28,open,
2026-08-04T08:33:38.224,475440140,T0001,OBJ-B,SC-01,normal,129,159,63,84,28,open,
2026-08-04T08:33:38.244,475460620,T0001,OBJ-B,SC-01,normal,129,159,63,84,28,open,
2026-08-04T08:33:38.265,475480080,T0001,OBJ-B,SC-01,normal,129,159,63,84,28,open,
2026-08-04T08:33:38.284,475500564,T0001,OBJ-B,SC-01,normal,129,159,63,84,28,open,
2026-08-04T08:33:38.305,475520024,T0001,OBJ-B,SC-01,normal,128,159,63,84,28,open,
2026-08-04T08:33:38.324,475540504,T0001,OBJ-B,SC-01,normal,129,159,63,84,28,open,
2026-08-04T08:33:38.345,475560968,T0001,OBJ-B,SC-01,normal,129,159,63,84,28,open,
2026-08-04T08:33:38.364,475580428,T0001,OBJ-B,SC-01,normal,129,159,63,84,28,open,
2026-08-04T08:33:38.385,475600912,T0001,OBJ-B,SC-01,normal,129,159,63,84,28,open,
2026-08-04T08:33:38.404,475620372,T0001,OBJ-B,SC-01,normal,129,159,63,84,28,open,
2026-08-04T08:33:38.425,475640856,T0001,OBJ-B,SC-01,normal,129,159,63,84,28,open,
2026-08-04T08:33:38.444,475660300,T0001,OBJ-B,SC-01,normal,129,159,63,84,28,open,
2026-08-04T08:33:38.464,475680780,T0001,OBJ-B,SC-01,normal,129,160,63,84,28,open,
2026-08-04T08:33:38.484,475700240,T0001,OBJ-B,SC-01,normal,129,160,63,84,28,open,
2026-08-04T08:33:38.504,475720720,T0001,OBJ-B,SC-01,normal,129,160,63,84,28,open,
2026-08-04T08:33:38.524,475740180,T0001,OBJ-B,SC-01,normal,129,161,63,84,28,open,
2026-08-04T08:33:38.544,475760664,T0001,OBJ-B,SC-01,normal,129,161,63,84,28,open,
2026-08-04T08:33:38.565,475780104,T0001,OBJ-B,SC-01,normal,129,161,63,84,28,open,
2026-08-04T08:33:38.584,475800588,T0001,OBJ-B,SC-01,normal,129,162,63,84,28,open,
2026-08-04T08:33:38.605,475820048,T0001,OBJ-B,SC-01,normal,129,162,63,84,28,open,
2026-08-04T08:33:38.624,475840528,T0001,OBJ-B,SC-01,normal,129,162,63,84,28,open,
2026-08-04T08:33:38.645,475861008,T0001,OBJ-B,SC-01,normal,129,162,63,84,28,open,
2026-08-04T08:33:38.664,475880468,T0001,OBJ-B,SC-01,normal,129,163,63,84,28,open,
2026-08-04T08:33:38.685,475900948,T0001,OBJ-B,SC-01,normal,129,163,63,84,28,open,
2026-08-04T08:33:38.704,475920408,T0001,OBJ-B,SC-01,normal,129,163,63,84,28,open,
2026-08-04T08:33:38.725,475940892,T0001,OBJ-B,SC-01,normal,129,163,63,84,28,open,
2026-08-04T08:33:38.744,475960332,T0001,OBJ-B,SC-01,normal,129,163,63,84,28,open,
2026-08-04T08:33:38.764,475980812,T0001,OBJ-B,SC-01,normal,129,163,63,84,28,open,
2026-08-04T08:33:38.784,476000272,T0001,OBJ-B,SC-01,normal,129,163,63,84,28,open,
2026-08-04T08:33:38.804,476020752,T0001,OBJ-B,SC-01,normal,128,163,63,84,28,open,
2026-08-04T08:33:38.824,476040212,T0001,OBJ-B,SC-01,normal,129,163,63,84,28,open,
2026-08-04T08:33:38.844,476060692,T0001,OBJ-B,SC-01,normal,128,163,63,84,28,open,
2026-08-04T08:33:38.864,476080152,T0001,OBJ-B,SC-01,normal,129,163,63,84,28,open,
2026-08-04T08:33:38.884,476100636,T0001,OBJ-B,SC-01,normal,129,163,63,84,28,open,
2026-08-04T08:33:38.905,476120076,T0001,OBJ-B,SC-01,normal,129,163,63,84,28,open,
2026-08-04T08:33:38.924,476140560,T0001,OBJ-B,SC-01,normal,129,163,63,84,28,open,
2026-08-04T08:33:38.945,476160020,T0001,OBJ-B,SC-01,normal,129,163,63,84,28,open,
2026-08-04T08:33:38.964,476180496,T0001,OBJ-B,SC-01,normal,129,163,63,84,28,open,
2026-08-04T08:33:38.985,476200976,T0001,OBJ-B,SC-01,normal,129,163,63,84,28,open,
2026-08-04T08:33:39.004,476220432,T0001,OBJ-B,SC-01,normal,129,163,63,84,28,open,
2026-08-04T08:33:39.025,476240916,T0001,OBJ-B,SC-01,normal,129,163,63,84,28,open,
2026-08-04T08:33:39.044,476260372,T0001,OBJ-B,SC-01,normal,129,163,63,84,28,open,
2026-08-04T08:33:39.065,476280856,T0001,OBJ-B,SC-01,normal,129,163,63,84,28,open,
2026-08-04T08:33:39.084,476300296,T0001,OBJ-B,SC-01,normal,129,163,63,84,28,open,
2026-08-04T08:33:39.105,476320780,T0001,OBJ-B,SC-01,normal,129,163,63,84,28,open,
2026-08-04T08:33:39.125,476340240,T0001,OBJ-B,SC-01,normal,129,163,63,84,28,open,
2026-08-04T08:33:39.145,476360720,T0001,OBJ-B,SC-01,normal,129,164,63,84,28,open,
2026-08-04T08:33:39.165,476380180,T0001,OBJ-B,SC-01,normal,129,164,63,84,28,open,
2026-08-04T08:33:39.185,476400660,T0001,OBJ-B,SC-01,normal,129,165,63,84,28,open,
2026-08-04T08:33:39.205,476420120,T0001,OBJ-B,SC-01,normal,129,165,63,84,28,open,
2026-08-04T08:33:39.225,476440584,T0001,OBJ-B,SC-01,normal,128,166,63,84,28,open,
2026-08-04T08:33:39.245,476460048,T0001,OBJ-B,SC-01,normal,129,166,63,84,28,open,
2026-08-04T08:33:39.265,476480528,T0001,OBJ-B,SC-01,normal,129,166,63,84,28,open,
2026-08-04T08:33:39.286,476501008,T0001,OBJ-B,SC-01,normal,129,166,63,84,28,open,
2026-08-04T08:33:39.306,476520468,T0001,OBJ-B,SC-01,normal,129,166,63,84,28,open,
2026-08-04T08:33:39.326,476540948,T0001,OBJ-B,SC-01,normal,129,166,63,84,28,open,
2026-08-04T08:33:39.346,476560392,T0001,OBJ-B,SC-01,normal,129,166,63,84,28,open,
2026-08-04T08:33:39.366,476580876,T0001,OBJ-B,SC-01,normal,129,166,63,84,28,open,
2026-08-04T08:33:39.386,476600336,T0001,OBJ-B,SC-01,normal,129,167,63,84,28,open,
2026-08-04T08:33:39.406,476620816,T0001,OBJ-B,SC-01,normal,129,167,63,84,28,open,
2026-08-04T08:33:39.425,476640276,T0001,OBJ-B,SC-01,normal,129,167,63,84,28,open,
2026-08-04T08:33:39.446,476660760,T0001,OBJ-B,SC-01,normal,129,167,63,84,28,open,
2026-08-04T08:33:39.466,476680204,T0001,OBJ-B,SC-01,normal,129,167,63,84,28,open,
2026-08-04T08:33:39.486,476700684,T0001,OBJ-B,SC-01,normal,129,167,63,84,28,open,
2026-08-04T08:33:39.524,476720144,T0001,OBJ-B,SC-01,normal,129,166,63,84,28,open,
2026-08-04T08:33:39.526,476740628,T0001,OBJ-B,SC-01,normal,129,167,63,84,28,open,
2026-08-04T08:33:39.546,476760088,T0001,OBJ-B,SC-01,normal,129,167,63,84,28,open,
2026-08-04T08:33:39.584,476780552,T0001,OBJ-B,SC-01,normal,129,167,63,84,28,open,
2026-08-04T08:33:39.586,476800016,T0001,OBJ-B,SC-01,normal,129,168,63,84,28,open,
2026-08-04T08:33:39.625,476820492,T0001,OBJ-B,SC-01,normal,129,167,63,84,28,open,
2026-08-04T08:33:39.627,476840972,T0001,OBJ-B,SC-01,normal,129,168,63,84,28,open,
2026-08-04T08:33:39.665,476860432,T0001,OBJ-B,SC-01,normal,129,168,63,84,28,open,
2026-08-04T08:33:39.667,476880912,T0001,OBJ-B,SC-01,normal,129,168,63,84,28,open,
2026-08-04T08:33:39.704,476900372,T0001,OBJ-B,SC-01,normal,129,168,63,84,28,open,
2026-08-04T08:33:39.707,476920852,T0001,OBJ-B,SC-01,normal,129,168,63,84,28,open,
2026-08-04T08:33:39.744,476940312,T0001,OBJ-B,SC-01,normal,129,168,63,84,28,open,
2026-08-04T08:33:39.763,476960776,T0001,OBJ-B,SC-01,normal,129,168,63,84,28,open,
2026-08-04T08:33:39.784,476980236,T0001,OBJ-B,SC-01,normal,129,168,63,84,28,open,
2026-08-04T08:33:39.803,477000716,T0001,OBJ-B,SC-01,normal,129,168,63,84,28,open,
2026-08-04T08:33:39.824,477020176,T0001,OBJ-B,SC-01,normal,129,168,63,84,28,open,
2026-08-04T08:33:39.844,477040660,T0001,OBJ-B,SC-01,normal,129,168,63,84,28,open,
2026-08-04T08:33:39.864,477060120,T0001,OBJ-B,SC-01,normal,129,168,63,84,28,open,
2026-08-04T08:33:39.884,477080600,T0001,OBJ-B,SC-01,normal,129,168,63,84,28,open,
2026-08-04T08:33:39.903,477100044,T0001,OBJ-B,SC-01,normal,129,168,63,84,28,open,
2026-08-04T08:33:39.924,477120528,T0001,OBJ-B,SC-01,normal,129,168,63,84,28,open,
2026-08-04T08:33:39.943,477141008,T0001,OBJ-B,SC-01,normal,129,168,63,84,28,open,
2026-08-04T08:33:39.964,477160468,T0001,OBJ-B,SC-01,normal,129,168,63,84,28,open,
2026-08-04T08:33:39.984,477180948,T0001,OBJ-B,SC-01,normal,129,168,63,84,28,open,
2026-08-04T08:33:40.004,477200412,T0001,OBJ-B,SC-01,normal,129,168,63,84,28,open,
2026-08-04T08:33:40.024,477220888,T0001,OBJ-B,SC-01,normal,129,168,63,84,28,open,
2026-08-04T08:33:40.044,477240332,T0001,OBJ-B,SC-01,normal,129,168,63,84,28,open,
2026-08-04T08:33:40.064,477260812,T0001,OBJ-B,SC-01,normal,129,168,63,84,28,open,
2026-08-04T08:33:40.084,477280272,T0001,OBJ-B,SC-01,normal,129,168,63,84,28,open,
2026-08-04T08:33:40.104,477300752,T0001,OBJ-B,SC-01,normal,129,168,63,84,28,open,
2026-08-04T08:33:40.124,477320212,T0001,OBJ-B,SC-01,normal,129,168,63,84,28,open,
2026-08-04T08:33:40.144,477340692,T0001,OBJ-B,SC-01,normal,129,168,63,84,28,open,
2026-08-04T08:33:40.164,477360152,T0001,OBJ-B,SC-01,normal,129,168,63,84,28,open,
2026-08-04T08:33:40.184,477380632,T0001,OBJ-B,SC-01,normal,129,168,63,84,28,open,
2026-08-04T08:33:40.204,477400076,T0001,OBJ-B,SC-01,normal,129,168,63,84,28,open,
2026-08-04T08:33:40.224,477420560,T0001,OBJ-B,SC-01,normal,129,168,63,84,28,open,
2026-08-04T08:33:40.244,477440020,T0001,OBJ-B,SC-01,normal,129,168,63,84,28,open,
2026-08-04T08:33:40.265,477460500,T0001,OBJ-B,SC-01,normal,128,167,63,84,28,open,
2026-08-04T08:33:40.284,477480980,T0001,OBJ-B,SC-01,normal,129,168,63,84,28,open,
2026-08-04T08:33:40.304,477500436,T0001,OBJ-B,SC-01,normal,129,168,63,84,28,open,
2026-08-04T08:33:40.323,477520920,T0001,OBJ-B,SC-01,normal,129,168,63,84,28,open,
2026-08-04T08:33:40.344,477540360,T0001,OBJ-B,SC-01,normal,129,168,63,84,28,open,
2026-08-04T08:33:40.364,477560844,T0001,OBJ-B,SC-01,normal,129,168,63,84,28,open,
2026-08-04T08:33:40.385,477580304,T0001,OBJ-B,SC-01,normal,129,168,63,84,28,open,
2026-08-04T08:33:40.404,477600780,T0001,OBJ-B,SC-01,normal,129,168,63,84,28,open,
2026-08-04T08:33:40.424,477620256,T0001,OBJ-B,SC-01,normal,129,168,63,84,28,open,
2026-08-04T08:33:40.444,477640720,T0001,OBJ-B,SC-01,normal,129,168,63,84,28,open,
2026-08-04T08:33:40.464,477660180,T0001,OBJ-B,SC-01,normal,129,168,63,84,28,open,
2026-08-04T08:33:40.484,477680672,T0001,OBJ-B,SC-01,normal,129,168,63,84,28,open,
2026-08-04T08:33:40.504,477700108,T0001,OBJ-B,SC-01,normal,129,168,63,84,28,open,
2026-08-04T08:33:40.524,477720608,T0001,OBJ-B,SC-01,normal,129,168,63,84,28,open,
2026-08-04T08:33:40.544,477740052,T0001,OBJ-B,SC-01,normal,129,168,63,84,28,open,
2026-08-04T08:33:40.564,477760524,T0001,OBJ-B,SC-01,normal,129,168,63,84,28,open,
2026-08-04T08:33:40.584,477781012,T0001,OBJ-B,SC-01,normal,129,168,63,84,28,open,
2026-08-04T08:33:40.604,477800464,T0001,OBJ-B,SC-01,normal,129,168,63,84,28,open,
2026-08-04T08:33:40.624,477820956,T0001,OBJ-B,SC-01,normal,129,168,63,84,28,open,
2026-08-04T08:33:40.644,477840408,T0001,OBJ-B,SC-01,normal,129,168,63,84,28,open,
2026-08-04T08:33:40.664,477860888,T0001,OBJ-B,SC-01,normal,128,168,63,84,28,open,
2026-08-04T08:33:40.684,477880352,T0001,OBJ-B,SC-01,normal,129,168,63,85,28,open,
2026-08-04T08:33:40.704,477900824,T0001,OBJ-B,SC-01,normal,129,168,63,86,28,open,
2026-08-04T08:33:40.724,477920284,T0001,OBJ-B,SC-01,normal,129,168,63,86,28,open,
2026-08-04T08:33:40.744,477940748,T0001,OBJ-B,SC-01,normal,129,168,63,87,28,open,
2026-08-04T08:33:40.765,477960204,T0001,OBJ-B,SC-01,normal,129,168,63,88,28,open,
2026-08-04T08:33:40.784,477980708,T0001,OBJ-B,SC-01,normal,129,168,63,89,28,open,
2026-08-04T08:33:40.804,478000316,T0001,OBJ-B,SC-01,normal,129,168,63,90,28,open,
2026-08-04T08:33:40.825,478020784,T0001,OBJ-B,SC-01,normal,129,168,63,91,28,open,
2026-08-04T08:33:40.844,478040080,T0001,OBJ-B,SC-01,normal,129,168,63,91,28,open,
2026-08-04T08:33:40.865,478060708,T0001,OBJ-B,SC-01,normal,129,168,63,92,28,open,
2026-08-04T08:33:40.885,478080016,T0001,OBJ-B,SC-01,normal,129,168,63,92,28,open,
2026-08-04T08:33:40.905,478100496,T0001,OBJ-B,SC-01,normal,129,168,63,93,28,open,
2026-08-04T08:33:40.924,478120976,T0001,OBJ-B,SC-01,normal,129,168,63,93,28,open,
2026-08-04T08:33:40.945,478140436,T0001,OBJ-B,SC-01,normal,129,168,63,94,28,open,
2026-08-04T08:33:40.964,478160920,T0001,OBJ-B,SC-01,normal,129,168,63,95,28,open,
2026-08-04T08:33:40.984,478180364,T0001,OBJ-B,SC-01,normal,129,168,63,95,28,open,
2026-08-04T08:33:41.004,478200848,T0001,OBJ-B,SC-01,normal,129,168,63,96,28,open,
2026-08-04T08:33:41.024,478220308,T0001,OBJ-B,SC-01,normal,129,168,63,97,28,open,
2026-08-04T08:33:41.044,478240792,T0001,OBJ-B,SC-01,normal,129,168,63,98,28,open,
2026-08-04T08:33:41.065,478260236,T0001,OBJ-B,SC-01,normal,129,168,63,99,28,open,
2026-08-04T08:33:41.084,478280728,T0001,OBJ-B,SC-01,normal,129,168,63,100,28,open,
2026-08-04T08:33:41.105,478300184,T0001,OBJ-B,SC-01,normal,129,168,63,101,28,open,
2026-08-04T08:33:41.125,478320660,T0001,OBJ-B,SC-01,normal,129,168,63,102,28,open,
2026-08-04T08:33:41.144,478340276,T0001,OBJ-B,SC-01,normal,129,168,63,103,28,open,
2026-08-04T08:33:41.165,478360592,T0001,OBJ-B,SC-01,normal,129,168,63,104,28,open,
2026-08-04T08:33:41.184,478380052,T0001,OBJ-B,SC-01,normal,129,168,63,104,28,open,
2026-08-04T08:33:41.205,478400528,T0001,OBJ-B,SC-01,normal,129,168,63,105,28,open,
2026-08-04T08:33:41.224,478421004,T0001,OBJ-B,SC-01,normal,129,168,63,105,28,open,
2026-08-04T08:33:41.244,478440456,T0001,OBJ-B,SC-01,normal,129,168,63,105,28,open,
2026-08-04T08:33:41.264,478460952,T0001,OBJ-B,SC-01,normal,129,168,63,105,28,open,
2026-08-04T08:33:41.284,478480404,T0001,OBJ-B,SC-01,normal,129,168,63,105,28,open,
2026-08-04T08:33:41.304,478500880,T0001,OBJ-B,SC-01,normal,129,168,63,105,28,open,
2026-08-04T08:33:41.324,478520336,T0001,OBJ-B,SC-01,normal,129,168,63,105,28,open,
2026-08-04T08:33:41.344,478540808,T0001,OBJ-B,SC-01,normal,129,168,63,105,28,open,
2026-08-04T08:33:41.364,478560280,T0001,OBJ-B,SC-01,normal,129,168,63,105,28,open,
2026-08-04T08:33:41.384,478580756,T0001,OBJ-B,SC-01,normal,129,167,63,105,28,open,
2026-08-04T08:33:41.404,478600212,T0001,OBJ-B,SC-01,normal,129,168,63,105,28,open,
2026-08-04T08:33:41.424,478620688,T0001,OBJ-B,SC-01,normal,128,168,63,105,28,open,
2026-08-04T08:33:41.444,478640144,T0001,OBJ-B,SC-01,normal,129,168,63,105,28,open,
2026-08-04T08:33:41.465,478660620,T0001,OBJ-B,SC-01,normal,129,168,63,105,28,open,
2026-08-04T08:33:41.484,478680072,T0001,OBJ-B,SC-01,normal,129,168,63,106,28,open,
2026-08-04T08:33:41.505,478700568,T0001,OBJ-B,SC-01,normal,129,168,63,107,28,open,
2026-08-04T08:33:41.524,478720024,T0001,OBJ-B,SC-01,normal,128,167,63,109,28,open,
2026-08-04T08:33:41.545,478740500,T0001,OBJ-B,SC-01,normal,129,168,63,110,28,open,
2026-08-04T08:33:41.564,478760972,T0001,OBJ-B,SC-01,normal,128,168,63,112,28,open,
2026-08-04T08:33:41.584,478780428,T0001,OBJ-B,SC-01,normal,129,168,63,113,28,open,
2026-08-04T08:33:41.604,478800920,T0001,OBJ-B,SC-01,normal,129,168,63,115,28,open,
2026-08-04T08:33:41.624,478820376,T0001,OBJ-B,SC-01,normal,129,168,63,117,28,open,
2026-08-04T08:33:41.644,478840852,T0001,OBJ-B,SC-01,normal,129,168,63,120,28,open,
2026-08-04T08:33:41.664,478860308,T0001,OBJ-B,SC-01,normal,129,168,63,122,28,open,
2026-08-04T08:33:41.684,478880784,T0001,OBJ-B,SC-01,normal,129,168,63,124,28,open,
2026-08-04T08:33:41.704,478900240,T0001,OBJ-B,SC-01,normal,129,168,63,127,28,open,
2026-08-04T08:33:41.724,478920716,T0001,OBJ-B,SC-01,normal,129,168,63,129,28,open,
2026-08-04T08:33:41.744,478940172,T0001,OBJ-B,SC-01,normal,129,168,63,131,28,open,
2026-08-04T08:33:41.765,478960668,T0001,OBJ-B,SC-01,normal,129,168,63,133,28,open,
2026-08-04T08:33:41.784,478980120,T0001,OBJ-B,SC-01,normal,129,168,63,134,28,open,
2026-08-04T08:33:41.805,479000600,T0001,OBJ-B,SC-01,normal,129,168,63,135,28,open,
2026-08-04T08:33:41.824,479020056,T0001,OBJ-B,SC-01,normal,129,168,63,136,28,open,
2026-08-04T08:33:41.845,479040532,T0001,OBJ-B,SC-01,normal,129,168,63,136,28,open,
2026-08-04T08:33:41.864,479061008,T0001,OBJ-B,SC-01,normal,129,168,63,135,28,open,
2026-08-04T08:33:41.884,479080464,T0001,OBJ-B,SC-01,normal,129,168,63,135,28,open,
2026-08-04T08:33:41.903,479100940,T0001,OBJ-B,SC-01,normal,129,168,63,136,28,open,
2026-08-04T08:33:41.924,479120400,T0001,OBJ-B,SC-01,normal,129,168,63,136,28,open,
2026-08-04T08:33:41.943,479140876,T0001,OBJ-B,SC-01,normal,129,168,63,135,28,open,
2026-08-04T08:33:41.964,479160332,T0001,OBJ-B,SC-01,normal,129,168,63,136,28,open,
2026-08-04T08:33:41.983,479180824,T0001,OBJ-B,SC-01,normal,129,168,63,135,28,open,
2026-08-04T08:33:42.004,479200280,T0001,OBJ-B,SC-01,normal,128,168,63,136,28,open,
2026-08-04T08:33:42.024,479220756,T0001,OBJ-B,SC-01,normal,129,168,63,136,28,open,
2026-08-04T08:33:42.044,479240216,T0001,OBJ-B,SC-01,normal,129,168,63,136,28,open,
2026-08-04T08:33:42.064,479260692,T0001,OBJ-B,SC-01,normal,128,168,63,137,28,open,
2026-08-04T08:33:42.084,479280148,T0001,OBJ-B,SC-01,normal,129,168,63,138,28,open,
2026-08-04T08:33:42.105,479300624,T0001,OBJ-B,SC-01,normal,129,168,63,140,28,open,
2026-08-04T08:33:42.124,479320080,T0001,OBJ-B,SC-01,normal,129,168,63,141,28,open,
2026-08-04T08:33:42.145,479340556,T0001,OBJ-B,SC-01,normal,129,168,63,141,28,open,
2026-08-04T08:33:42.164,479360012,T0001,OBJ-B,SC-01,normal,129,168,63,142,28,open,
2026-08-04T08:33:42.184,479380504,T0001,OBJ-B,SC-01,normal,129,168,63,143,28,open,
2026-08-04T08:33:42.204,479400980,T0001,OBJ-B,SC-01,normal,129,168,63,144,28,open,
2026-08-04T08:33:42.224,479420436,T0001,OBJ-B,SC-01,normal,129,168,63,145,28,open,
2026-08-04T08:33:42.244,479440912,T0001,OBJ-B,SC-01,normal,128,168,63,146,28,open,
2026-08-04T08:33:42.264,479460368,T0001,OBJ-B,SC-01,normal,129,168,63,146,28,open,
2026-08-04T08:33:42.284,479480844,T0001,OBJ-B,SC-01,normal,129,168,63,147,28,open,
2026-08-04T08:33:42.304,479500300,T0001,OBJ-B,SC-01,normal,129,168,63,147,28,open,
2026-08-04T08:33:42.324,479520780,T0001,OBJ-B,SC-01,normal,129,168,63,148,28,open,
2026-08-04T08:33:42.344,479540236,T0001,OBJ-B,SC-01,normal,129,168,63,148,28,open,
2026-08-04T08:33:42.364,479560728,T0001,OBJ-B,SC-01,normal,129,168,63,149,28,open,
2026-08-04T08:33:42.384,479580184,T0001,OBJ-B,SC-01,normal,129,168,63,149,28,open,
2026-08-04T08:33:42.405,479600660,T0001,OBJ-B,SC-01,normal,129,168,63,150,28,open,
2026-08-04T08:33:42.424,479620116,T0001,OBJ-B,SC-01,normal,129,168,63,150,28,open,
2026-08-04T08:33:42.445,479640592,T0001,OBJ-B,SC-01,normal,129,168,63,150,28,open,
2026-08-04T08:33:42.464,479660048,T0001,OBJ-B,SC-01,normal,129,168,63,151,28,open,
2026-08-04T08:33:42.484,479680528,T0001,OBJ-B,SC-01,normal,129,168,63,151,28,open,
2026-08-04T08:33:42.504,479701004,T0001,OBJ-B,SC-01,normal,129,168,63,152,28,open,
2026-08-04T08:33:42.524,479720460,T0001,OBJ-B,SC-01,normal,129,168,63,152,28,open,
2026-08-04T08:33:42.544,479740940,T0001,OBJ-B,SC-01,normal,129,168,63,153,28,open,
2026-08-04T08:33:42.564,479760396,T0001,OBJ-B,SC-01,normal,129,168,63,153,28,open,
2026-08-04T08:33:42.584,479780888,T0001,OBJ-B,SC-01,normal,129,168,63,153,28,open,
2026-08-04T08:33:42.605,479800344,T0001,OBJ-B,SC-01,normal,129,168,63,153,28,open,
2026-08-04T08:33:42.623,479820820,T0001,OBJ-B,SC-01,normal,129,168,63,153,28,open,
2026-08-04T08:33:42.644,479840276,T0001,OBJ-B,SC-01,normal,128,168,63,153,28,open,
2026-08-04T08:33:42.664,479860752,T0001,OBJ-B,SC-01,normal,129,168,63,154,28,open,
2026-08-04T08:33:42.684,479880212,T0001,OBJ-B,SC-01,normal,129,168,63,154,28,open,
2026-08-04T08:33:42.704,479900688,T0001,OBJ-B,SC-01,normal,129,168,63,155,28,open,
2026-08-04T08:33:42.724,479920144,T0001,OBJ-B,SC-01,normal,129,168,63,155,28,open,
2026-08-04T08:33:42.745,479940624,T0001,OBJ-B,SC-01,normal,129,168,63,155,28,open,
2026-08-04T08:33:42.764,479960080,T0001,OBJ-B,SC-01,normal,129,168,63,155,28,open,
2026-08-04T08:33:42.785,479980556,T0001,OBJ-B,SC-01,normal,129,168,63,155,28,open,
2026-08-04T08:33:42.804,480000016,T0001,OBJ-B,SC-01,normal,129,168,63,155,28,open,
2026-08-04T08:33:42.824,480020488,T0001,OBJ-B,SC-01,normal,129,168,63,155,28,open,
2026-08-04T08:33:42.844,480040980,T0001,OBJ-B,SC-01,normal,129,168,63,155,28,open,
2026-08-04T08:33:42.864,480060436,T0001,OBJ-B,SC-01,normal,129,168,63,155,28,open,
2026-08-04T08:33:42.884,480080912,T0001,OBJ-B,SC-01,normal,128,168,63,155,28,open,
2026-08-04T08:33:42.904,480100364,T0001,OBJ-B,SC-01,normal,129,168,63,155,28,open,
2026-08-04T08:33:42.924,480120856,T0001,OBJ-B,SC-01,normal,129,168,63,155,28,open,
2026-08-04T08:33:42.944,480140312,T0001,OBJ-B,SC-01,normal,129,168,63,155,28,open,
2026-08-04T08:33:42.964,480160788,T0001,OBJ-B,SC-01,normal,129,168,63,155,28,open,
2026-08-04T08:33:42.984,480180244,T0001,OBJ-B,SC-01,normal,129,168,63,155,28,open,
2026-08-04T08:33:43.004,480200716,T0001,OBJ-B,SC-01,normal,129,168,63,155,28,open,
2026-08-04T08:33:43.024,480220172,T0001,OBJ-B,SC-01,normal,129,168,63,156,28,open,
2026-08-04T08:33:43.045,480240664,T0001,OBJ-B,SC-01,normal,129,168,63,155,28,open,
2026-08-04T08:33:43.064,480260120,T0001,OBJ-B,SC-01,normal,129,168,63,155,28,open,
2026-08-04T08:33:43.085,480280596,T0001,OBJ-B,SC-01,normal,129,168,63,155,28,open,
2026-08-04T08:33:43.104,480300048,T0001,OBJ-B,SC-01,normal,129,168,63,155,28,open,
2026-08-04T08:33:43.124,480320524,T0001,OBJ-B,SC-01,normal,129,168,63,155,28,open,
2026-08-04T08:33:43.144,480341016,T0001,OBJ-B,SC-01,normal,129,168,63,155,28,open,
2026-08-04T08:33:43.164,480360472,T0001,OBJ-B,SC-01,normal,129,168,63,155,28,open,
2026-08-04T08:33:43.184,480380948,T0001,OBJ-B,SC-01,normal,129,168,63,155,28,open,
2026-08-04T08:33:43.204,480400404,T0001,OBJ-B,SC-01,normal,129,168,63,155,28,open,
2026-08-04T08:33:43.224,480420876,T0001,OBJ-B,SC-01,normal,129,168,63,155,28,open,
2026-08-04T08:33:43.244,480440332,T0001,OBJ-B,SC-01,normal,129,168,63,155,28,open,
2026-08-04T08:33:43.264,480460824,T0001,OBJ-B,SC-01,normal,129,168,63,155,28,open,
2026-08-04T08:33:43.284,480480280,T0001,OBJ-B,SC-01,normal,128,168,63,155,28,open,
2026-08-04T08:33:43.304,480500752,T0001,OBJ-B,SC-01,normal,129,168,63,155,28,open,
2026-08-04T08:33:43.324,480520208,T0001,OBJ-B,SC-01,normal,129,168,63,155,28,open,
2026-08-04T08:33:43.344,480540684,T0001,OBJ-B,SC-01,normal,129,168,63,155,28,open,
2026-08-04T08:33:43.364,480560140,T0001,OBJ-B,SC-01,normal,129,168,63,155,28,open,
2026-08-04T08:33:43.385,480580636,T0001,OBJ-B,SC-01,normal,129,168,63,155,28,open,
2026-08-04T08:33:43.404,480600088,T0001,OBJ-B,SC-01,normal,129,168,63,155,28,open,
2026-08-04T08:33:43.425,480620564,T0001,OBJ-B,SC-01,normal,129,168,63,155,28,open,
2026-08-04T08:33:43.444,480640024,T0001,OBJ-B,SC-01,normal,128,168,63,155,28,open,
2026-08-04T08:33:43.465,480660496,T0001,OBJ-B,SC-01,normal,129,168,63,155,28,open,
2026-08-04T08:33:43.484,480680972,T0001,OBJ-B,SC-01,normal,129,168,63,155,28,open,
2026-08-04T08:33:43.505,480700428,T0001,OBJ-B,SC-01,normal,129,168,63,155,28,open,
2026-08-04T08:33:43.524,480720920,T0001,OBJ-B,SC-01,normal,129,168,63,155,28,open,
2026-08-04T08:33:43.545,480740376,T0001,OBJ-B,SC-01,normal,129,168,63,155,28,open,
2026-08-04T08:33:43.564,480760852,T0001,OBJ-B,SC-01,normal,129,168,63,155,28,open,
2026-08-04T08:33:43.584,480780308,T0001,OBJ-B,SC-01,normal,129,168,63,155,28,open,
2026-08-04T08:33:43.604,480800788,T0001,OBJ-B,SC-01,normal,129,168,63,155,28,open,
2026-08-04T08:33:43.624,480820240,T0001,OBJ-B,SC-01,normal,129,168,63,155,28,open,
2026-08-04T08:33:43.644,480840716,T0001,OBJ-B,SC-01,normal,129,168,63,155,28,open,
2026-08-04T08:33:43.664,480860172,T0001,OBJ-B,SC-01,normal,129,168,63,155,28,open,
2026-08-04T08:33:43.685,480880648,T0001,OBJ-B,SC-01,normal,129,168,63,155,28,open,
2026-08-04T08:33:43.704,480900120,T0001,OBJ-B,SC-01,normal,129,168,63,155,28,open,
2026-08-04T08:33:43.725,480920596,T0001,OBJ-B,SC-01,normal,129,168,63,155,28,open,
2026-08-04T08:33:43.744,480940052,T0001,OBJ-B,SC-01,normal,129,168,63,155,28,open,
2026-08-04T08:33:43.764,480960532,T0001,OBJ-B,SC-01,normal,129,168,63,155,28,open,
2026-08-04T08:33:43.784,480981008,T0001,OBJ-B,SC-01,normal,128,168,63,155,28,open,
2026-08-04T08:33:43.804,481000460,T0001,OBJ-B,SC-01,normal,128,168,63,155,28,open,
2026-08-04T08:33:43.824,481020940,T0001,OBJ-B,SC-01,normal,128,168,63,155,28,open,
2026-08-04T08:33:43.845,481040396,T0001,OBJ-B,SC-01,normal,127,168,63,155,28,open,
2026-08-04T08:33:43.864,481060888,T0001,OBJ-B,SC-01,normal,127,168,63,155,28,open,
2026-08-04T08:33:43.885,481080344,T0001,OBJ-B,SC-01,normal,127,168,63,155,28,open,
2026-08-04T08:33:43.904,481100820,T0001,OBJ-B,SC-01,normal,126,168,63,155,28,open,
2026-08-04T08:33:43.924,481120276,T0001,OBJ-B,SC-01,normal,125,168,63,155,28,open,
2026-08-04T08:33:43.943,481140752,T0001,OBJ-B,SC-01,normal,125,168,63,155,28,open,
2026-08-04T08:33:43.964,481160208,T0001,OBJ-B,SC-01,normal,125,168,63,155,28,open,
2026-08-04T08:33:43.983,481180684,T0001,OBJ-B,SC-01,normal,124,168,63,155,28,open,
2026-08-04T08:33:44.003,481200140,T0001,OBJ-B,SC-01,normal,124,168,63,155,28,open,
2026-08-04T08:33:44.024,481220616,T0001,OBJ-B,SC-01,normal,124,168,63,155,28,open,
2026-08-04T08:33:44.044,481240076,T0001,OBJ-B,SC-01,normal,124,168,63,155,28,open,
2026-08-04T08:33:44.064,481260568,T0001,OBJ-B,SC-01,normal,124,168,63,155,28,open,
2026-08-04T08:33:44.084,481280008,T0001,OBJ-B,SC-01,normal,124,168,63,155,28,open,
2026-08-04T08:33:44.105,481300500,T0001,OBJ-B,SC-01,normal,124,168,63,155,28,open,
2026-08-04T08:33:44.124,481320976,T0001,OBJ-B,SC-01,normal,123,168,63,155,28,open,
2026-08-04T08:33:44.144,481340428,T0001,OBJ-B,SC-01,normal,123,168,63,155,28,open,
2026-08-04T08:33:44.164,481360904,T0001,OBJ-B,SC-01,normal,123,168,63,155,28,open,
2026-08-04T08:33:44.185,481380360,T0001,OBJ-B,SC-01,normal,123,168,63,155,28,open,
2026-08-04T08:33:44.204,481400856,T0001,OBJ-B,SC-01,normal,123,168,63,155,28,open,
2026-08-04T08:33:44.224,481420312,T0001,OBJ-B,SC-01,normal,123,168,63,155,28,open,
2026-08-04T08:33:44.244,481440788,T0001,OBJ-B,SC-01,normal,123,168,63,155,28,open,
2026-08-04T08:33:44.264,481460244,T0001,OBJ-B,SC-01,normal,123,168,63,155,28,open,
2026-08-04T08:33:44.284,481480720,T0001,OBJ-B,SC-01,normal,123,168,63,155,28,open,
2026-08-04T08:33:44.304,481500176,T0001,OBJ-B,SC-01,normal,123,168,63,155,28,open,
2026-08-04T08:33:44.325,481520652,T0001,OBJ-B,SC-01,normal,123,168,63,155,28,open,
2026-08-04T08:33:44.344,481540108,T0001,OBJ-B,SC-01,normal,123,168,63,155,28,open,
2026-08-04T08:33:44.365,481560600,T0001,OBJ-B,SC-01,normal,123,168,63,155,28,open,
2026-08-04T08:33:44.384,481580056,T0001,OBJ-B,SC-01,normal,123,168,63,155,28,open,
2026-08-04T08:33:44.405,481600536,T0001,OBJ-B,SC-01,normal,123,168,63,155,28,open,
2026-08-04T08:33:44.425,481621012,T0001,OBJ-B,SC-01,normal,123,168,63,155,28,open,
2026-08-04T08:33:44.445,481640464,T0001,OBJ-B,SC-01,normal,123,168,63,155,28,open,
2026-08-04T08:33:44.465,481660944,T0001,OBJ-B,SC-01,normal,123,168,63,155,28,open,
2026-08-04T08:33:44.485,481680400,T0001,OBJ-B,SC-01,normal,123,168,63,155,28,open,
2026-08-04T08:33:44.505,481700876,T0001,OBJ-B,SC-01,normal,123,168,63,155,28,open,
2026-08-04T08:33:44.525,481720328,T0001,OBJ-B,SC-01,normal,123,168,63,155,28,open,
2026-08-04T08:33:44.545,481740820,T0001,OBJ-B,SC-01,normal,123,168,63,155,28,open,
2026-08-04T08:33:44.565,481760276,T0001,OBJ-B,SC-01,normal,123,168,63,155,28,open,
2026-08-04T08:33:44.586,481780752,T0001,OBJ-B,SC-01,normal,123,167,63,155,28,open,
2026-08-04T08:33:44.605,481800208,T0001,OBJ-B,SC-01,normal,123,168,63,155,28,open,
2026-08-04T08:33:44.626,481820684,T0001,OBJ-B,SC-01,normal,123,168,63,155,28,open,
2026-08-04T08:33:44.645,481840140,T0001,OBJ-B,SC-01,normal,123,168,63,155,28,open,
2026-08-04T08:33:44.666,481860632,T0001,OBJ-B,SC-01,normal,123,168,63,155,28,open,
2026-08-04T08:33:44.685,481880088,T0001,OBJ-B,SC-01,normal,123,168,63,155,28,open,
2026-08-04T08:33:44.706,481900564,T0001,OBJ-B,SC-01,normal,123,168,63,155,28,open,
2026-08-04T08:33:44.726,481920020,T0001,OBJ-B,SC-01,normal,123,168,63,155,28,open,
2026-08-04T08:33:44.746,481940492,T0001,OBJ-B,SC-01,normal,123,168,63,155,28,open,
2026-08-04T08:33:44.784,481960968,T0001,OBJ-B,SC-01,normal,123,168,63,155,28,open,
2026-08-04T08:33:44.786,481980440,T0001,OBJ-B,SC-01,normal,123,167,63,155,28,open,
2026-08-04T08:33:44.824,482000920,T0001,OBJ-B,SC-01,normal,123,167,63,155,28,open,
2026-08-04T08:33:44.826,482020376,T0001,OBJ-B,SC-01,normal,123,167,63,155,28,open,
2026-08-04T08:33:44.864,482040852,T0001,OBJ-B,SC-01,normal,123,167,63,155,28,open,
2026-08-04T08:33:44.866,482060308,T0001,OBJ-B,SC-01,normal,123,167,63,155,28,open,
2026-08-04T08:33:44.904,482080784,T0001,OBJ-B,SC-01,normal,123,166,63,155,28,open,
2026-08-04T08:33:44.906,482100240,T0001,OBJ-B,SC-01,normal,123,166,63,155,28,open,
2026-08-04T08:33:44.944,482120716,T0001,OBJ-B,SC-01,normal,123,166,63,155,28,open,
2026-08-04T08:33:44.946,482140172,T0001,OBJ-B,SC-01,normal,123,166,63,155,28,open,
2026-08-04T08:33:44.967,482160648,T0001,OBJ-B,SC-01,normal,123,165,63,155,28,open,
2026-08-04T08:33:44.986,482180104,T0001,OBJ-B,SC-01,normal,123,165,63,155,28,open,
2026-08-04T08:33:45.024,482200600,T0001,OBJ-B,SC-01,normal,123,164,63,155,28,open,
2026-08-04T08:33:45.026,482220056,T0001,OBJ-B,SC-01,normal,123,164,63,155,28,open,
2026-08-04T08:33:45.064,482240536,T0001,OBJ-B,SC-01,normal,123,164,63,155,28,open,
2026-08-04T08:33:45.084,482261012,T0001,OBJ-B,SC-01,normal,123,164,63,155,28,open,
2026-08-04T08:33:45.087,482280468,T0001,OBJ-B,SC-01,normal,123,163,63,155,28,open,
2026-08-04T08:33:45.125,482300944,T0001,OBJ-B,SC-01,normal,123,163,63,155,28,open,
2026-08-04T08:33:45.127,482320404,T0001,OBJ-B,SC-01,normal,123,163,63,155,28,open,
2026-08-04T08:33:45.164,482340880,T0001,OBJ-B,SC-01,normal,123,163,63,155,28,open,
2026-08-04T08:33:45.167,482360336,T0001,OBJ-B,SC-01,normal,123,163,63,155,28,open,
2026-08-04T08:33:45.204,482380812,T0001,OBJ-B,SC-01,normal,123,163,63,155,28,open,
2026-08-04T08:33:45.208,482400280,T0001,OBJ-B,SC-01,normal,123,163,63,155,28,open,
2026-08-04T08:33:45.244,482420756,T0001,OBJ-B,SC-01,normal,123,163,63,155,28,open,
2026-08-04T08:33:45.247,482440212,T0001,OBJ-B,SC-01,normal,123,163,63,155,28,open,
2026-08-04T08:33:45.284,482460688,T0001,OBJ-B,SC-01,normal,123,163,63,155,28,open,
2026-08-04T08:33:45.305,482480144,T0001,OBJ-B,SC-01,normal,123,162,63,155,28,open,
2026-08-04T08:33:45.324,482500620,T0001,OBJ-B,SC-01,normal,123,162,63,155,28,open,
2026-08-04T08:33:45.345,482520076,T0001,OBJ-B,SC-01,normal,123,162,63,155,28,open,
2026-08-04T08:33:45.364,482540568,T0001,OBJ-B,SC-01,normal,123,162,63,155,28,open,
2026-08-04T08:33:45.384,482560024,T0001,OBJ-B,SC-01,normal,123,162,63,155,28,open,
2026-08-04T08:33:45.404,482580496,T0001,OBJ-B,SC-01,normal,123,162,63,155,28,open,
2026-08-04T08:33:45.425,482600972,T0001,OBJ-B,SC-01,normal,123,162,63,155,28,open,
2026-08-04T08:33:45.444,482620428,T0001,OBJ-B,SC-01,normal,123,162,63,155,28,open,
2026-08-04T08:33:45.465,482640920,T0001,OBJ-B,SC-01,normal,123,162,63,155,28,open,
2026-08-04T08:33:45.484,482660376,T0001,OBJ-B,SC-01,normal,123,162,63,155,28,open,
2026-08-04T08:33:45.504,482680852,T0001,OBJ-B,SC-01,normal,123,162,63,155,28,open,
2026-08-04T08:33:45.524,482700308,T0001,OBJ-B,SC-01,normal,123,161,63,155,28,open,
2026-08-04T08:33:45.544,482720784,T0001,OBJ-B,SC-01,normal,123,161,63,155,28,open,
2026-08-04T08:33:45.564,482740240,T0001,OBJ-B,SC-01,normal,123,161,63,155,28,open,
2026-08-04T08:33:45.585,482760716,T0001,OBJ-B,SC-01,normal,123,161,63,155,28,open,
2026-08-04T08:33:45.604,482780172,T0001,OBJ-B,SC-01,normal,123,161,63,155,28,open,
2026-08-04T08:33:45.624,482800668,T0001,OBJ-B,SC-01,normal,123,161,63,155,28,open,
2026-08-04T08:33:45.645,482820120,T0001,OBJ-B,SC-01,normal,123,161,63,155,28,open,
2026-08-04T08:33:45.664,482840596,T0001,OBJ-B,SC-01,normal,123,160,63,155,28,open,
2026-08-04T08:33:45.685,482860052,T0001,OBJ-B,SC-01,normal,123,160,63,155,28,open,
2026-08-04T08:33:45.704,482880532,T0001,OBJ-B,SC-01,normal,123,160,63,155,28,open,
2026-08-04T08:33:45.725,482901008,T0001,OBJ-B,SC-01,normal,123,160,63,155,28,open,
2026-08-04T08:33:45.744,482920464,T0001,OBJ-B,SC-01,normal,123,159,63,155,28,open,
2026-08-04T08:33:45.765,482940952,T0001,OBJ-B,SC-01,normal,123,159,63,155,28,open,
2026-08-04T08:33:45.784,482960396,T0001,OBJ-B,SC-01,normal,123,159,63,155,28,open,
2026-08-04T08:33:45.804,482980880,T0001,OBJ-B,SC-01,normal,123,159,63,155,28,open,
2026-08-04T08:33:45.824,483000328,T0001,OBJ-B,SC-01,normal,123,159,63,155,28,open,
2026-08-04T08:33:45.844,483020824,T0001,OBJ-B,SC-01,normal,123,159,63,155,28,open,
2026-08-04T08:33:45.864,483040280,T0001,OBJ-B,SC-01,normal,123,159,63,155,28,open,
2026-08-04T08:33:45.884,483060768,T0001,OBJ-B,SC-01,normal,123,159,63,155,28,open,
2026-08-04T08:33:45.904,483080212,T0001,OBJ-B,SC-01,normal,123,159,63,155,28,open,
2026-08-04T08:33:45.924,483100696,T0001,OBJ-B,SC-01,normal,123,159,63,155,28,open,
2026-08-04T08:33:45.945,483120144,T0001,OBJ-B,SC-01,normal,123,159,63,155,28,open,
2026-08-04T08:33:45.964,483140624,T0001,OBJ-B,SC-01,normal,123,159,63,155,28,open,
2026-08-04T08:33:45.985,483160088,T0001,OBJ-B,SC-01,normal,123,159,63,155,28,open,
2026-08-04T08:33:46.004,483180560,T0001,OBJ-B,SC-01,normal,123,159,63,155,28,open,
2026-08-04T08:33:46.024,483200028,T0001,OBJ-B,SC-01,normal,123,159,63,155,28,open,
2026-08-04T08:33:46.044,483220512,T0001,OBJ-B,SC-01,normal,123,159,63,155,28,open,
2026-08-04T08:33:46.064,483241300,T0001,OBJ-B,SC-01,normal,123,159,63,155,28,open,
2026-08-04T08:33:46.084,483260432,T0001,OBJ-B,SC-01,normal,123,159,63,155,28,open,
2026-08-04T08:33:46.105,483281148,T0001,OBJ-B,SC-01,normal,123,159,63,155,28,open,
2026-08-04T08:33:46.124,483300384,T0001,OBJ-B,SC-01,normal,123,159,63,155,28,open,
2026-08-04T08:33:46.145,483320892,T0001,OBJ-B,SC-01,normal,123,158,63,155,28,open,
2026-08-04T08:33:46.164,483340324,T0001,OBJ-B,SC-01,normal,123,158,63,155,28,open,
2026-08-04T08:33:46.185,483360788,T0001,OBJ-B,SC-01,normal,123,158,63,155,28,open,
2026-08-04T08:33:46.204,483380240,T0001,OBJ-B,SC-01,normal,123,158,63,155,28,open,
2026-08-04T08:33:46.224,483400720,T0001,OBJ-B,SC-01,normal,123,158,63,155,28,open,
2026-08-04T08:33:46.245,483420184,T0001,OBJ-B,SC-01,normal,123,158,63,155,28,open,
2026-08-04T08:33:46.265,483440660,T0001,OBJ-B,SC-01,normal,123,158,63,155,28,open,
2026-08-04T08:33:46.284,483460120,T0001,OBJ-B,SC-01,normal,123,157,63,155,28,open,
2026-08-04T08:33:46.304,483480932,T0001,OBJ-B,SC-01,normal,123,157,63,155,28,open,
2026-08-04T08:33:46.324,483500304,T0001,OBJ-B,SC-01,normal,123,157,63,155,28,open,
2026-08-04T08:33:46.344,483520728,T0001,OBJ-B,SC-01,normal,123,157,63,155,28,open,
2026-08-04T08:33:46.365,483541012,T0001,OBJ-B,SC-01,normal,123,157,63,155,28,open,
2026-08-04T08:33:46.384,483560660,T0001,OBJ-B,SC-01,normal,123,157,63,155,28,open,
2026-08-04T08:33:46.405,483580944,T0001,OBJ-B,SC-01,normal,123,156,63,155,28,open,
2026-08-04T08:33:46.424,483600400,T0001,OBJ-B,SC-01,normal,123,156,63,155,28,open,
2026-08-04T08:33:46.444,483620876,T0001,OBJ-B,SC-01,normal,123,156,63,155,28,open,
2026-08-04T08:33:46.464,483640332,T0001,OBJ-B,SC-01,normal,123,156,63,155,28,open,
2026-08-04T08:33:46.485,483660808,T0001,OBJ-B,SC-01,normal,123,156,63,155,28,open,
2026-08-04T08:33:46.504,483680280,T0001,OBJ-B,SC-01,normal,123,155,63,155,28,open,
2026-08-04T08:33:46.524,483700756,T0001,OBJ-B,SC-01,normal,123,155,63,155,28,open,
2026-08-04T08:33:46.544,483720216,T0001,OBJ-B,SC-01,normal,123,155,63,155,28,open,
2026-08-04T08:33:46.564,483740692,T0001,OBJ-B,SC-01,normal,123,154,63,155,28,open,
2026-08-04T08:33:46.585,483760148,T0001,OBJ-B,SC-01,normal,123,154,63,155,28,open,
2026-08-04T08:33:46.605,483780624,T0001,OBJ-B,SC-01,normal,123,153,63,155,28,open,
2026-08-04T08:33:46.625,483800080,T0001,OBJ-B,SC-01,normal,123,153,63,155,28,open,
2026-08-04T08:33:46.644,483820556,T0001,OBJ-B,SC-01,normal,123,153,63,155,28,open,
2026-08-04T08:33:46.665,483840016,T0001,OBJ-B,SC-01,normal,123,152,63,155,28,open,
2026-08-04T08:33:46.684,483860488,T0001,OBJ-B,SC-01,normal,123,152,63,155,28,open,
2026-08-04T08:33:46.704,483880984,T0001,OBJ-B,SC-01,normal,123,152,63,155,28,open,
2026-08-04T08:33:46.724,483900436,T0001,OBJ-B,SC-01,normal,123,152,63,155,28,open,
2026-08-04T08:33:46.744,483920916,T0001,OBJ-B,SC-01,normal,123,151,63,155,28,open,
2026-08-04T08:33:46.764,483940372,T0001,OBJ-B,SC-01,normal,123,151,63,155,28,open,
2026-08-04T08:33:46.784,483960848,T0001,OBJ-B,SC-01,normal,123,151,63,155,28,open,
2026-08-04T08:33:46.804,483980304,T0001,OBJ-B,SC-01,normal,123,150,63,155,28,open,
2026-08-04T08:33:46.824,484000784,T0001,OBJ-B,SC-01,normal,123,150,63,155,28,open,
2026-08-04T08:33:46.844,484020236,T0001,OBJ-B,SC-01,normal,123,150,63,155,28,open,
2026-08-04T08:33:46.864,484040712,T0001,OBJ-B,SC-01,normal,123,149,63,155,28,open,
2026-08-04T08:33:46.885,484060168,T0001,OBJ-B,SC-01,normal,123,149,63,155,28,open,
2026-08-04T08:33:46.904,484080664,T0001,OBJ-B,SC-01,normal,123,149,63,155,28,open,
2026-08-04T08:33:46.925,484100116,T0001,OBJ-B,SC-01,normal,123,149,63,155,28,open,
2026-08-04T08:33:46.945,484120596,T0001,OBJ-B,SC-01,normal,123,148,63,155,28,open,
2026-08-04T08:33:46.964,484140052,T0001,OBJ-B,SC-01,normal,123,148,63,155,28,open,
2026-08-04T08:33:46.984,484160532,T0001,OBJ-B,SC-01,normal,123,147,63,155,28,open,
2026-08-04T08:33:47.005,484181004,T0001,OBJ-B,SC-01,normal,123,146,63,155,28,open,
2026-08-04T08:33:47.023,484200460,T0001,OBJ-B,SC-01,normal,123,146,63,155,28,open,
2026-08-04T08:33:47.044,484220940,T0001,OBJ-B,SC-01,normal,123,145,63,155,28,open,
2026-08-04T08:33:47.064,484240396,T0001,OBJ-B,SC-01,normal,123,145,63,155,28,open,
2026-08-04T08:33:47.084,484260888,T0001,OBJ-B,SC-01,normal,123,144,63,155,28,open,
2026-08-04T08:33:47.104,484280344,T0001,OBJ-B,SC-01,normal,123,144,63,155,28,open,
2026-08-04T08:33:47.124,484300824,T0001,OBJ-B,SC-01,normal,123,143,63,155,28,open,
2026-08-04T08:33:47.144,484320276,T0001,OBJ-B,SC-01,normal,123,142,63,155,28,open,
2026-08-04T08:33:47.164,484340756,T0001,OBJ-B,SC-01,normal,123,141,63,155,28,open,
2026-08-04T08:33:47.184,484360212,T0001,OBJ-B,SC-01,normal,123,141,63,155,28,open,
2026-08-04T08:33:47.204,484380688,T0001,OBJ-B,SC-01,normal,123,140,63,155,28,open,
2026-08-04T08:33:47.225,484400144,T0001,OBJ-B,SC-01,normal,123,139,63,155,28,open,
2026-08-04T08:33:47.244,484420620,T0001,OBJ-B,SC-01,normal,123,139,63,155,28,open,
2026-08-04T08:33:47.265,484440076,T0001,OBJ-B,SC-01,normal,123,138,63,156,28,open,
2026-08-04T08:33:47.283,484460556,T0001,OBJ-B,SC-01,normal,123,138,63,155,28,open,
2026-08-04T08:33:47.304,484480012,T0001,OBJ-B,SC-01,normal,123,137,63,155,28,open,
2026-08-04T08:33:47.324,484500504,T0001,OBJ-B,SC-01,normal,123,137,63,155,28,open,
2026-08-04T08:33:47.345,484520980,T0001,OBJ-B,SC-01,normal,123,137,63,155,28,open,
2026-08-04T08:33:47.364,484540436,T0001,OBJ-B,SC-01,normal,123,136,63,156,28,open,
2026-08-04T08:33:47.384,484560912,T0001,OBJ-B,SC-01,normal,123,136,63,155,28,open,
2026-08-04T08:33:47.404,484580368,T0001,OBJ-B,SC-01,normal,123,136,63,155,28,open,
2026-08-04T08:33:47.425,484600844,T0001,OBJ-B,SC-01,normal,123,135,63,155,28,open,
2026-08-04T08:33:47.444,484620304,T0001,OBJ-B,SC-01,normal,123,135,63,155,28,open,
2026-08-04T08:33:47.465,484640780,T0001,OBJ-B,SC-01,normal,123,134,63,155,28,open,
2026-08-04T08:33:47.484,484660236,T0001,OBJ-B,SC-01,normal,123,134,63,155,28,open,
2026-08-04T08:33:47.504,484680732,T0001,OBJ-B,SC-01,normal,123,133,63,155,28,open,
2026-08-04T08:33:47.524,484700168,T0001,OBJ-B,SC-01,normal,123,133,63,155,28,open,
2026-08-04T08:33:47.544,484720664,T0001,OBJ-B,SC-01,normal,123,133,63,155,28,open,
2026-08-04T08:33:47.564,484740120,T0001,OBJ-B,SC-01,normal,123,132,63,155,28,open,
2026-08-04T08:33:47.584,484760596,T0001,OBJ-B,SC-01,normal,123,132,63,155,28,open,
2026-08-04T08:33:47.605,484780056,T0001,OBJ-B,SC-01,normal,123,132,63,155,28,open,
2026-08-04T08:33:47.624,484800532,T0001,OBJ-B,SC-01,normal,123,131,63,155,28,open,
2026-08-04T08:33:47.645,484821012,T0001,OBJ-B,SC-01,normal,123,131,63,155,28,open,
2026-08-04T08:33:47.664,484840468,T0001,OBJ-B,SC-01,normal,123,130,63,155,28,open,
2026-08-04T08:33:47.685,484860944,T0001,OBJ-B,SC-01,normal,123,130,63,155,28,open,
2026-08-04T08:33:47.704,484880404,T0001,OBJ-B,SC-01,normal,123,129,63,155,28,open,
2026-08-04T08:33:47.724,484900880,T0001,OBJ-B,SC-01,normal,123,129,63,155,28,open,
2026-08-04T08:33:47.744,484920336,T0001,OBJ-B,SC-01,normal,123,128,63,155,28,open,
2026-08-04T08:33:47.765,484940812,T0001,OBJ-B,SC-01,normal,123,128,63,155,28,open,
2026-08-04T08:33:47.784,484960268,T0001,OBJ-B,SC-01,normal,123,127,63,155,28,open,
2026-08-04T08:33:47.804,484980748,T0001,OBJ-B,SC-01,normal,123,127,63,155,28,open,
2026-08-04T08:33:47.824,485000200,T0001,OBJ-B,SC-01,normal,123,126,63,155,28,open,
2026-08-04T08:33:47.844,485020696,T0001,OBJ-B,SC-01,normal,123,125,63,155,28,open,
2026-08-04T08:33:47.865,485040148,T0001,OBJ-B,SC-01,normal,123,125,63,155,28,open,
2026-08-04T08:33:47.884,485060624,T0001,OBJ-B,SC-01,normal,123,125,63,155,28,open,
2026-08-04T08:33:47.904,485080080,T0001,OBJ-B,SC-01,normal,123,124,63,155,28,open,
2026-08-04T08:33:47.924,485100560,T0001,OBJ-B,SC-01,normal,123,124,63,155,28,open,
2026-08-04T08:33:47.945,485120016,T0001,OBJ-B,SC-01,normal,123,123,63,155,28,open,
2026-08-04T08:33:47.964,485140488,T0001,OBJ-B,SC-01,normal,123,123,63,155,28,open,
2026-08-04T08:33:47.985,485160980,T0001,OBJ-B,SC-01,normal,123,122,63,155,28,open,
2026-08-04T08:33:48.004,485180436,T0001,OBJ-B,SC-01,normal,123,122,63,155,28,open,
2026-08-04T08:33:48.024,485200912,T0001,OBJ-B,SC-01,normal,123,122,63,155,28,open,
2026-08-04T08:33:48.044,485220368,T0001,OBJ-B,SC-01,normal,123,121,63,155,28,open,
2026-08-04T08:33:48.064,485240848,T0001,OBJ-B,SC-01,normal,123,121,63,155,28,open,
2026-08-04T08:33:48.084,485260304,T0001,OBJ-B,SC-01,normal,123,121,63,155,28,open,
2026-08-04T08:33:48.105,485280780,T0001,OBJ-B,SC-01,normal,123,120,63,155,28,open,
2026-08-04T08:33:48.124,485300236,T0001,OBJ-B,SC-01,normal,123,120,63,155,28,open,
2026-08-04T08:33:48.144,485320712,T0001,OBJ-B,SC-01,normal,123,119,63,155,28,open,
2026-08-04T08:33:48.165,485340172,T0001,OBJ-B,SC-01,normal,123,119,63,155,28,open,
2026-08-04T08:33:48.184,485360664,T0001,OBJ-B,SC-01,normal,123,118,63,155,28,open,
2026-08-04T08:33:48.205,485380120,T0001,OBJ-B,SC-01,normal,123,118,63,155,28,open,
2026-08-04T08:33:48.224,485400596,T0001,OBJ-B,SC-01,normal,123,118,63,155,28,open,
2026-08-04T08:33:48.245,485420052,T0001,OBJ-B,SC-01,normal,123,117,63,155,28,open,
2026-08-04T08:33:48.264,485440528,T0001,OBJ-B,SC-01,normal,123,117,63,155,28,open,
2026-08-04T08:33:48.285,485461004,T0001,OBJ-B,SC-01,normal,123,117,63,155,28,open,
2026-08-04T08:33:48.304,485480460,T0001,OBJ-B,SC-01,normal,123,117,63,155,28,open,
2026-08-04T08:33:48.325,485500952,T0001,OBJ-B,SC-01,normal,123,116,63,155,28,open,
2026-08-04T08:33:48.344,485520408,T0001,OBJ-B,SC-01,normal,123,115,63,155,28,open,
2026-08-04T08:33:48.364,485540884,T0001,OBJ-B,SC-01,normal,123,115,63,155,28,open,
2026-08-04T08:33:48.383,485560340,T0001,OBJ-B,SC-01,normal,123,115,63,155,28,open,
2026-08-04T08:33:48.404,485580816,T0001,OBJ-B,SC-01,normal,123,114,63,155,28,open,
2026-08-04T08:33:48.424,485600272,T0001,OBJ-B,SC-01,normal,123,114,63,155,28,open,
2026-08-04T08:33:48.444,485620748,T0001,OBJ-B,SC-01,normal,123,114,63,155,28,open,
2026-08-04T08:33:48.464,485640208,T0001,OBJ-B,SC-01,normal,123,113,63,155,28,open,
2026-08-04T08:33:48.484,485660684,T0001,OBJ-B,SC-01,normal,123,113,63,155,28,open,
2026-08-04T08:33:48.505,485680140,T0001,OBJ-B,SC-01,normal,123,113,63,155,28,open,
2026-08-04T08:33:48.524,485700632,T0001,OBJ-B,SC-01,normal,123,112,63,155,28,open,
2026-08-04T08:33:48.545,485720088,T0001,OBJ-B,SC-01,normal,123,112,63,155,28,open,
2026-08-04T08:33:48.564,485740568,T0001,OBJ-B,SC-01,normal,123,111,63,155,28,open,
2026-08-04T08:33:48.585,485760024,T0001,OBJ-B,SC-01,normal,123,111,63,155,28,open,
2026-08-04T08:33:48.604,485780500,T0001,OBJ-B,SC-01,normal,123,111,63,156,28,open,
2026-08-04T08:33:48.625,485800976,T0001,OBJ-B,SC-01,normal,123,110,63,155,28,open,
2026-08-04T08:33:48.644,485820432,T0001,OBJ-B,SC-01,normal,123,110,63,155,28,open,
2026-08-04T08:33:48.665,485840908,T0001,OBJ-B,SC-01,normal,123,110,63,155,28,open,
2026-08-04T08:33:48.684,485860364,T0001,OBJ-B,SC-01,normal,123,110,63,155,28,open,
2026-08-04T08:33:48.705,485880844,T0001,OBJ-B,SC-01,normal,123,110,63,155,28,open,
2026-08-04T08:33:48.724,485900300,T0001,OBJ-B,SC-01,normal,123,110,63,155,28,open,
2026-08-04T08:33:48.744,485920776,T0001,OBJ-B,SC-01,normal,123,110,63,155,28,open,
2026-08-04T08:33:48.764,485940232,T0001,OBJ-B,SC-01,normal,123,110,63,155,28,open,
2026-08-04T08:33:48.784,485960728,T0001,OBJ-B,SC-01,normal,123,110,63,155,28,open,
2026-08-04T08:33:48.805,485980184,T0001,OBJ-B,SC-01,normal,123,110,63,155,28,open,
2026-08-04T08:33:48.824,486000664,T0001,OBJ-B,SC-01,normal,123,110,63,155,28,open,
2026-08-04T08:33:48.845,486020120,T0001,OBJ-B,SC-01,normal,123,110,63,155,28,open,
2026-08-04T08:33:48.864,486040596,T0001,OBJ-B,SC-01,normal,123,110,63,155,28,open,
2026-08-04T08:33:48.885,486060052,T0001,OBJ-B,SC-01,normal,123,110,63,155,28,open,
2026-08-04T08:33:48.903,486080532,T0001,OBJ-B,SC-01,normal,123,110,63,155,28,open,
2026-08-04T08:33:48.924,486101008,T0001,OBJ-B,SC-01,normal,123,110,63,155,28,open,
2026-08-04T08:33:48.944,486120464,T0001,OBJ-B,SC-01,normal,123,110,63,155,28,open,
2026-08-04T08:33:48.965,486140944,T0001,OBJ-B,SC-01,normal,123,110,63,155,28,open,
2026-08-04T08:33:48.984,486160400,T0001,OBJ-B,SC-01,normal,123,110,63,155,28,open,
2026-08-04T08:33:49.004,486180876,T0001,OBJ-B,SC-01,normal,123,110,63,155,28,open,
2026-08-04T08:33:49.024,486200336,T0001,OBJ-B,SC-01,normal,123,110,63,155,28,open,
2026-08-04T08:33:49.044,486220812,T0001,OBJ-B,SC-01,normal,123,110,63,155,28,open,
2026-08-04T08:33:49.064,486240268,T0001,OBJ-B,SC-01,normal,123,110,63,155,28,open,
2026-08-04T08:33:49.084,486260744,T0001,OBJ-B,SC-01,normal,123,110,63,155,28,open,
2026-08-04T08:33:49.104,486280204,T0001,OBJ-B,SC-01,normal,123,110,63,155,28,open,
2026-08-04T08:33:49.124,486300680,T0001,OBJ-B,SC-01,normal,124,110,63,155,28,open,
2026-08-04T08:33:49.145,486320140,T0001,OBJ-B,SC-01,normal,123,110,63,155,28,open,
2026-08-04T08:33:49.164,486340632,T0001,OBJ-B,SC-01,normal,123,110,63,155,28,open,
2026-08-04T08:33:49.185,486360072,T0001,OBJ-B,SC-01,normal,123,110,63,155,28,open,
2026-08-04T08:33:49.204,486380568,T0001,OBJ-B,SC-01,normal,123,110,63,155,28,open,
2026-08-04T08:33:49.225,486400008,T0001,OBJ-B,SC-01,normal,123,110,63,155,28,open,
2026-08-04T08:33:49.244,486420500,T0001,OBJ-B,SC-01,normal,124,110,63,155,28,open,
2026-08-04T08:33:49.265,486440976,T0001,OBJ-B,SC-01,normal,123,110,63,155,28,open,
2026-08-04T08:33:49.284,486460428,T0001,OBJ-B,SC-01,normal,123,110,63,156,28,open,
2026-08-04T08:33:49.304,486480904,T0001,OBJ-B,SC-01,normal,123,110,63,155,28,open,
2026-08-04T08:33:49.324,486500360,T0001,OBJ-B,SC-01,normal,123,110,63,155,28,open,
2026-08-04T08:33:49.344,486520856,T0001,OBJ-B,SC-01,normal,123,110,63,155,28,open,
2026-08-04T08:33:49.364,486540312,T0001,OBJ-B,SC-01,normal,123,110,63,155,28,open,
2026-08-04T08:33:49.384,486560788,T0001,OBJ-B,SC-01,normal,123,110,62,155,28,open,
2026-08-04T08:33:49.404,486580248,T0001,OBJ-B,SC-01,normal,123,110,62,155,28,open,
2026-08-04T08:33:49.424,486600724,T0001,OBJ-B,SC-01,normal,123,110,62,155,28,open,
2026-08-04T08:33:49.445,486620180,T0001,OBJ-B,SC-01,normal,123,110,62,155,28,open,
2026-08-04T08:33:49.464,486640656,T0001,OBJ-B,SC-01,normal,123,110,61,155,28,open,
2026-08-04T08:33:49.485,486660112,T0001,OBJ-B,SC-01,normal,123,110,61,155,28,open,
2026-08-04T08:33:49.504,486680588,T0001,OBJ-B,SC-01,normal,123,110,61,155,28,open,
2026-08-04T08:33:49.525,486700044,T0001,OBJ-B,SC-01,normal,123,110,60,155,28,open,
2026-08-04T08:33:49.544,486720520,T0001,OBJ-B,SC-01,normal,123,110,60,155,28,open,
2026-08-04T08:33:49.565,486741016,T0001,OBJ-B,SC-01,normal,123,110,60,155,28,open,
2026-08-04T08:33:49.584,486760472,T0001,OBJ-B,SC-01,normal,123,110,59,155,28,open,
2026-08-04T08:33:49.605,486780948,T0001,OBJ-B,SC-01,normal,123,110,59,155,28,open,
2026-08-04T08:33:49.624,486800404,T0001,OBJ-B,SC-01,normal,123,110,58,155,28,open,
2026-08-04T08:33:49.644,486820880,T0001,OBJ-B,SC-01,normal,123,110,58,155,28,open,
2026-08-04T08:33:49.664,486840336,T0001,OBJ-B,SC-01,normal,123,110,58,155,28,open,
2026-08-04T08:33:49.684,486860812,T0001,OBJ-B,SC-01,normal,123,110,57,155,28,open,
2026-08-04T08:33:49.704,486880268,T0001,OBJ-B,SC-01,normal,123,110,57,155,28,open,
2026-08-04T08:33:49.724,486900760,T0001,OBJ-B,SC-01,normal,123,110,57,155,28,open,
2026-08-04T08:33:49.744,486920220,T0001,OBJ-B,SC-01,normal,123,110,57,155,28,open,
2026-08-04T08:33:49.764,486940696,T0001,OBJ-B,SC-01,normal,123,110,57,155,28,open,
2026-08-04T08:33:49.785,486960152,T0001,OBJ-B,SC-01,normal,123,110,57,155,28,open,
2026-08-04T08:33:49.805,486980628,T0001,OBJ-B,SC-01,normal,123,110,57,155,28,open,
2026-08-04T08:33:49.825,487000084,T0001,OBJ-B,SC-01,normal,123,110,57,155,28,open,
2026-08-04T08:33:49.845,487020564,T0001,OBJ-B,SC-01,normal,123,110,57,155,28,open,
2026-08-04T08:33:49.864,487040020,T0001,OBJ-B,SC-01,normal,123,110,57,155,28,open,
2026-08-04T08:33:49.885,487060496,T0001,OBJ-B,SC-01,normal,123,110,57,155,28,open,
2026-08-04T08:33:49.906,487080972,T0001,OBJ-B,SC-01,normal,123,110,57,155,28,open,
2026-08-04T08:33:49.925,487100428,T0001,OBJ-B,SC-01,normal,123,110,57,155,28,open,
2026-08-04T08:33:49.946,487120920,T0001,OBJ-B,SC-01,normal,123,110,57,155,28,open,
2026-08-04T08:33:49.965,487140376,T0001,OBJ-B,SC-01,normal,123,110,57,155,28,open,
2026-08-04T08:33:49.986,487160856,T0001,OBJ-B,SC-01,normal,123,110,57,155,28,open,
2026-08-04T08:33:50.005,487180312,T0001,OBJ-B,SC-01,normal,123,110,57,155,28,open,
2026-08-04T08:33:50.026,487200792,T0001,OBJ-B,SC-01,normal,123,110,57,155,28,open,
2026-08-04T08:33:50.045,487220248,T0001,OBJ-B,SC-01,normal,123,110,57,155,28,open,
2026-08-04T08:33:50.066,487240724,T0001,OBJ-B,SC-01,normal,123,110,57,155,28,open,
2026-08-04T08:33:50.085,487260180,T0001,OBJ-B,SC-01,normal,123,110,57,155,28,open,
2026-08-04T08:33:50.106,487280656,T0001,OBJ-B,SC-01,normal,123,110,57,155,28,open,
2026-08-04T08:33:50.125,487300112,T0001,OBJ-B,SC-01,normal,123,110,57,155,28,open,
2026-08-04T08:33:50.146,487320592,T0001,OBJ-B,SC-01,normal,123,110,58,155,28,open,
2026-08-04T08:33:50.166,487340048,T0001,OBJ-B,SC-01,normal,123,110,59,155,28,open,
2026-08-04T08:33:50.186,487360528,T0001,OBJ-B,SC-01,normal,123,110,59,155,28,open,
2026-08-04T08:33:50.207,487381004,T0001,OBJ-B,SC-01,normal,123,110,61,155,28,open,
2026-08-04T08:33:50.226,487400464,T0001,OBJ-B,SC-01,normal,123,110,62,155,28,open,
2026-08-04T08:33:50.247,487420940,T0001,OBJ-B,SC-01,normal,123,110,62,155,28,open,
2026-08-04T08:33:50.266,487440400,T0001,OBJ-B,SC-01,normal,123,110,64,155,28,open,
2026-08-04T08:33:50.304,487460876,T0001,OBJ-B,SC-01,normal,123,110,65,155,28,open,
2026-08-04T08:33:50.306,487480332,T0001,OBJ-B,SC-01,normal,123,110,65,155,28,open,
2026-08-04T08:33:50.344,487500808,T0001,OBJ-B,SC-01,normal,123,110,66,155,28,open,
2026-08-04T08:33:50.346,487520264,T0001,OBJ-B,SC-01,normal,123,110,67,155,28,open,
2026-08-04T08:33:50.383,487540760,T0001,OBJ-B,SC-01,normal,123,110,68,155,28,open,
2026-08-04T08:33:50.404,487560216,T0001,OBJ-B,SC-01,normal,123,110,69,155,28,open,
2026-08-04T08:33:50.424,487580696,T0001,OBJ-B,SC-01,normal,123,110,69,155,28,open,
2026-08-04T08:33:50.427,487600152,T0001,OBJ-B,SC-01,normal,123,110,70,155,28,open,
2026-08-04T08:33:50.465,487620632,T0001,OBJ-B,SC-01,normal,123,110,71,155,28,open,
2026-08-04T08:33:50.467,487640088,T0001,OBJ-B,SC-01,normal,123,110,71,155,28,open,
2026-08-04T08:33:50.504,487660564,T0001,OBJ-B,SC-01,normal,123,110,71,155,28,open,
2026-08-04T08:33:50.507,487680020,T0001,OBJ-B,SC-01,normal,123,110,72,155,28,open,
2026-08-04T08:33:50.545,487700496,T0001,OBJ-B,SC-01,normal,123,110,73,155,28,open,
2026-08-04T08:33:50.564,487720972,T0001,OBJ-B,SC-01,normal,123,110,73,155,28,open,
2026-08-04T08:33:50.584,487740428,T0001,OBJ-B,SC-01,normal,123,110,73,155,28,open,
2026-08-04T08:33:50.604,487760904,T0001,OBJ-B,SC-01,normal,123,110,73,155,28,open,
2026-08-04T08:33:50.625,487780360,T0001,OBJ-B,SC-01,normal,123,110,73,155,28,open,
2026-08-04T08:33:50.644,487800856,T0001,OBJ-B,SC-01,normal,123,110,73,155,28,open,
2026-08-04T08:33:50.664,487820312,T0001,OBJ-B,SC-01,normal,123,110,73,155,28,open,
2026-08-04T08:33:50.684,487840792,T0001,OBJ-B,SC-01,normal,123,110,73,155,28,open,
2026-08-04T08:33:50.705,487860248,T0001,OBJ-B,SC-01,normal,123,110,73,155,28,open,
2026-08-04T08:33:50.725,487880724,T0001,OBJ-B,SC-01,normal,123,110,73,155,28,open,
2026-08-04T08:33:50.728,487900184,T0001,OBJ-B,SC-01,normal,124,110,73,155,28,open,
2026-08-04T08:33:50.765,487920660,T0001,OBJ-B,SC-01,normal,123,110,73,155,28,open,
2026-08-04T08:33:50.768,487940116,T0001,OBJ-B,SC-01,normal,123,110,73,155,28,open,
2026-08-04T08:33:50.805,487960592,T0001,OBJ-B,SC-01,normal,123,110,73,155,28,open,
2026-08-04T08:33:50.824,487980052,T0001,OBJ-B,SC-01,normal,123,110,73,155,28,open,
2026-08-04T08:33:50.845,488000528,T0001,OBJ-B,SC-01,normal,123,110,73,155,28,open,
2026-08-04T08:33:50.864,488021004,T0001,OBJ-B,SC-01,normal,123,110,73,155,28,open,
2026-08-04T08:33:50.884,488040460,T0001,OBJ-B,SC-01,normal,123,110,73,155,28,open,
2026-08-04T08:33:50.904,488060952,T0001,OBJ-B,SC-01,normal,123,110,73,155,28,open,
2026-08-04T08:33:50.924,488080408,T0001,OBJ-B,SC-01,normal,123,110,73,156,28,open,
2026-08-04T08:33:50.944,488100884,T0001,OBJ-B,SC-01,normal,123,110,73,155,28,open,
2026-08-04T08:33:50.965,488120340,T0001,OBJ-B,SC-01,normal,123,110,73,155,28,open,
2026-08-04T08:33:50.984,488140820,T0001,OBJ-B,SC-01,normal,123,110,73,155,28,open,
2026-08-04T08:33:51.005,488160272,T0001,OBJ-B,SC-01,normal,123,110,73,155,28,open,
2026-08-04T08:33:51.024,488180752,T0001,OBJ-B,SC-01,normal,123,110,73,155,28,open,
2026-08-04T08:33:51.044,488200208,T0001,OBJ-B,SC-01,normal,123,110,73,155,28,open,
2026-08-04T08:33:51.065,488220688,T0001,OBJ-B,SC-01,normal,123,110,73,155,28,open,
2026-08-04T08:33:51.084,488240144,T0001,OBJ-B,SC-01,normal,123,110,73,155,28,open,
2026-08-04T08:33:51.105,488260624,T0001,OBJ-B,SC-01,normal,122,110,73,155,28,open,
2026-08-04T08:33:51.124,488280080,T0001,OBJ-B,SC-01,normal,122,110,73,155,28,open,
2026-08-04T08:33:51.144,488300556,T0001,OBJ-B,SC-01,normal,121,110,73,155,28,open,
2026-08-04T08:33:51.164,488320012,T0001,OBJ-B,SC-01,normal,120,110,73,155,28,open,
2026-08-04T08:33:51.185,488340496,T0001,OBJ-B,SC-01,normal,120,110,73,155,28,open,
2026-08-04T08:33:51.204,488360972,T0001,OBJ-B,SC-01,normal,120,110,73,155,28,open,
2026-08-04T08:33:51.225,488380432,T0001,OBJ-B,SC-01,normal,119,110,73,155,28,open,
2026-08-04T08:33:51.244,488400908,T0001,OBJ-B,SC-01,normal,118,110,73,155,28,open,
2026-08-04T08:33:51.265,488420372,T0001,OBJ-B,SC-01,normal,118,110,73,155,28,open,
2026-08-04T08:33:51.284,488440852,T0001,OBJ-B,SC-01,normal,118,110,73,155,28,open,
2026-08-04T08:33:51.304,488460300,T0001,OBJ-B,SC-01,normal,118,110,73,155,28,open,
2026-08-04T08:33:51.324,488480792,T0001,OBJ-B,SC-01,normal,117,110,73,155,28,open,
2026-08-04T08:33:51.345,488500248,T0001,OBJ-B,SC-01,normal,117,110,73,155,28,open,
2026-08-04T08:33:51.365,488520716,T0001,OBJ-B,SC-01,normal,117,110,73,155,28,open,
2026-08-04T08:33:51.384,488540172,T0001,OBJ-B,SC-01,normal,116,110,73,155,28,open,
2026-08-04T08:33:51.405,488560652,T0001,OBJ-B,SC-01,normal,116,110,73,155,28,open,
2026-08-04T08:33:51.424,488580120,T0001,OBJ-B,SC-01,normal,115,110,73,155,28,open,
2026-08-04T08:33:51.445,488600592,T0001,OBJ-B,SC-01,normal,115,110,73,155,28,open,
2026-08-04T08:33:51.464,488620056,T0001,OBJ-B,SC-01,normal,115,110,73,155,28,open,
2026-08-04T08:33:51.485,488640548,T0001,OBJ-B,SC-01,normal,114,110,73,155,28,open,
2026-08-04T08:33:51.504,488661024,T0001,OBJ-B,SC-01,normal,113,110,73,155,28,open,
2026-08-04T08:33:51.525,488680460,T0001,OBJ-B,SC-01,normal,112,110,73,155,28,open,
2026-08-04T08:33:51.544,488700960,T0001,OBJ-B,SC-01,normal,112,110,73,155,28,open,
2026-08-04T08:33:51.564,488720744,T0001,OBJ-B,SC-01,normal,111,110,73,155,28,open,
2026-08-04T08:33:51.584,488741028,T0001,OBJ-B,SC-01,normal,110,110,73,155,28,open,
2026-08-04T08:33:51.605,488760344,T0001,OBJ-B,SC-01,normal,110,110,73,155,28,open,
2026-08-04T08:33:51.624,488781120,T0001,OBJ-B,SC-01,normal,109,110,73,155,28,open,
2026-08-04T08:33:51.645,488800472,T0001,OBJ-B,SC-01,normal,109,110,73,155,28,open,
2026-08-04T08:33:51.664,488820896,T0001,OBJ-B,SC-01,normal,108,110,73,155,28,open,
2026-08-04T08:33:51.684,488840212,T0001,OBJ-B,SC-01,normal,108,110,73,155,28,open,
2026-08-04T08:33:51.705,488860688,T0001,OBJ-B,SC-01,normal,107,110,73,155,28,open,
2026-08-04T08:33:51.724,488880152,T0001,OBJ-B,SC-01,normal,107,110,73,155,28,open,
2026-08-04T08:33:51.745,488900624,T0001,OBJ-B,SC-01,normal,105,110,73,155,28,open,
2026-08-04T08:33:51.764,488920080,T0001,OBJ-B,SC-01,normal,105,110,73,155,28,open,
2026-08-04T08:33:51.785,488940556,T0001,OBJ-B,SC-01,normal,104,110,73,155,28,open,
2026-08-04T08:33:51.804,488960032,T0001,OBJ-B,SC-01,normal,104,110,73,155,28,open,
2026-08-04T08:33:51.824,488980504,T0001,OBJ-B,SC-01,normal,103,110,73,155,28,open,
2026-08-04T08:33:51.844,489000980,T0001,OBJ-B,SC-01,normal,102,110,73,155,28,open,
2026-08-04T08:33:51.864,489020436,T0001,OBJ-B,SC-01,normal,102,110,73,155,28,open,
2026-08-04T08:33:51.884,489040916,T0001,OBJ-B,SC-01,normal,101,110,73,155,28,open,
2026-08-04T08:33:51.904,489060372,T0001,OBJ-B,SC-01,normal,100,110,73,155,28,open,
2026-08-04T08:33:51.924,489080856,T0001,OBJ-B,SC-01,normal,99,110,73,155,28,open,
2026-08-04T08:33:51.945,489100300,T0001,OBJ-B,SC-01,normal,99,110,73,155,28,open,
2026-08-04T08:33:51.964,489120784,T0001,OBJ-B,SC-01,normal,98,110,73,155,28,open,
2026-08-04T08:33:51.984,489140248,T0001,OBJ-B,SC-01,normal,97,110,73,155,28,open,
2026-08-04T08:33:52.005,489160728,T0001,OBJ-B,SC-01,normal,97,110,73,155,28,open,
2026-08-04T08:33:52.024,489180176,T0001,OBJ-B,SC-01,normal,96,110,73,155,28,open,
2026-08-04T08:33:52.045,489200660,T0001,OBJ-B,SC-01,normal,95,110,73,155,28,open,
2026-08-04T08:33:52.064,489220120,T0001,OBJ-B,SC-01,normal,95,110,73,155,28,open,
2026-08-04T08:33:52.084,489240584,T0001,OBJ-B,SC-01,normal,94,110,73,155,28,open,
2026-08-04T08:33:52.104,489260048,T0001,OBJ-B,SC-01,normal,93,110,73,155,28,open,
2026-08-04T08:33:52.125,489280532,T0001,OBJ-B,SC-01,normal,93,110,73,155,28,open,
2026-08-04T08:33:52.144,489301016,T0001,OBJ-B,SC-01,normal,92,110,73,155,28,open,
2026-08-04T08:33:52.164,489320460,T0001,OBJ-B,SC-01,normal,91,110,73,155,28,open,
2026-08-04T08:33:52.184,489340944,T0001,OBJ-B,SC-01,normal,91,110,73,155,28,open,
2026-08-04T08:33:52.204,489360408,T0001,OBJ-B,SC-01,normal,90,110,73,155,28,open,
2026-08-04T08:33:52.223,489380888,T0001,OBJ-B,SC-01,normal,89,110,73,155,28,open,
2026-08-04T08:33:52.244,489400336,T0001,OBJ-B,SC-01,normal,88,110,73,155,28,open,
2026-08-04T08:33:52.264,489420816,T0001,OBJ-B,SC-01,normal,88,110,73,155,28,open,
2026-08-04T08:33:52.284,489440280,T0001,OBJ-B,SC-01,normal,87,110,73,155,28,open,
2026-08-04T08:33:52.304,489460760,T0001,OBJ-B,SC-01,normal,87,110,73,156,28,open,
2026-08-04T08:33:52.324,489480208,T0001,OBJ-B,SC-01,normal,87,110,73,155,28,open,
2026-08-04T08:33:52.345,489500688,T0001,OBJ-B,SC-01,normal,87,110,73,155,28,open,
2026-08-04T08:33:52.364,489520152,T0001,OBJ-B,SC-01,normal,87,110,73,155,28,open,
2026-08-04T08:33:52.385,489540616,T0001,OBJ-B,SC-01,normal,87,110,73,155,28,open,
2026-08-04T08:33:52.404,489560080,T0001,OBJ-B,SC-01,normal,87,110,73,155,28,open,
2026-08-04T08:33:52.424,489580564,T0001,OBJ-B,SC-01,normal,87,110,73,155,28,open,
2026-08-04T08:33:52.444,489600024,T0001,OBJ-B,SC-01,normal,87,110,73,155,28,open,
2026-08-04T08:33:52.464,489620504,T0001,OBJ-B,SC-01,normal,87,110,73,155,28,open,
2026-08-04T08:33:52.484,489640968,T0001,OBJ-B,SC-01,normal,87,110,73,155,28,open,
2026-08-04T08:33:52.505,489660428,T0001,OBJ-B,SC-01,normal,87,110,73,155,28,open,
2026-08-04T08:33:52.524,489680912,T0001,OBJ-B,SC-01,normal,87,110,73,155,28,open,
2026-08-04T08:33:52.544,489700372,T0001,OBJ-B,SC-01,normal,87,110,73,155,28,open,
2026-08-04T08:33:52.564,489720856,T0001,OBJ-B,SC-01,normal,87,110,73,155,28,open,
2026-08-04T08:33:52.584,489740300,T0001,OBJ-B,SC-01,normal,87,110,73,155,28,open,
2026-08-04T08:33:52.604,489760784,T0001,OBJ-B,SC-01,normal,87,110,73,155,28,open,
2026-08-04T08:33:52.624,489780248,T0001,OBJ-B,SC-01,normal,86,110,73,155,28,open,
2026-08-04T08:33:52.645,489800728,T0001,OBJ-B,SC-01,normal,85,110,73,155,28,open,
2026-08-04T08:33:52.664,489820172,T0001,OBJ-B,SC-01,normal,84,110,73,155,28,open,
2026-08-04T08:33:52.685,489840656,T0001,OBJ-B,SC-01,normal,83,110,73,155,28,open,
2026-08-04T08:33:52.704,489860116,T0001,OBJ-B,SC-01,normal,81,110,73,155,28,open,
2026-08-04T08:33:52.725,489880600,T0001,OBJ-B,SC-01,normal,81,110,73,155,28,open,
2026-08-04T08:33:52.744,489900048,T0001,OBJ-B,SC-01,normal,79,110,73,155,28,open,
2026-08-04T08:33:52.765,489920532,T0001,OBJ-B,SC-01,normal,78,110,73,155,28,open,
2026-08-04T08:33:52.784,489941012,T0001,OBJ-B,SC-01,normal,77,110,73,155,28,open,
2026-08-04T08:33:52.805,489960460,T0001,OBJ-B,SC-01,normal,76,110,73,155,28,open,
2026-08-04T08:33:52.824,489980944,T0001,OBJ-B,SC-01,normal,75,110,73,155,28,open,
2026-08-04T08:33:52.844,490000408,T0001,OBJ-B,SC-01,normal,74,110,73,155,28,open,
2026-08-04T08:33:52.864,490020892,T0001,OBJ-B,SC-01,normal,74,110,73,155,28,open,
2026-08-04T08:33:52.884,490040336,T0001,OBJ-B,SC-01,normal,73,110,73,155,28,open,
2026-08-04T08:33:52.904,490060820,T0001,OBJ-B,SC-01,normal,72,110,73,155,28,open,
2026-08-04T08:33:52.925,490080280,T0001,OBJ-B,SC-01,normal,71,110,73,155,28,open,
2026-08-04T08:33:52.944,490100748,T0001,OBJ-B,SC-01,normal,70,110,73,155,28,open,
2026-08-04T08:33:52.964,490120212,T0001,OBJ-B,SC-01,normal,69,110,73,155,28,open,
2026-08-04T08:33:52.985,490140696,T0001,OBJ-B,SC-01,normal,68,110,73,155,28,open,
2026-08-04T08:33:53.004,490160140,T0001,OBJ-B,SC-01,normal,67,110,73,155,28,open,
2026-08-04T08:33:53.025,490180624,T0001,OBJ-B,SC-01,normal,66,110,73,155,28,open,
2026-08-04T08:33:53.044,490200088,T0001,OBJ-B,SC-01,normal,65,110,73,155,28,open,
2026-08-04T08:33:53.064,490220556,T0001,OBJ-B,SC-01,normal,64,110,73,155,28,open,
2026-08-04T08:33:53.084,490240016,T0001,OBJ-B,SC-01,normal,63,110,73,155,28,open,
2026-08-04T08:33:53.105,490260500,T0001,OBJ-B,SC-01,normal,63,110,73,155,28,open,
2026-08-04T08:33:53.124,490280980,T0001,OBJ-B,SC-01,normal,62,110,73,155,28,open,
2026-08-04T08:33:53.145,490300424,T0001,OBJ-B,SC-01,normal,61,110,73,155,28,open,
2026-08-04T08:33:53.164,490320908,T0001,OBJ-B,SC-01,normal,61,110,73,155,28,open,
2026-08-04T08:33:53.184,490340372,T0001,OBJ-B,SC-01,normal,61,110,73,155,28,open,
2026-08-04T08:33:53.204,490360856,T0001,OBJ-B,SC-01,normal,61,110,73,155,28,open,
2026-08-04T08:33:53.224,490380300,T0001,OBJ-B,SC-01,normal,61,110,73,155,28,open,
2026-08-04T08:33:53.244,490400784,T0001,OBJ-B,SC-01,normal,61,110,73,155,28,open,
2026-08-04T08:33:53.264,490420248,T0001,OBJ-B,SC-01,normal,61,110,73,155,28,open,
2026-08-04T08:33:53.285,490440728,T0001,OBJ-B,SC-01,normal,61,110,73,155,28,open,
2026-08-04T08:33:53.304,490460176,T0001,OBJ-B,SC-01,normal,60,110,73,155,28,open,
2026-08-04T08:33:53.325,490480660,T0001,OBJ-B,SC-01,normal,60,110,73,155,28,open,
2026-08-04T08:33:53.344,490500120,T0001,OBJ-B,SC-01,normal,60,110,73,155,28,open,
2026-08-04T08:33:53.365,490520584,T0001,OBJ-B,SC-01,normal,59,110,73,155,28,open,
2026-08-04T08:33:53.384,490540048,T0001,OBJ-B,SC-01,normal,59,110,73,155,28,open,
2026-08-04T08:33:53.404,490560532,T0001,OBJ-B,SC-01,normal,58,110,73,155,28,open,
2026-08-04T08:33:53.424,490581012,T0001,OBJ-B,SC-01,normal,58,110,73,155,28,open,
2026-08-04T08:33:53.445,490600460,T0001,OBJ-B,SC-01,normal,57,110,73,155,28,open,
2026-08-04T08:33:53.464,490620944,T0001,OBJ-B,SC-01,normal,57,110,73,155,28,open,
2026-08-04T08:33:53.484,490640404,T0001,OBJ-B,SC-01,normal,56,110,73,155,28,open,
2026-08-04T08:33:53.503,490660888,T0001,OBJ-B,SC-01,normal,56,110,73,155,28,open,
2026-08-04T08:33:53.524,490680332,T0001,OBJ-B,SC-01,normal,56,110,73,155,28,open,
2026-08-04T08:33:53.544,490700816,T0001,OBJ-B,SC-01,normal,55,110,73,155,28,open,
2026-08-04T08:33:53.564,490720276,T0001,OBJ-B,SC-01,normal,55,110,73,155,28,open,
2026-08-04T08:33:53.584,490740760,T0001,OBJ-B,SC-01,normal,55,110,73,155,28,open,
2026-08-04T08:33:53.604,490760208,T0001,OBJ-B,SC-01,normal,55,110,73,155,28,open,
2026-08-04T08:33:53.625,490780692,T0001,OBJ-B,SC-01,normal,55,110,73,155,28,open,
2026-08-04T08:33:53.644,490800136,T0001,OBJ-B,SC-01,normal,55,110,73,155,28,open,
2026-08-04T08:33:53.665,490820620,T0001,OBJ-B,SC-01,normal,55,110,73,155,28,open,
2026-08-04T08:33:53.684,490840084,T0001,OBJ-B,SC-01,normal,55,110,73,155,28,open,
2026-08-04T08:33:53.705,490860568,T0001,OBJ-B,SC-01,normal,55,110,73,155,28,open,
2026-08-04T08:33:53.724,490880016,T0001,OBJ-B,SC-01,normal,55,110,73,155,28,open,
2026-08-04T08:33:53.744,490900496,T0001,OBJ-B,SC-01,normal,55,110,73,155,28,open,
2026-08-04T08:33:53.764,490920980,T0001,OBJ-B,SC-01,normal,55,110,73,155,28,open,
2026-08-04T08:33:53.785,490940428,T0001,OBJ-B,SC-01,normal,55,110,73,155,28,open,
2026-08-04T08:33:53.804,490960912,T0001,OBJ-B,SC-01,normal,55,110,73,155,28,open,
2026-08-04T08:33:53.824,490980376,T0001,OBJ-B,SC-01,normal,55,110,73,155,28,open,
2026-08-04T08:33:53.844,491000840,T0001,OBJ-B,SC-01,normal,55,110,73,155,28,open,
2026-08-04T08:33:53.864,491020304,T0001,OBJ-B,SC-01,normal,55,110,73,155,28,open,
2026-08-04T08:33:53.884,491040792,T0001,OBJ-B,SC-01,normal,55,110,73,155,28,open,
2026-08-04T08:33:53.904,491060236,T0001,OBJ-B,SC-01,normal,55,110,73,155,28,open,
2026-08-04T08:33:53.925,491080720,T0001,OBJ-B,SC-01,normal,55,110,73,155,28,open,
2026-08-04T08:33:53.944,491100184,T0001,OBJ-B,SC-01,normal,55,110,73,155,28,open,
2026-08-04T08:33:53.964,491120652,T0001,OBJ-B,SC-01,normal,55,110,73,155,28,open,
2026-08-04T08:33:53.984,491140116,T0001,OBJ-B,SC-01,normal,55,110,73,155,28,open,
2026-08-04T08:33:54.004,491160600,T0001,OBJ-B,SC-01,normal,55,110,73,155,28,open,
2026-08-04T08:33:54.024,491180048,T0001,OBJ-B,SC-01,normal,55,110,73,155,28,open,
2026-08-04T08:33:54.045,491200532,T0001,OBJ-B,SC-01,normal,55,110,73,155,28,open,
2026-08-04T08:33:54.064,491221016,T0001,OBJ-B,SC-01,normal,55,110,73,155,28,open,
2026-08-04T08:33:54.085,491240464,T0001,OBJ-B,SC-01,normal,55,110,73,155,28,open,
2026-08-04T08:33:54.104,491260948,T0001,OBJ-B,SC-01,normal,55,110,73,155,28,open,
2026-08-04T08:33:54.124,491280392,T0001,OBJ-B,SC-01,normal,55,110,73,155,28,open,
2026-08-04T08:33:54.144,491300876,T0001,OBJ-B,SC-01,normal,55,110,73,155,28,open,
2026-08-04T08:33:54.165,491320340,T0001,OBJ-B,SC-01,normal,55,110,73,155,28,open,
2026-08-04T08:33:54.184,491340824,T0001,OBJ-B,SC-01,normal,55,110,73,155,28,open,
2026-08-04T08:33:54.204,491360272,T0001,OBJ-B,SC-01,normal,55,110,73,155,28,open,
2026-08-04T08:33:54.224,491380756,T0001,OBJ-B,SC-01,normal,55,110,73,155,28,open,
2026-08-04T08:33:54.244,491400204,T0001,OBJ-B,SC-01,normal,55,110,73,155,28,open,
2026-08-04T08:33:54.265,491420688,T0001,OBJ-B,SC-01,normal,55,110,73,155,28,open,
2026-08-04T08:33:54.284,491440152,T0001,OBJ-B,SC-01,normal,55,110,73,155,28,open,
2026-08-04T08:33:54.305,491460620,T0001,OBJ-B,SC-01,normal,55,110,73,156,28,open,
2026-08-04T08:33:54.324,491480084,T0001,OBJ-B,SC-01,normal,55,110,73,155,28,open,
2026-08-04T08:33:54.345,491500568,T0001,OBJ-B,SC-01,normal,55,110,73,155,28,open,
2026-08-04T08:33:54.364,491520016,T0001,OBJ-B,SC-01,normal,55,110,73,155,28,open,
2026-08-04T08:33:54.384,491540496,T0001,OBJ-B,SC-01,normal,55,110,73,155,28,open,
2026-08-04T08:33:54.404,491560976,T0001,OBJ-B,SC-01,normal,55,110,73,155,28,open,
2026-08-04T08:33:54.424,491580436,T0001,OBJ-B,SC-01,normal,55,110,73,155,28,open,
2026-08-04T08:33:54.444,491600916,T0001,OBJ-B,SC-01,normal,55,110,73,153,28,open,
2026-08-04T08:33:54.464,491620376,T0001,OBJ-B,SC-01,normal,55,110,73,152,28,open,
2026-08-04T08:33:54.484,491640840,T0001,OBJ-B,SC-01,normal,55,110,73,150,28,open,
2026-08-04T08:33:54.504,491660300,T0001,OBJ-B,SC-01,normal,55,110,73,149,28,open,
2026-08-04T08:33:54.523,491680784,T0001,OBJ-B,SC-01,normal,55,110,73,147,28,open,
2026-08-04T08:33:54.544,491700244,T0001,OBJ-B,SC-01,normal,55,110,73,145,28,open,
2026-08-04T08:33:54.565,491720724,T0001,OBJ-B,SC-01,normal,55,110,73,143,28,open,
2026-08-04T08:33:54.584,491740168,T0001,OBJ-B,SC-01,normal,55,110,73,142,28,open,
2026-08-04T08:33:54.605,491760652,T0001,OBJ-B,SC-01,normal,55,110,73,140,28,open,
2026-08-04T08:33:54.624,491780112,T0001,OBJ-B,SC-01,normal,55,110,73,139,28,open,
2026-08-04T08:33:54.645,491800592,T0001,OBJ-B,SC-01,normal,55,110,73,137,28,open,
2026-08-04T08:33:54.664,491820052,T0001,OBJ-B,SC-01,normal,55,110,73,136,28,open,
2026-08-04T08:33:54.685,491840536,T0001,OBJ-B,SC-01,normal,55,110,73,134,28,open,
2026-08-04T08:33:54.704,491861016,T0001,OBJ-B,SC-01,normal,55,110,73,132,28,open,
2026-08-04T08:33:54.724,491880460,T0001,OBJ-B,SC-01,normal,55,110,73,131,28,open,
2026-08-04T08:33:54.743,491900944,T0001,OBJ-B,SC-01,normal,55,110,73,129,28,open,
2026-08-04T08:33:54.764,491920404,T0001,OBJ-B,SC-01,normal,55,110,73,127,28,open,
2026-08-04T08:33:54.784,491940884,T0001,OBJ-B,SC-01,normal,55,110,73,126,28,open,
2026-08-04T08:33:54.804,491960344,T0001,OBJ-B,SC-01,normal,55,110,73,125,28,open,
2026-08-04T08:33:54.824,491980808,T0001,OBJ-B,SC-01,normal,55,110,73,124,28,open,
2026-08-04T08:33:54.844,492000268,T0001,OBJ-B,SC-01,normal,55,110,73,123,28,open,
2026-08-04T08:33:54.864,492020752,T0001,OBJ-B,SC-01,normal,55,110,73,122,28,open,
2026-08-04T08:33:54.884,492040212,T0001,OBJ-B,SC-01,normal,55,110,73,122,28,open,
2026-08-04T08:33:54.905,492060692,T0001,OBJ-B,SC-01,normal,55,110,73,122,28,open,
2026-08-04T08:33:54.924,492080156,T0001,OBJ-B,SC-01,normal,55,110,73,122,28,open,
2026-08-04T08:33:54.945,492100620,T0001,OBJ-B,SC-01,normal,55,110,73,122,28,open,
2026-08-04T08:33:54.964,492120080,T0001,OBJ-B,SC-01,normal,55,110,73,122,28,open,
2026-08-04T08:33:54.985,492140560,T0001,OBJ-B,SC-01,normal,55,110,73,122,28,open,
2026-08-04T08:33:55.004,492160024,T0001,OBJ-B,SC-01,normal,55,110,73,122,28,open,
2026-08-04T08:33:55.024,492180504,T0001,OBJ-B,SC-01,normal,55,110,73,122,28,open,
2026-08-04T08:33:55.045,492200984,T0001,OBJ-B,SC-01,normal,55,110,73,122,28,open,
2026-08-04T08:33:55.064,492220428,T0001,OBJ-B,SC-01,normal,55,110,73,122,28,open,
2026-08-04T08:33:55.085,492240908,T0001,OBJ-B,SC-01,normal,55,110,73,122,28,open,
2026-08-04T08:33:55.104,492260368,T0001,OBJ-B,SC-01,normal,55,110,73,122,28,open,
2026-08-04T08:33:55.125,492280852,T0001,OBJ-B,SC-01,normal,55,110,73,121,28,open,
2026-08-04T08:33:55.144,492300312,T0001,OBJ-B,SC-01,normal,55,110,73,121,28,open,
2026-08-04T08:33:55.165,492320780,T0001,OBJ-B,SC-01,normal,55,110,73,120,28,open,
2026-08-04T08:33:55.184,492340240,T0001,OBJ-B,SC-01,normal,55,110,73,118,28,open,
2026-08-04T08:33:55.205,492360720,T0001,OBJ-B,SC-01,normal,55,110,73,117,28,open,
2026-08-04T08:33:55.224,492380180,T0001,OBJ-B,SC-01,normal,55,110,73,115,28,open,
2026-08-04T08:33:55.245,492400664,T0001,OBJ-B,SC-01,normal,55,110,73,114,28,open,
2026-08-04T08:33:55.264,492420104,T0001,OBJ-B,SC-01,normal,55,110,73,113,28,open,
2026-08-04T08:33:55.285,492440588,T0001,OBJ-B,SC-01,normal,55,110,73,112,28,open,
2026-08-04T08:33:55.304,492460048,T0001,OBJ-B,SC-01,normal,55,110,73,111,28,open,
2026-08-04T08:33:55.325,492480532,T0001,OBJ-B,SC-01,normal,55,110,73,110,28,open,
2026-08-04T08:33:55.346,492501012,T0001,OBJ-B,SC-01,normal,55,110,73,109,28,open,
2026-08-04T08:33:55.365,492520460,T0001,OBJ-B,SC-01,normal,55,110,73,108,28,open,
2026-08-04T08:33:55.386,492540940,T0001,OBJ-B,SC-01,normal,55,110,73,106,28,open,
2026-08-04T08:33:55.405,492560404,T0001,OBJ-B,SC-01,normal,55,110,73,105,28,open,
2026-08-04T08:33:55.426,492580884,T0001,OBJ-B,SC-01,normal,55,110,73,103,28,open,
2026-08-04T08:33:55.445,492600344,T0001,OBJ-B,SC-01,normal,55,110,73,103,28,open,
2026-08-04T08:33:55.466,492620824,T0001,OBJ-B,SC-01,normal,55,110,73,102,28,open,
2026-08-04T08:33:55.486,492640268,T0001,OBJ-B,SC-01,normal,55,110,73,102,28,open,
2026-08-04T08:33:55.506,492660752,T0001,OBJ-B,SC-01,normal,55,110,73,101,28,open,
2026-08-04T08:33:55.526,492680212,T0001,OBJ-B,SC-01,normal,55,110,73,101,28,open,
2026-08-04T08:33:55.546,492700692,T0001,OBJ-B,SC-01,normal,55,110,73,101,28,open,
2026-08-04T08:33:55.566,492720136,T0001,OBJ-B,SC-01,normal,55,110,73,101,28,open,
2026-08-04T08:33:55.586,492740620,T0001,OBJ-B,SC-01,normal,55,110,73,102,28,open,
2026-08-04T08:33:55.606,492760084,T0001,OBJ-B,SC-01,normal,55,110,73,102,28,open,
2026-08-04T08:33:55.626,492780564,T0001,OBJ-B,SC-01,normal,55,110,73,102,28,open,
2026-08-04T08:33:55.646,492800008,T0001,OBJ-B,SC-01,normal,55,110,73,101,28,open,
2026-08-04T08:33:55.666,492820504,T0001,OBJ-B,SC-01,normal,55,110,73,101,28,open,
2026-08-04T08:33:55.704,492840968,T0001,OBJ-B,SC-01,normal,55,110,73,101,28,open,
2026-08-04T08:33:55.706,492860428,T0001,OBJ-B,SC-01,normal,55,110,73,101,28,open,
2026-08-04T08:33:55.744,492880908,T0001,OBJ-B,SC-01,normal,55,110,73,102,28,open,
2026-08-04T08:33:55.746,492900368,T0001,OBJ-B,SC-01,normal,55,110,73,101,28,open,
2026-08-04T08:33:55.784,492920848,T0001,OBJ-B,SC-01,normal,55,110,73,101,28,open,
2026-08-04T08:33:55.787,492940308,T0001,OBJ-B,SC-01,normal,55,110,73,102,28,open,
2026-08-04T08:33:55.825,492960788,T0001,OBJ-B,SC-01,normal,55,110,73,101,28,open,
2026-08-04T08:33:55.827,492980248,T0001,OBJ-B,SC-01,normal,55,110,73,101,28,open,
2026-08-04T08:33:55.864,493000728,T0001,OBJ-B,SC-01,normal,55,110,73,101,28,open,
2026-08-04T08:33:55.867,493020172,T0001,OBJ-B,SC-01,normal,55,110,73,101,28,open,
2026-08-04T08:33:55.904,493040652,T0001,OBJ-B,SC-01,normal,55,110,73,101,28,open,
2026-08-04T08:33:55.907,493060112,T0001,OBJ-B,SC-01,normal,55,110,73,102,28,open,
2026-08-04T08:33:55.944,493080592,T0001,OBJ-B,SC-01,normal,55,110,73,101,28,open,
2026-08-04T08:33:55.947,493100056,T0001,OBJ-B,SC-01,normal,55,110,73,101,28,open,
2026-08-04T08:33:55.984,493120536,T0001,OBJ-B,SC-01,normal,55,110,73,101,28,open,
2026-08-04T08:33:56.005,493141016,T0001,OBJ-B,SC-01,normal,55,110,73,102,28,open,
2026-08-04T08:33:56.008,493160460,T0001,OBJ-B,SC-01,normal,55,110,73,101,28,open,
2026-08-04T08:33:56.045,493180940,T0001,OBJ-B,SC-01,normal,55,110,73,101,28,open,
2026-08-04T08:33:56.047,493200400,T0001,OBJ-B,SC-01,normal,55,110,73,101,28,open,
2026-08-04T08:33:56.085,493220880,T0001,OBJ-B,SC-01,normal,55,110,73,101,28,open,
2026-08-04T08:33:56.104,493240340,T0001,OBJ-B,SC-01,normal,55,110,73,102,28,open,
2026-08-04T08:33:56.124,493260820,T0001,OBJ-B,SC-01,normal,55,110,73,101,28,open,
2026-08-04T08:33:56.144,493280280,T0001,OBJ-B,SC-01,normal,55,110,73,101,28,open,
2026-08-04T08:33:56.164,493300760,T0001,OBJ-B,SC-01,normal,55,110,73,102,28,open,
2026-08-04T08:33:56.185,493320204,T0001,OBJ-B,SC-01,normal,55,110,73,102,28,open,
2026-08-04T08:33:56.204,493340684,T0001,OBJ-B,SC-01,normal,55,110,73,101,28,open,
2026-08-04T08:33:56.225,493360148,T0001,OBJ-B,SC-01,normal,55,110,73,101,28,open,
2026-08-04T08:33:56.244,493380628,T0001,OBJ-B,SC-01,normal,55,110,73,102,28,open,
2026-08-04T08:33:56.264,493400088,T0001,OBJ-B,SC-01,normal,55,110,73,101,28,open,
2026-08-04T08:33:56.283,493420552,T0001,OBJ-B,SC-01,normal,55,110,73,102,28,open,
2026-08-04T08:33:56.304,493440016,T0001,OBJ-B,SC-01,normal,55,110,73,102,28,open,
2026-08-04T08:33:56.324,493460496,T0001,OBJ-B,SC-01,normal,55,110,73,101,28,open,
2026-08-04T08:33:56.345,493480976,T0001,OBJ-B,SC-01,normal,55,110,73,102,28,open,
2026-08-04T08:33:56.364,493500436,T0001,OBJ-B,SC-01,normal,55,110,73,102,28,open,
2026-08-04T08:33:56.384,493520920,T0001,OBJ-B,SC-01,normal,55,110,73,102,28,open,
2026-08-04T08:33:56.404,493540364,T0001,OBJ-B,SC-01,normal,55,110,73,101,28,open,
2026-08-04T08:33:56.425,493560844,T0001,OBJ-B,SC-01,normal,55,110,73,102,28,open,
2026-08-04T08:33:56.444,493580308,T0001,OBJ-B,SC-01,normal,55,110,73,101,28,open,
2026-08-04T08:33:56.465,493600792,T0001,OBJ-B,SC-01,normal,55,110,73,101,28,open,
2026-08-04T08:33:56.485,493620248,T0001,OBJ-B,SC-01,normal,55,110,73,101,28,open,
2026-08-04T08:33:56.504,493640728,T0001,OBJ-B,SC-01,normal,55,110,73,102,28,open,
2026-08-04T08:33:56.525,493660172,T0001,OBJ-B,SC-01,normal,55,110,73,102,28,open,
2026-08-04T08:33:56.543,493680652,T0001,OBJ-B,SC-01,normal,55,110,73,101,28,open,
2026-08-04T08:33:56.564,493700112,T0001,OBJ-B,SC-01,normal,55,110,73,102,28,open,
2026-08-04T08:33:56.584,493720592,T0001,OBJ-B,SC-01,normal,55,110,73,102,28,open,
2026-08-04T08:33:56.605,493740056,T0001,OBJ-B,SC-01,normal,55,110,73,102,28,open,
2026-08-04T08:33:56.624,493760536,T0001,OBJ-B,SC-01,normal,55,110,73,102,28,open,
2026-08-04T08:33:56.645,493781012,T0001,OBJ-B,SC-01,normal,55,110,73,101,28,open,
2026-08-04T08:33:56.664,493800464,T0001,OBJ-B,SC-01,normal,55,110,73,102,28,open,
2026-08-04T08:33:56.684,493820940,T0001,OBJ-B,SC-01,normal,55,110,73,102,28,open,
2026-08-04T08:33:56.704,493840412,T0001,OBJ-B,SC-01,normal,55,110,73,102,28,open,
2026-08-04T08:33:56.724,493860876,T0001,OBJ-B,SC-01,normal,55,110,73,102,28,open,
2026-08-04T08:33:56.744,493880332,T0001,OBJ-B,SC-01,normal,55,110,73,102,28,open,
2026-08-04T08:33:56.765,493900824,T0001,OBJ-B,SC-01,normal,55,110,73,102,28,open,
2026-08-04T08:33:56.784,493920280,T0001,OBJ-B,SC-01,normal,55,110,73,101,28,open,
2026-08-04T08:33:56.804,493941048,T0001,OBJ-B,SC-01,normal,55,110,73,102,28,open,
2026-08-04T08:33:56.825,493960212,T0001,OBJ-B,SC-01,normal,55,110,73,102,28,open,
2026-08-04T08:33:56.844,493980688,T0001,OBJ-B,SC-01,normal,55,110,73,102,28,open,
2026-08-04T08:33:56.865,494000152,T0001,OBJ-B,SC-01,normal,55,110,73,102,28,open,
2026-08-04T08:33:56.884,494020624,T0001,OBJ-B,SC-01,normal,55,110,73,101,28,open,
2026-08-04T08:33:56.904,494040088,T0001,OBJ-B,SC-01,normal,55,110,73,102,28,open,
2026-08-04T08:33:56.924,494060564,T0001,OBJ-B,SC-01,normal,55,110,73,102,28,open,
2026-08-04T08:33:56.945,494080016,T0001,OBJ-B,SC-01,normal,55,110,73,101,28,open,
2026-08-04T08:33:56.964,494100512,T0001,OBJ-B,SC-01,normal,55,110,73,102,28,open,
2026-08-04T08:33:56.985,494120988,T0001,OBJ-B,SC-01,normal,55,110,73,102,28,open,
2026-08-04T08:33:57.004,494140436,T0001,OBJ-B,SC-01,normal,55,110,73,102,28,open,
2026-08-04T08:33:57.025,494160912,T0001,OBJ-B,SC-01,normal,55,110,73,101,28,open,
2026-08-04T08:33:57.044,494180688,T0001,OBJ-B,SC-01,normal,55,110,73,102,28,open,
2026-08-04T08:33:57.064,494200856,T0001,OBJ-B,SC-01,normal,55,110,73,102,28,open,
2026-08-04T08:33:57.084,494220456,T0001,OBJ-B,SC-01,normal,55,110,73,101,28,open,
2026-08-04T08:33:57.104,494240780,T0001,OBJ-B,SC-01,normal,55,110,73,102,28,open,
2026-08-04T08:33:57.124,494260240,T0001,OBJ-B,SC-01,normal,55,110,73,102,28,open,
2026-08-04T08:33:57.144,494280724,T0001,OBJ-B,SC-01,normal,55,110,73,101,28,open,
2026-08-04T08:33:57.165,494300184,T0001,OBJ-B,SC-01,normal,55,110,73,102,28,open,
2026-08-04T08:33:57.184,494320668,T0001,OBJ-B,SC-01,normal,55,110,73,102,28,open,
2026-08-04T08:33:57.205,494340108,T0001,OBJ-B,SC-01,normal,55,110,73,102,28,open,
2026-08-04T08:33:57.224,494360592,T0001,OBJ-B,SC-01,normal,55,110,73,102,28,open,
2026-08-04T08:33:57.244,494380056,T0001,OBJ-B,SC-01,normal,55,110,73,102,28,open,
2026-08-04T08:33:57.264,494400536,T0001,OBJ-B,SC-01,normal,55,110,73,102,28,open,
2026-08-04T08:33:57.285,494421016,T0001,OBJ-B,SC-01,normal,55,110,73,102,28,open,
2026-08-04T08:33:57.304,494440460,T0001,OBJ-B,SC-01,normal,55,110,73,102,28,open,
2026-08-04T08:33:57.324,494460944,T0001,OBJ-B,SC-01,normal,55,110,73,102,28,open,
2026-08-04T08:33:57.344,494480404,T0001,OBJ-B,SC-01,normal,55,110,73,101,28,open,
2026-08-04T08:33:57.364,494500884,T0001,OBJ-B,SC-01,normal,55,110,73,101,28,open,
2026-08-04T08:33:57.384,494520344,T0001,OBJ-B,SC-01,normal,55,110,73,102,28,open,
2026-08-04T08:33:57.404,494540812,T0001,OBJ-B,SC-01,normal,55,110,73,102,28,open,
2026-08-04T08:33:57.424,494560272,T0001,OBJ-B,SC-01,normal,55,110,73,101,28,open,
2026-08-04T08:33:57.444,494580752,T0001,OBJ-B,SC-01,normal,55,110,73,102,28,open,
2026-08-04T08:33:57.465,494600216,T0001,OBJ-B,SC-01,normal,55,110,73,101,28,open,
2026-08-04T08:33:57.484,494620696,T0001,OBJ-B,SC-01,normal,55,110,73,101,28,open,
2026-08-04T08:33:57.505,494640140,T0001,OBJ-B,SC-01,normal,55,110,73,102,28,open,
2026-08-04T08:33:57.524,494660620,T0001,OBJ-B,SC-01,normal,55,110,73,102,28,open,
2026-08-04T08:33:57.545,494680084,T0001,OBJ-B,SC-01,normal,55,110,73,101,28,open,
2026-08-04T08:33:57.564,494700564,T0001,OBJ-B,SC-01,normal,55,110,73,102,28,open,
2026-08-04T08:33:57.585,494720008,T0001,OBJ-B,SC-01,normal,55,110,73,101,28,open,
2026-08-04T08:33:57.604,494740488,T0001,OBJ-B,SC-01,normal,55,110,73,102,28,open,
2026-08-04T08:33:57.625,494760972,T0001,OBJ-B,SC-01,normal,55,110,73,101,28,open,
2026-08-04T08:33:57.644,494780432,T0001,OBJ-B,SC-01,normal,55,110,73,101,28,open,
2026-08-04T08:33:57.665,494800916,T0001,OBJ-B,SC-01,normal,55,110,73,102,28,open,
2026-08-04T08:33:57.684,494820376,T0001,OBJ-B,SC-01,normal,55,110,73,102,28,open,
2026-08-04T08:33:57.704,494840856,T0001,OBJ-B,SC-01,normal,55,110,73,102,28,open,
2026-08-04T08:33:57.724,494860300,T0001,OBJ-B,SC-01,normal,55,110,73,101,28,open,
2026-08-04T08:33:57.744,494880784,T0001,OBJ-B,SC-01,normal,55,110,73,102,28,open,
2026-08-04T08:33:57.764,494900244,T0001,OBJ-B,SC-01,normal,55,110,73,102,28,open,
2026-08-04T08:33:57.784,494920724,T0001,OBJ-B,SC-01,normal,55,110,73,102,28,open,
2026-08-04T08:33:57.805,494940184,T0001,OBJ-B,SC-01,normal,55,110,73,101,28,open,
2026-08-04T08:33:57.824,494960664,T0001,OBJ-B,SC-01,normal,55,110,73,101,28,open,
2026-08-04T08:33:57.845,494980108,T0001,OBJ-B,SC-01,normal,55,110,73,101,28,open,
2026-08-04T08:33:57.864,495000592,T0001,OBJ-B,SC-01,normal,55,110,73,102,28,open,
2026-08-04T08:33:57.884,495020052,T0001,OBJ-B,SC-01,normal,55,110,73,102,28,open,
2026-08-04T08:33:57.904,495040536,T0001,OBJ-B,SC-01,normal,55,110,73,102,28,open,
2026-08-04T08:33:57.924,495061020,T0001,OBJ-B,SC-01,normal,55,110,73,101,28,open,
2026-08-04T08:33:57.944,495080464,T0001,OBJ-B,SC-01,normal,55,110,73,101,28,open,
2026-08-04T08:33:57.964,495100944,T0001,OBJ-B,SC-01,normal,55,110,73,101,28,open,
2026-08-04T08:33:57.984,495120408,T0001,OBJ-B,SC-01,normal,55,110,73,102,28,open,
2026-08-04T08:33:58.004,495140872,T0001,OBJ-B,SC-01,normal,55,110,73,102,28,open,
2026-08-04T08:33:58.024,495160336,T0001,OBJ-B,SC-01,normal,55,110,73,101,28,open,
2026-08-04T08:33:58.044,495180816,T0001,OBJ-B,SC-01,normal,55,110,73,102,28,open,
2026-08-04T08:33:58.064,495200276,T0001,OBJ-B,SC-01,normal,55,110,73,101,28,open,
2026-08-04T08:33:58.084,495220760,T0001,OBJ-B,SC-01,normal,55,110,73,102,28,open,
2026-08-04T08:33:58.105,495240204,T0001,OBJ-B,SC-01,normal,55,110,73,102,28,open,
2026-08-04T08:33:58.124,495260688,T0001,OBJ-B,SC-01,normal,55,110,73,102,28,open,
2026-08-04T08:33:58.145,495280148,T0001,OBJ-B,SC-01,normal,55,110,73,102,28,open,
2026-08-04T08:33:58.164,495300632,T0001,OBJ-B,SC-01,normal,55,110,73,101,28,open,
2026-08-04T08:33:58.185,495320076,T0001,OBJ-B,SC-01,normal,55,110,73,101,28,open,
2026-08-04T08:33:58.204,495340560,T0001,OBJ-B,SC-01,normal,55,110,73,101,28,open,
2026-08-04T08:33:58.224,495360020,T0001,OBJ-B,SC-01,normal,55,110,73,102,28,open,
2026-08-04T08:33:58.244,495380504,T0001,OBJ-B,SC-01,normal,55,110,73,102,28,open,
2026-08-04T08:33:58.264,495400984,T0001,OBJ-B,SC-01,normal,55,110,73,102,28,open,
2026-08-04T08:33:58.284,495420428,T0001,OBJ-B,SC-01,normal,55,110,73,101,28,open,
2026-08-04T08:33:58.305,495440912,T0001,OBJ-B,SC-01,normal,55,110,73,101,28,open,
2026-08-04T08:33:58.324,495460372,T0001,OBJ-B,SC-01,normal,55,110,73,101,28,open,
2026-08-04T08:33:58.344,495480856,T0001,OBJ-B,SC-01,normal,55,110,73,102,28,open,
2026-08-04T08:33:58.364,495500300,T0001,OBJ-B,SC-01,normal,55,110,73,101,28,open,
2026-08-04T08:33:58.384,495520784,T0001,OBJ-B,SC-01,normal,55,110,73,101,28,open,
2026-08-04T08:33:58.404,495540244,T0001,OBJ-B,SC-01,normal,55,110,73,101,28,open,
2026-08-04T08:33:58.425,495560724,T0001,OBJ-B,SC-01,normal,55,110,73,101,28,open,
2026-08-04T08:33:58.445,495580168,T0001,OBJ-B,SC-01,normal,55,110,73,101,28,open,
2026-08-04T08:33:58.464,495600652,T0001,OBJ-B,SC-01,normal,55,110,73,102,28,open,
2026-08-04T08:33:58.485,495620112,T0001,OBJ-B,SC-01,normal,55,110,73,101,28,open,
2026-08-04T08:33:58.504,495640596,T0001,OBJ-B,SC-01,normal,55,110,73,101,28,open,
2026-08-04T08:33:58.524,495660056,T0001,OBJ-B,SC-01,normal,55,110,73,102,28,open,
2026-08-04T08:33:58.544,495680540,T0001,OBJ-B,SC-01,normal,55,110,73,102,28,open,
2026-08-04T08:33:58.564,495701000,T0001,OBJ-B,SC-01,normal,55,110,73,102,28,open,
2026-08-04T08:33:58.583,495720464,T0001,OBJ-B,SC-01,normal,55,110,73,101,28,open,
2026-08-04T08:33:58.604,495740944,T0001,OBJ-B,SC-01,normal,55,110,73,101,28,open,
2026-08-04T08:33:58.624,495760404,T0001,OBJ-B,SC-01,normal,55,110,73,101,28,open,
2026-08-04T08:33:58.644,495780888,T0001,OBJ-B,SC-01,normal,55,110,73,102,28,open,
2026-08-04T08:33:58.664,495800332,T0001,OBJ-B,SC-01,normal,55,110,73,102,28,open,
2026-08-04T08:33:58.684,495820812,T0001,OBJ-B,SC-01,normal,55,110,73,101,28,open,
2026-08-04T08:33:58.704,495840272,T0001,OBJ-B,SC-01,normal,55,110,73,101,28,open,
2026-08-04T08:33:58.724,495860752,T0001,OBJ-B,SC-01,normal,55,110,73,101,28,open,
2026-08-04T08:33:58.745,495880216,T0001,OBJ-B,SC-01,normal,55,110,73,101,28,open,
2026-08-04T08:33:58.765,495900696,T0001,OBJ-B,SC-01,normal,55,110,73,101,28,open,
2026-08-04T08:33:58.785,495920144,T0001,OBJ-B,SC-01,normal,55,110,73,101,28,open,
2026-08-04T08:33:58.804,495940624,T0001,OBJ-B,SC-01,normal,55,110,73,101,28,open,
2026-08-04T08:33:58.905,495960088,T0001,OBJ-B,SC-01,normal,55,110,73,102,28,open,
2026-08-04T08:33:58.905,495980556,T0001,OBJ-B,SC-01,normal,55,110,73,102,28,open,
2026-08-04T08:33:58.906,496000024,T0001,OBJ-B,SC-01,normal,55,110,73,102,28,open,
2026-08-04T08:33:58.907,496020504,T0001,OBJ-B,SC-01,normal,55,110,73,102,28,open,
2026-08-04T08:33:58.907,496040972,T0001,OBJ-B,SC-01,normal,55,110,73,102,28,open,
