t_ms,axis1_deg,axis2_deg,axis3_deg,axis4_deg,axis5_deg,grip_state
0.0,63,117,67,112,28,open
20.5,63,117,67,112,28,open
40.0,63,117,67,112,28,open
60.4,63,117,67,112,28,open
79.9,63,117,67,112,28,open
100.4,63,117,67,112,28,open
119.8,63,117,67,112,28,open
140.3,63,117,67,112,28,open
159.8,63,117,67,112,28,open
180.2,63,117,67,112,28,open
199.7,63,117,67,112,28,open
220.2,63,117,67,112,28,open
239.6,63,117,67,112,28,open
260.1,63,117,67,112,28,open
280.6,63,117,67,112,28,open
300.0,63,117,67,112,28,open
320.5,63,117,67,112,27,open
340.0,63,117,67,112,28,open
360.4,63,117,67,112,28,open
379.9,63,117,67,112,28,open
400.4,63,117,67,112,28,open
419.8,63,117,67,112,28,open
440.3,63,117,67,112,28,open
459.8,63,117,67,112,28,open
480.3,63,117,67,112,28,open
499.7,63,117,67,112,28,open
520.2,63,117,67,112,28,open
539.7,63,117,67,112,28,open
560.1,63,117,67,112,28,open
580.6,63,117,67,112,28,open
600.1,63,117,67,112,28,open
620.6,63,117,67,112,28,open
640.0,63,117,67,112,28,open
660.5,63,117,67,112,28,open
679.9,63,117,67,112,27,open
700.4,63,117,67,112,28,open
719.9,63,117,67,112,28,open
740.4,63,117,67,112,28,open
759.8,63,117,67,112,28,open
780.3,63,117,67,112,28,open
799.8,63,117,67,112,27,open
820.2,63,117,67,112,28,open
839.7,63,117,67,112,28,open
860.2,63,117,67,112,28,open
879.6,63,117,67,112,28,open
900.1,63,117,67,112,28,open
920.6,63,117,67,112,28,open
940.0,63,117,67,112,28,open
960.5,63,117,67,112,28,open
980.0,63,117,67,112,28,open
1000.5,63,117,67,112,28,open
1019.9,63,117,67,112,28,open
1040.4,63,117,67,112,28,open
1059.8,63,117,67,112,28,open
1080.3,63,117,67,112,28,open
1099.8,63,117,67,112,28,open
1120.3,63,117,67,112,28,open
1139.7,63,117,67,112,28,open
1160.2,63,117,67,112,28,open
1179.7,63,117,67,112,28,open
1200.1,63,117,67,112,28,open
1220.6,63,117,67,112,28,open
1240.1,63,117,67,112,28,open
1260.5,63,117,67,112,28,open
1280.0,63,117,67,112,28,open
1300.5,63,117,67,112,28,open
1320.0,63,117,67,112,28,open
1340.4,63,117,67,112,28,open
1359.9,63,117,67,112,28,open
1380.4,63,117,67,112,28,open
1399.8,63,117,67,112,28,open
1420.3,63,117,67,112,28,open
1439.8,63,117,67,112,28,open
1460.2,63,117,67,112,28,open
1479.7,63,117,67,112,28,open
1500.2,63,117,67,112,28,open
1519.6,63,117,67,112,28,open
1540.1,63,117,67,112,28,open
1560.6,63,117,67,112,28,open
1580.0,63,117,67,112,28,open
1600.5,63,117,67,112,28,open
1620.0,63,117,67,112,28,open
1640.5,63,117,67,112,28,open
1659.9,63,117,67,112,28,open
1680.4,63,117,67,112,28,open
1699.9,63,117,67,112,28,open
1720.3,63,117,67,112,28,open
1739.8,63,117,67,112,28,open
1760.3,63,117,67,112,28,open
1779.7,63,117,67,112,28,open
1800.2,63,117,67,112,28,open
1819.7,63,117,67,112,28,open
1840.1,63,117,67,112,28,open
1860.6,63,117,67,112,28,open
1880.1,63,117,67,112,28,open
1900.5,63,117,67,112,28,open
1920.0,63,117,67,112,28,open
1940.5,63,117,67,112,28,open
1959.9,63,117,67,112,28,open
1980.4,63,117,67,112,28,open
1999.9,63,117,67,112,28,open
2020.3,63,117,67,112,28,open
2039.8,63,117,67,112,28,open
2060.3,63,117,67,112,28,open
2079.8,63,117,67,112,28,open
2100.2,63,117,67,112,28,open
2119.7,63,117,67,112,28,open
2140.2,63,117,67,112,28,open
2159.6,63,117,67,112,28,open
2180.1,63,117,67,112,28,open
2200.6,63,117,67,112,28,open
2220.0,63,117,67,112,28,open
2240.5,63,117,67,112,28,open
2260.0,63,117,67,112,28,open
2280.5,63,117,67,112,28,open
2299.9,63,116,67,112,28,open
2320.4,63,116,67,112,28,open
2339.8,63,115,67,112,28,open
2360.3,63,115,67,112,28,open
2379.8,63,114,67,112,28,open
2400.3,63,114,67,112,28,open
2419.7,63,114,67,112,28,open
2440.2,63,113,67,112,28,open
2459.7,63,113,67,112,28,open
2480.1,63,113,67,112,28,open
2500.6,63,113,67,112,28,open
2520.1,63,113,67,112,28,open
2540.6,63,113,67,112,28,open
2560.0,63,113,67,112,28,open
2580.5,63,113,67,112,28,open
2600.0,63,113,67,112,28,open
2620.4,63,113,67,112,28,open
2639.9,63,113,67,112,28,open
2660.4,63,113,67,112,28,open
2679.8,63,113,67,112,28,open
2700.3,63,113,67,112,27,open
2719.8,63,113,67,112,28,open
2740.2,63,113,67,112,28,open
2759.7,63,113,67,112,28,open
2780.2,63,113,67,112,28,open
2799.6,63,113,67,112,28,open
2820.1,63,113,67,112,28,open
2840.6,63,113,67,112,28,open
2860.0,63,113,67,112,28,open
2880.5,63,113,67,112,28,open
2900.0,63,113,67,112,28,open
2920.5,63,113,67,112,28,open
2939.9,63,113,67,112,28,open
2960.4,63,113,67,112,28,open
2979.9,63,113,67,112,28,open
3000.3,63,113,67,112,28,open
3019.8,63,113,67,112,28,open
3040.3,63,113,67,112,28,open
3059.7,63,113,67,112,28,open
3080.2,63,113,67,112,28,open
3099.6,63,113,67,112,28,open
3120.1,63,113,67,112,28,open
3140.6,63,113,67,112,28,open
3160.1,63,113,67,112,28,open
3180.6,63,113,67,112,28,open
3200.0,63,113,67,112,28,open
3220.5,63,113,67,112,28,open
3239.9,63,113,67,112,28,open
3260.4,63,113,67,112,28,open
3279.9,63,113,67,112,28,open
3300.4,63,113,67,112,28,open
3319.8,63,113,67,112,28,open
3340.3,63,113,67,112,28,open
3359.8,63,113,67,112,27,open
3380.2,63,113,67,112,28,open
3399.7,63,113,67,112,28,open
3420.2,63,113,67,112,28,open
3439.6,63,113,67,112,28,open
3460.1,63,113,67,112,28,open
3480.6,63,113,67,112,28,open
3500.0,63,113,67,112,28,open
3520.5,63,113,67,112,28,open
3540.0,63,113,67,112,28,open
3560.5,63,113,67,112,28,open
3579.9,63,113,67,112,28,open
3600.4,64,113,67,112,28,open
3619.8,64,113,67,112,28,open
3640.3,64,113,67,112,28,open
3659.8,65,113,67,112,27,open
3680.3,65,113,67,112,28,open
3699.7,66,113,67,112,28,open
3720.2,66,113,67,112,28,open
3739.6,66,113,67,112,28,open
3760.1,67,113,67,112,28,open
3780.6,67,113,67,112,28,open
3800.1,67,113,67,112,28,open
3820.6,67,113,67,112,28,open
3840.0,67,113,67,112,28,open
3860.5,67,113,67,112,28,open
3880.0,67,113,67,112,28,open
3900.4,67,113,67,112,28,open
3919.9,67,113,67,112,28,open
3940.4,67,113,67,112,28,open
3959.8,67,113,67,112,28,open
3980.3,67,113,67,112,28,open
3999.8,67,113,67,112,28,open
4020.2,67,113,67,112,28,open
4039.7,67,113,67,112,27,open
4060.2,67,113,67,112,28,open
4079.6,68,113,67,112,28,open
4100.1,68,113,67,112,27,open
4120.6,68,113,67,112,28,open
4140.0,68,113,67,112,28,open
4160.5,68,113,67,112,28,open
4180.0,68,113,67,112,28,open
4200.5,68,113,67,112,28,open
4219.9,68,113,67,112,28,open
4240.4,68,113,67,112,28,open
4259.8,68,113,67,112,27,open
4280.3,68,113,67,112,28,open
4299.8,68,113,67,112,28,open
4320.3,68,113,67,112,28,open
4339.7,68,113,67,112,28,open
4360.2,68,113,67,112,28,open
4379.6,68,113,67,112,28,open
4400.1,68,113,67,112,28,open
4420.6,68,113,67,112,28,open
4440.1,68,113,67,112,28,open
4460.6,68,113,67,112,28,open
4480.0,68,113,67,112,28,open
4500.5,68,113,67,112,28,open
4520.0,68,113,67,112,27,open
4540.4,68,113,67,112,28,open
4559.9,68,113,67,112,28,open
4580.4,68,113,67,112,28,open
4599.8,68,113,67,112,28,open
4620.3,68,113,67,112,28,open
4639.8,68,113,67,112,28,open
4660.2,68,113,67,112,28,open
4679.7,68,113,67,112,28,open
4700.2,68,113,67,112,28,open
4719.6,68,113,67,112,28,open
4740.1,68,113,67,112,28,open
4760.6,68,113,67,112,28,open
4780.0,68,113,67,112,28,open
4800.5,68,113,67,112,28,open
4820.0,68,113,67,112,28,open
4840.5,68,113,67,112,28,open
4859.9,68,113,67,112,28,open
4880.4,68,113,67,112,28,open
4899.9,68,113,67,112,28,open
4920.3,68,112,67,112,28,open
4939.8,68,112,67,112,28,open
4960.3,68,111,67,112,28,open
4979.7,68,111,67,112,28,open
5000.2,68,110,67,112,28,open
5019.7,68,109,67,112,28,open
5040.1,68,109,67,112,28,open
5060.6,68,108,67,112,28,open
5080.1,68,108,67,112,28,open
5100.6,68,107,67,112,28,open
5120.0,68,106,67,112,28,open
5140.5,68,106,67,112,28,open
5159.9,68,106,67,112,28,open
5180.4,68,105,67,112,28,open
5199.9,68,105,67,112,28,open
5220.4,68,105,67,112,28,open
5239.8,68,105,67,112,28,open
5260.3,68,105,67,112,28,open
5279.8,68,105,67,112,28,open
5300.2,68,105,67,112,28,open
5319.7,68,105,67,112,28,open
5340.2,68,105,67,112,28,open
5359.6,68,106,67,112,28,open
5380.1,68,106,67,112,28,open
5400.6,68,107,67,112,28,open
5420.0,68,108,67,112,28,open
5440.5,68,109,67,112,28,open
5460.0,68,109,67,112,28,open
5480.5,68,110,67,112,28,open
5499.9,68,110,67,112,28,open
5520.4,68,111,67,112,28,open
5539.8,68,111,67,112,28,open
5560.3,68,112,67,112,28,open
5579.8,68,113,67,112,28,open
5600.3,68,113,67,112,28,open
5619.7,68,113,67,112,28,open
5640.2,68,114,67,112,28,open
5659.7,68,114,67,112,28,open
5680.1,68,114,67,112,28,open
5700.6,68,114,67,112,28,open
5720.1,68,114,67,112,28,open
5740.6,68,114,67,112,28,open
5760.0,68,114,67,112,28,open
5780.5,68,114,67,112,28,open
5799.9,68,114,67,112,28,open
5820.4,68,114,67,112,28,open
5839.9,68,114,67,112,28,open
5860.4,68,114,67,112,28,open
5879.8,68,114,67,112,28,open
5900.3,68,115,67,112,28,open
5919.8,68,115,67,112,28,open
5940.2,68,116,67,112,28,open
5959.7,68,116,67,112,28,open
5980.2,68,117,67,112,27,open
5999.6,68,117,67,112,28,open
6020.1,68,118,67,112,28,open
6040.6,68,119,67,112,28,open
6060.0,68,120,67,112,28,open
6080.5,68,120,67,112,28,open
6100.0,68,121,67,112,28,open
6120.5,68,121,67,112,28,open
6139.9,68,121,67,112,28,open
6160.4,68,121,67,112,28,open
6179.9,68,121,67,112,28,open
6200.3,68,121,67,112,27,open
6219.8,68,121,67,112,28,open
6240.3,68,121,67,112,28,open
6259.7,68,122,67,112,28,open
6280.2,68,122,67,112,28,open
6299.7,68,123,67,112,28,open
6320.1,68,124,67,112,28,open
6340.6,68,124,67,112,28,open
6360.1,68,125,67,112,28,open
6380.6,68,126,67,112,28,open
6400.0,68,127,67,112,28,open
6420.5,68,128,67,112,28,open
6439.9,68,128,67,112,28,open
6460.4,68,129,67,112,28,open
6479.9,68,130,67,112,28,open
6500.4,68,131,67,112,28,open
6519.8,68,132,67,112,28,open
6540.3,68,133,67,112,28,open
6559.7,68,134,67,112,28,open
6580.2,68,135,67,112,28,open
6599.7,68,136,67,112,28,open
6620.2,68,137,67,112,28,open
6639.6,68,137,67,112,28,open
6660.1,68,138,67,112,28,open
6680.6,68,138,67,112,27,open
6700.0,68,139,67,112,28,open
6720.5,68,139,67,112,28,open
6740.0,68,139,67,112,28,open
6760.5,68,139,67,112,28,open
6779.9,68,139,67,112,28,open
6800.4,68,139,67,112,28,open
6819.8,68,139,67,112,28,open
6840.3,68,139,67,112,28,open
6859.8,68,139,67,112,28,open
6880.3,68,139,67,112,28,open
6899.7,68,139,67,112,28,open
6920.2,68,139,67,112,28,open
6939.6,68,139,67,112,28,open
6960.1,68,139,67,112,28,open
6980.6,68,139,67,112,28,open
7000.1,68,139,67,112,28,open
7020.5,68,139,67,112,28,open
7040.0,68,140,67,112,28,open
7060.5,68,140,67,112,28,open
7079.9,68,140,67,112,28,open
7100.4,68,140,67,112,28,open
7119.9,68,141,67,112,28,open
7140.4,68,141,67,112,28,open
7159.8,68,142,67,112,28,open
7180.3,68,143,67,112,28,open
7199.7,68,143,67,112,28,open
7220.2,68,144,67,112,28,open
7239.7,68,145,67,112,28,open
7260.2,68,145,67,112,28,open
7279.6,68,146,67,112,28,open
7300.1,68,147,67,112,28,open
7320.6,68,147,67,112,28,open
7340.0,68,147,67,112,28,open
7360.5,68,147,67,112,28,open
7380.0,68,148,67,112,28,open
7400.5,68,148,67,112,28,open
7419.9,68,148,67,112,28,open
7440.4,68,148,67,112,28,open
7459.9,68,148,67,112,28,open
7480.3,68,148,67,112,28,open
7499.8,68,148,67,112,28,open
7520.3,68,148,67,112,28,open
7539.7,68,148,67,112,28,open
7560.2,68,148,67,112,28,open
7579.6,68,148,67,112,28,open
7600.1,68,149,67,112,28,open
7620.6,68,149,67,112,28,open
7640.1,68,150,67,112,28,open
7660.5,68,150,67,112,28,open
7680.0,68,150,67,112,28,open
7700.5,68,151,67,112,28,open
7720.0,68,151,67,112,28,open
7740.4,68,151,67,112,28,open
7759.9,68,151,67,112,28,open
7780.4,68,152,67,112,28,open
7799.8,68,152,67,112,28,open
7820.3,68,153,67,112,28,open
7839.7,68,153,67,112,28,open
7860.2,68,153,67,112,28,open
7879.7,68,153,67,112,28,open
7900.2,68,154,67,112,28,open
7919.6,68,154,67,112,28,open
7940.1,68,154,67,112,28,open
7960.6,68,155,67,112,28,open
7980.0,68,155,67,112,28,open
8000.5,68,155,67,112,28,open
8020.0,68,155,67,112,28,open
8040.5,68,155,67,112,28,open
8059.9,68,155,67,112,28,open
8080.4,68,155,67,112,28,open
8099.8,68,156,67,112,28,open
8120.3,68,156,67,112,28,open
8139.8,68,156,67,112,28,open
8160.3,68,156,67,112,28,open
8179.7,68,155,67,112,28,open
8200.2,68,156,67,112,28,open
8219.7,68,155,67,112,28,open
8240.1,68,156,67,112,28,open
8260.6,68,155,67,112,28,open
8280.1,68,156,67,112,28,open
8300.6,68,156,67,112,28,open
8320.0,68,156,67,112,28,open
8340.5,68,156,67,112,28,open
8359.9,68,156,67,112,28,open
8380.4,68,156,67,112,28,open
8399.9,68,156,67,112,28,open
8420.4,68,156,67,112,28,open
8439.8,68,156,67,112,28,open
8460.3,68,156,67,112,28,open
8479.8,68,156,67,112,28,open
8500.2,68,156,67,112,28,open
8519.7,68,156,67,112,28,open
8540.2,68,156,67,112,28,open
8559.6,68,156,67,112,28,open
8580.1,68,156,67,112,28,open
8600.6,68,156,67,112,28,open
8620.0,68,156,67,112,28,open
8640.5,68,156,67,112,28,open
8660.0,68,156,67,112,28,open
8680.5,68,156,67,112,28,open
8699.9,68,156,67,112,28,open
8720.4,68,156,67,112,28,open
8739.8,68,156,67,112,28,open
8760.3,68,156,67,112,28,open
8779.8,68,156,67,112,28,open
8800.3,68,156,67,112,28,open
8819.7,68,156,67,112,28,open
8840.2,68,156,67,112,28,open
8859.7,68,156,67,112,28,open
8880.1,68,156,67,112,28,open
8900.6,68,156,67,112,28,open
8920.1,68,156,67,112,28,open
8940.6,68,156,67,112,28,open
8960.0,68,156,67,112,28,open
8980.5,68,156,67,112,28,open
8999.9,68,156,67,112,28,open
9020.4,68,156,67,112,28,open
9039.9,68,156,67,112,28,open
9060.4,68,156,67,112,28,open
9079.8,68,156,67,112,28,open
9100.3,68,156,67,112,28,open
9119.7,68,156,67,112,28,open
9140.2,68,156,67,112,28,open
9159.7,68,156,67,112,28,open
9180.2,68,156,67,112,28,open
9199.6,68,156,67,112,28,open
9220.1,68,156,67,112,28,open
9240.6,68,156,67,112,28,open
9260.0,68,156,67,112,28,open
9280.5,68,156,67,112,28,open
9300.0,68,156,67,112,28,open
9320.4,68,156,67,112,28,open
9339.9,68,156,67,112,28,open
9360.4,68,156,67,112,28,open
9379.9,68,156,67,112,28,open
9400.3,68,156,67,112,28,open
9419.8,68,156,67,112,28,open
9440.3,68,156,67,112,28,open
9459.7,68,156,67,112,28,open
9480.2,68,156,67,112,28,open
9499.6,68,156,67,112,28,open
9520.1,68,156,67,112,28,open
9540.6,68,156,67,112,28,open
9560.1,68,156,67,112,28,open
9580.6,68,156,67,113,28,open
9600.0,68,156,67,114,28,open
9620.5,68,156,67,114,28,open
9639.9,68,156,67,115,28,open
9660.4,68,156,67,115,28,open
9679.9,68,156,67,115,28,open
9700.4,68,156,67,116,28,open
9719.8,68,156,67,116,28,open
9740.3,68,156,67,116,28,open
9759.8,68,156,67,116,28,open
9780.2,68,156,67,117,28,open
9799.7,68,156,67,117,28,open
9820.2,68,156,67,117,28,open
9839.6,68,156,67,117,28,open
9860.1,68,156,67,117,28,open
9880.6,68,156,67,117,28,open
9900.0,68,156,67,117,28,open
9920.5,68,156,67,117,28,open
9940.0,68,156,67,118,28,open
9960.5,68,156,67,119,28,open
9979.9,68,156,67,120,28,open
10000.4,68,156,67,120,28,open
10019.9,68,156,67,121,28,open
10040.3,68,156,67,121,28,open
10059.8,68,156,67,122,28,open
10080.3,68,156,67,122,28,open
10099.7,68,156,67,122,28,open
10120.2,68,156,67,123,28,open
10139.7,68,156,67,124,28,open
10160.1,68,156,67,125,28,open
10180.6,68,156,67,125,28,open
10200.1,68,156,67,126,28,open
10220.6,68,156,67,126,28,open
10240.0,68,156,67,126,28,open
10260.5,68,156,67,126,28,open
10279.9,68,156,67,126,28,open
10300.4,68,156,67,126,28,open
10319.9,68,156,67,126,28,open
10340.4,68,156,67,126,28,open
10359.8,68,156,67,126,28,open
10380.3,68,156,67,126,28,open
10399.8,68,156,67,126,28,open
10420.2,68,156,67,127,28,open
10439.7,68,156,67,128,28,open
10460.2,68,156,67,129,28,open
10479.6,68,156,67,131,28,open
10500.1,68,156,67,132,28,open
10520.6,68,156,67,134,28,open
10540.1,68,156,67,136,28,open
10560.5,68,156,67,138,28,open
10580.0,68,156,67,140,28,open
10600.5,68,156,67,141,28,open
10619.9,68,156,67,142,28,open
10640.4,68,156,67,142,28,open
10659.9,68,156,67,142,28,open
10680.3,68,156,67,142,28,open
10699.8,68,156,67,142,28,open
10720.3,68,156,67,142,28,open
10739.7,68,156,67,142,28,open
10760.2,68,156,67,142,28,open
10779.7,68,156,67,142,28,open
10800.1,68,156,67,142,28,open
10820.6,68,156,67,142,28,open
10840.1,68,156,67,143,28,open
10860.6,68,156,67,145,28,open
10880.0,68,156,67,146,28,open
10900.5,68,156,67,147,28,open
10920.0,68,156,67,148,28,open
10940.4,68,156,67,150,28,open
10959.9,68,156,67,151,28,open
10980.4,68,156,67,152,28,open
10999.8,68,156,67,152,28,open
11020.3,68,156,67,153,28,open
11039.8,68,156,67,153,28,open
11060.2,68,156,67,154,28,open
11079.7,68,156,67,154,28,open
11100.2,68,156,67,155,28,open
11119.6,68,156,67,155,28,open
11140.1,68,156,67,156,28,open
11160.6,68,156,67,157,28,open
11180.0,68,156,67,158,28,open
11200.5,68,156,67,159,28,open
11220.0,68,156,67,160,28,open
11240.4,68,156,67,162,28,open
11259.9,68,156,67,162,28,open
11280.4,68,156,67,163,28,open
11299.8,68,156,67,164,28,open
11320.3,68,156,67,165,28,open
11339.8,68,156,67,166,28,open
11360.3,68,156,67,167,28,open
11379.7,68,156,67,167,28,open
11400.2,68,156,67,167,28,open
11419.7,68,156,67,167,28,open
11440.1,68,156,67,167,28,open
11460.6,68,156,67,167,28,open
11480.1,68,156,67,167,28,open
11500.6,68,156,67,167,28,open
11520.0,68,156,67,167,28,open
11540.5,68,156,67,168,28,open
11560.0,68,156,67,168,28,open
11580.4,68,156,67,169,28,open
11599.9,68,156,67,169,28,open
11620.4,68,156,67,170,28,open
11639.8,68,156,67,170,28,open
11660.3,68,156,67,170,28,open
11679.8,68,156,67,171,28,open
11700.2,68,156,67,172,28,open
11719.7,68,156,67,172,28,open
11740.2,68,156,67,173,28,open
11759.6,68,156,67,174,28,open
11780.1,68,156,67,175,28,open
11800.6,68,156,67,176,28,open
11820.0,68,156,67,176,28,open
11840.5,68,156,67,177,28,open
11860.0,68,156,67,177,28,open
11880.5,68,156,67,178,28,open
11899.9,68,156,67,178,28,open
11920.4,68,156,67,178,28,open
11939.9,68,156,67,179,28,open
11960.3,68,156,67,179,28,open
11979.8,68,156,67,179,28,open
12000.3,68,156,67,179,28,open
12019.7,68,156,67,179,28,open
12040.2,68,156,67,179,28,open
12059.7,68,156,67,179,28,open
12080.2,68,156,67,179,28,open
12100.6,68,156,67,179,28,open
12120.1,68,156,67,179,28,open
12140.5,68,156,67,179,28,open
12160.0,68,156,67,179,28,open
12180.5,68,156,67,179,28,open
12200.0,68,156,67,179,28,open
12220.4,68,156,67,179,28,open
12239.9,68,156,67,179,28,open
12260.4,68,156,67,179,28,open
12279.8,68,156,67,179,28,open
12300.3,68,156,67,179,28,open
12319.7,68,156,67,179,28,open
12340.2,68,156,67,179,28,open
12359.7,68,156,67,179,28,open
12380.2,68,156,67,179,28,open
12399.6,68,156,67,179,28,open
12420.1,68,156,67,179,28,open
12440.6,68,156,67,179,28,open
12460.0,68,156,67,179,28,open
12480.5,68,156,67,179,28,open
12500.0,68,156,67,179,28,open
12520.5,68,156,67,179,28,open
12539.9,68,156,67,179,28,open
12560.4,68,156,67,179,28,open
12579.8,68,156,67,179,28,open
12600.3,68,156,67,179,28,open
12619.8,68,156,67,179,28,open
12640.3,68,156,67,179,28,open
12659.7,68,156,67,179,28,open
12680.2,68,156,67,179,28,open
12699.7,68,156,67,179,28,open
12720.1,68,156,67,179,28,open
12740.6,68,156,67,179,28,open
12760.1,68,156,67,179,28,open
12780.6,68,156,67,179,28,open
12800.0,68,156,67,179,28,open
12820.5,68,156,67,179,28,open
12839.9,68,156,67,180,28,open
12860.4,68,156,67,180,28,open
12879.9,68,156,67,180,28,open
12900.4,68,156,67,180,28,open
12919.8,68,156,67,180,28,open
12940.3,68,156,67,180,28,open
12959.8,68,156,67,180,28,open
12980.2,68,156,67,180,28,open
12999.7,68,156,67,180,28,open
13020.2,68,156,67,180,28,open
13039.6,68,156,67,180,28,open
13060.1,68,156,67,180,28,open
13080.6,68,156,67,180,28,open
13100.0,68,156,67,180,28,open
13120.5,68,156,67,180,28,open
13140.0,68,156,67,180,28,open
13160.5,68,156,67,180,28,open
13179.9,68,156,67,180,28,open
13200.4,68,156,67,180,28,open
13219.9,68,156,67,180,28,open
13240.3,68,156,67,180,28,open
13259.8,68,156,67,180,28,open
13280.3,68,156,67,180,28,open
13299.7,68,156,67,180,28,open
13320.2,68,156,67,180,28,open
13339.7,68,156,67,180,28,open
13360.1,68,156,67,180,28,open
13380.6,68,156,67,180,28,open
13400.1,68,156,67,180,28,open
13420.6,68,156,67,180,28,open
13440.0,68,156,67,180,28,open
13460.5,68,156,67,180,28,open
13479.9,68,156,67,180,28,open
13500.4,68,156,67,180,28,open
13519.9,68,156,67,180,28,open
13540.4,68,156,67,180,28,open
13559.8,68,156,67,180,28,open
13580.3,68,156,67,180,28,open
13599.7,68,156,67,180,28,open
13620.2,68,156,67,180,28,open
13639.7,68,156,67,180,28,open
13660.2,68,156,67,180,28,open
13679.6,68,156,67,180,28,open
13700.1,68,156,67,180,28,open
13720.6,68,156,67,180,28,open
13740.0,68,156,67,180,28,open
13760.5,68,156,67,180,28,open
13780.0,68,156,67,180,28,open
13800.5,68,156,67,180,28,open
13819.9,68,156,67,180,28,open
13840.4,68,156,67,180,28,open
13859.9,68,156,67,180,28,open
13880.3,68,156,67,180,28,open
13899.8,68,156,67,180,28,open
13920.3,68,156,67,180,28,open
13939.7,68,156,67,180,28,open
13960.2,68,156,67,180,28,open
13979.7,68,156,67,180,28,open
14000.1,68,156,67,180,28,open
14020.6,68,156,67,180,28,open
14040.1,68,156,67,180,28,open
14060.6,68,156,67,180,28,open
14080.0,68,156,67,180,28,open
14100.5,68,156,67,180,28,open
14120.0,68,156,67,180,28,open
14140.4,68,156,67,180,28,open
14159.9,68,156,67,180,28,open
14180.4,68,156,67,180,28,open
14199.8,68,156,67,180,28,open
14220.3,68,156,67,180,28,open
14239.8,68,156,67,180,28,open
14260.2,68,156,67,180,28,open
14279.7,68,156,67,180,28,open
14300.2,68,156,67,180,28,open
14319.6,68,156,67,180,28,open
14340.1,68,156,67,180,28,open
14360.6,68,156,67,180,28,open
14380.1,68,156,67,180,28,open
14400.5,68,156,67,180,28,open
14420.0,68,156,67,180,28,open
14440.5,68,156,67,180,28,open
14459.9,68,156,67,180,28,open
14480.4,68,156,67,180,28,open
14499.8,68,156,67,180,28,open
14520.3,68,156,67,180,28,open
14539.8,68,156,67,180,28,open
14560.3,69,156,67,180,28,open
14579.7,69,156,67,180,28,open
14600.2,69,156,67,180,28,open
14619.7,69,156,67,180,28,open
14640.1,69,156,67,180,28,open
14660.6,70,156,67,180,28,open
14680.1,70,156,67,180,28,open
14700.5,70,156,67,180,28,open
14720.0,70,156,67,180,28,open
14740.5,70,156,67,180,28,open
14760.0,70,156,67,180,28,open
14780.4,70,156,67,180,28,open
14799.9,70,156,67,180,28,open
14820.4,70,156,67,180,28,open
14839.8,70,156,67,180,28,open
14860.3,70,156,67,180,28,open
14879.8,70,156,67,180,28,open
14900.2,70,156,67,180,28,open
14919.7,70,156,67,180,28,open
14940.2,70,156,67,180,28,open
14959.6,70,156,67,180,28,open
14980.1,70,156,67,180,28,open
15000.6,70,156,67,180,28,open
15020.0,70,156,67,180,28,open
15040.5,70,156,67,180,28,open
15060.0,70,156,67,180,28,open
15080.5,70,156,67,180,28,open
15099.9,70,156,67,180,28,open
15120.4,70,156,67,180,28,open
15139.8,70,156,67,180,28,open
15160.3,70,156,67,180,28,open
15179.8,70,156,67,180,28,open
15200.3,70,156,67,180,28,open
15219.7,70,156,67,180,28,open
15240.2,70,156,67,180,28,open
15259.7,70,156,67,180,28,open
15280.1,70,156,67,180,28,open
15300.6,70,156,67,180,28,open
15320.1,70,156,67,180,28,open
15340.5,70,156,67,180,28,open
15360.0,70,156,67,180,28,open
15380.5,70,157,67,180,28,open
15399.9,70,157,67,180,28,open
15420.4,70,158,67,180,28,open
15439.9,70,158,67,180,28,open
15460.4,70,158,67,180,28,open
15479.8,70,158,67,180,28,open
15500.3,70,158,67,180,28,open
15519.8,70,158,67,180,28,open
15540.2,70,158,67,180,28,open
15559.7,70,158,67,180,28,open
15580.2,70,158,67,180,28,open
15599.6,70,158,67,180,28,open
15620.1,70,158,67,180,28,open
15640.6,70,158,67,180,28,open
15660.1,70,158,67,180,28,open
15680.5,70,158,67,180,28,open
15700.0,70,159,67,180,28,open
15720.5,70,159,67,180,28,open
15739.9,70,159,67,180,28,open
15760.4,70,159,67,180,28,open
15779.9,70,159,67,180,28,open
15800.3,70,159,67,180,28,open
15819.8,70,159,67,180,28,open
15840.3,70,159,67,180,28,open
15859.7,70,159,67,180,28,open
15880.2,70,159,67,180,28,open
15899.7,70,159,67,180,28,open
15920.1,70,159,67,180,28,open
15940.6,70,159,67,180,28,open
15960.1,70,159,67,180,28,open
15980.6,70,159,67,180,28,open
16000.0,70,159,67,180,28,open
16020.5,70,159,67,180,28,open
16039.9,70,159,67,180,28,open
16060.4,70,159,67,180,28,open
16079.9,70,159,67,180,28,open
16100.4,70,159,67,180,28,open
16119.8,70,159,67,180,28,open
16140.3,70,159,67,180,28,open
16159.8,70,159,67,180,28,open
16180.2,70,159,67,180,28,open
16199.7,70,159,67,180,28,open
16220.2,70,159,67,180,28,open
16239.6,70,159,67,180,28,open
16260.1,70,159,67,180,28,open
16280.6,70,159,67,180,28,open
16300.0,70,160,67,180,28,open
16320.5,70,160,67,180,28,open
16340.0,70,160,67,180,28,open
16360.5,70,160,67,180,28,open
16379.9,70,160,67,180,28,open
16400.4,70,161,67,180,28,open
16419.9,70,161,67,180,28,open
16440.3,70,161,67,180,28,open
16459.8,70,162,67,180,28,open
16480.3,70,162,67,180,28,open
16499.7,70,162,67,180,28,open
16520.2,70,162,67,180,28,open
16539.6,70,163,67,180,28,open
16560.1,70,163,67,180,28,open
16580.6,70,163,67,180,28,open
16600.1,70,164,67,180,28,open
16620.6,70,164,67,180,28,open
16640.0,70,164,67,180,28,open
16660.5,70,165,67,180,28,open
16679.9,70,165,67,180,28,open
16700.4,70,165,67,180,28,open
16719.9,70,165,67,180,28,open
16740.4,70,165,67,180,28,open
16759.8,70,165,67,180,28,open
16780.3,70,165,67,180,28,open
16799.8,70,165,67,180,28,open
16820.2,70,165,67,180,28,open
16839.7,70,165,67,180,28,open
16860.2,70,165,67,180,28,open
16879.6,70,166,67,180,28,open
16900.1,70,166,67,180,28,open
16920.6,70,166,67,180,28,open
16940.0,70,166,67,180,28,open
16960.5,70,166,67,180,28,open
16980.0,70,166,67,180,28,open
17000.5,70,167,67,180,28,open
17019.9,70,167,67,180,28,open
17040.4,70,167,67,180,28,open
17059.8,70,167,67,180,28,open
17080.3,70,167,67,180,28,open
17099.8,70,167,67,180,28,open
17120.3,70,167,67,180,28,open
17139.7,70,167,67,180,28,open
17160.2,70,168,67,180,28,open
17179.6,70,168,67,180,28,open
17200.1,70,168,67,180,28,open
17220.6,70,168,67,180,28,open
17240.1,70,168,67,180,28,open
17260.5,70,168,67,180,28,open
17280.0,70,168,67,180,28,open
17300.5,70,168,67,180,28,open
17319.9,70,168,67,180,28,open
17340.4,70,169,67,180,28,open
17359.9,70,169,67,180,28,open
17380.4,70,169,67,180,28,open
17399.8,70,169,67,180,28,open
17420.3,70,169,67,180,28,open
17439.8,70,170,67,180,28,open
17460.2,70,170,67,180,28,open
17479.7,70,170,67,180,28,open
17500.2,70,170,67,180,28,open
17519.6,70,170,67,180,28,open
17540.1,70,170,67,180,28,open
17560.6,70,170,67,180,28,open
17580.1,70,170,67,180,28,open
17600.5,70,170,67,180,28,open
17620.0,70,170,67,180,28,open
17640.5,70,171,67,180,28,open
17659.9,70,171,67,180,28,open
17680.4,70,171,67,180,28,open
17699.9,70,171,67,180,28,open
17720.3,70,171,67,180,28,open
17739.8,70,171,67,180,28,open
17760.3,70,171,67,180,28,open
17779.7,70,171,67,180,28,open
17800.2,70,171,67,180,28,open
17819.7,70,171,67,180,28,open
17840.1,70,171,67,180,28,open
17860.6,70,171,67,180,28,open
17880.1,70,171,67,180,28,open
17900.6,70,171,67,180,28,open
17920.0,70,171,67,180,28,open
17940.5,70,171,67,180,28,open
17959.9,70,171,67,180,28,open
17980.4,70,171,67,180,28,open
17999.9,70,171,67,180,28,open
18020.4,70,171,67,180,28,open
18039.8,70,171,67,180,28,open
18060.3,70,171,67,180,28,open
18079.7,70,171,67,180,28,open
18100.2,70,171,67,180,28,open
18119.7,70,171,67,180,28,open
18140.2,70,171,67,180,28,open
18159.6,70,171,67,180,28,open
18180.1,70,171,67,180,28,open
18200.6,70,171,67,180,28,open
18220.0,70,171,67,180,28,open
18240.5,70,171,67,180,28,open
18260.0,70,171,67,180,28,open
18280.4,70,171,67,180,28,open
18299.9,70,171,67,180,28,open
18320.4,70,171,67,180,28,open
18339.9,70,171,67,180,28,open
18360.3,70,171,67,180,28,open
18379.8,70,171,67,180,28,open
18400.3,70,171,67,180,28,open
18419.7,70,171,67,180,28,open
18440.2,70,171,67,180,28,open
18459.7,70,171,67,180,28,open
18480.1,70,171,67,180,28,open
18500.6,70,171,67,180,28,open
18520.1,70,171,67,180,28,open
18540.6,70,171,67,180,28,open
18560.0,70,171,67,180,28,open
18580.5,70,171,67,180,28,open
18600.0,70,171,67,180,28,open
18620.4,70,171,67,180,28,open
18639.9,70,171,67,180,28,open
18660.4,70,171,67,180,28,open
18679.8,70,171,67,180,28,open
18700.3,70,171,67,180,28,open
18719.8,70,171,67,180,28,open
18740.2,70,171,67,180,28,open
18759.7,70,171,67,180,28,open
18780.2,70,171,67,180,28,open
18799.6,70,171,67,180,28,open
18820.1,70,171,67,180,28,open
18840.6,70,171,67,180,28,open
18860.0,70,171,67,180,28,open
18880.5,70,171,67,180,28,open
18900.0,70,171,67,180,28,open
18920.5,70,171,67,180,28,open
18939.9,70,171,67,180,28,open
18960.4,70,171,67,180,28,open
18979.9,70,171,67,180,28,open
19000.3,70,171,67,179,28,open
19019.8,70,171,67,179,28,open
19040.3,70,171,67,178,28,open
19059.7,70,171,67,178,28,open
19080.2,70,171,67,177,28,open
19099.7,70,171,67,177,28,open
19120.1,70,171,67,176,28,open
19140.6,70,171,67,176,28,open
19160.1,70,171,67,175,28,open
19180.6,70,171,67,175,28,open
19200.0,70,171,67,175,28,open
19220.5,70,171,67,175,28,open
19239.9,70,171,67,175,28,open
19260.4,70,171,67,174,28,open
19279.9,70,171,67,174,28,open
19300.4,70,171,67,174,28,open
19319.8,70,171,67,174,28,open
19340.3,70,171,67,174,28,open
19359.8,70,171,67,174,28,open
19380.2,70,171,67,174,28,open
19399.7,70,171,67,174,28,open
19420.2,70,171,67,174,28,open
19439.6,70,171,67,174,28,open
19460.1,70,171,67,174,28,open
19480.6,70,171,67,175,28,open
19500.0,70,171,67,175,28,open
19520.5,70,171,67,176,28,open
19540.0,70,171,67,177,28,open
19560.5,70,171,67,178,28,open
19579.9,70,171,67,179,28,open
19600.4,70,171,67,180,28,open
19619.9,70,171,67,180,28,open
19640.3,70,171,67,180,28,open
19659.8,70,171,67,180,28,open
19680.3,70,171,67,180,28,open
19699.7,70,171,67,180,28,open
19720.2,70,171,67,180,28,open
19739.7,70,171,67,180,28,open
19760.2,70,171,67,180,28,open
19780.6,70,171,67,180,28,open
19800.1,70,171,67,180,28,open
19820.6,70,171,67,180,28,open
19840.0,70,171,67,180,28,open
19860.5,70,171,67,180,28,open
19880.0,70,171,67,180,28,open
19900.4,70,171,67,180,28,open
19919.9,70,171,67,180,28,open
19940.4,70,171,67,180,28,open
19959.8,70,171,67,180,28,open
19980.3,70,171,67,180,28,open
19999.7,70,171,67,180,28,open
20020.2,70,171,67,180,28,open
20039.7,70,171,67,180,28,open
20060.2,70,171,67,180,28,open
20079.6,70,171,67,180,28,open
20100.1,70,171,67,180,28,open
20120.6,70,171,67,180,28,open
20140.0,70,171,67,180,28,open
20160.5,70,171,67,180,28,open
20180.0,70,171,67,180,28,open
20200.5,70,171,67,180,28,open
20219.9,70,171,67,180,28,open
20240.4,70,171,67,180,28,open
20259.9,70,171,67,180,28,open
20280.3,70,171,67,180,28,open
20299.8,70,171,67,180,28,open
20320.3,70,171,67,180,28,open
20339.7,70,171,67,180,28,open
20360.2,70,171,67,180,28,open
20379.7,70,171,67,180,28,open
20400.1,70,171,67,180,28,open
20420.6,70,171,67,180,28,open
20440.1,70,171,67,180,28,open
20460.6,70,171,67,178,28,open
20480.0,70,171,67,177,28,open
20500.5,70,171,67,175,28,open
20520.0,70,171,67,174,28,open
20540.4,70,171,67,173,28,open
20559.9,70,171,67,171,28,open
20580.4,70,171,67,170,28,open
20599.8,70,171,67,169,28,open
20620.3,70,171,67,168,28,open
20639.8,70,171,67,167,28,open
20660.2,70,171,67,166,28,open
20679.7,70,171,67,164,28,open
20700.2,70,171,67,162,28,open
20719.6,70,171,67,162,28,open
20740.1,70,171,67,162,28,open
20760.6,70,171,67,162,28,open
20780.0,70,171,67,162,28,open
20800.5,70,171,67,162,28,open
20820.0,70,171,67,162,28,open
20840.5,70,171,67,162,28,open
20859.9,70,171,67,162,28,open
20880.4,70,171,67,162,28,open
20899.9,70,171,67,162,28,open
20920.3,70,171,67,161,28,open
20939.8,70,171,67,160,28,open
20960.3,70,171,67,158,28,open
20979.7,70,171,67,157,28,open
21000.2,70,171,67,155,28,open
21019.7,70,171,67,153,28,open
21040.1,70,171,67,152,28,open
21060.6,70,171,67,151,28,open
21080.1,70,171,67,150,28,open
21100.6,70,171,67,149,28,open
21120.0,70,171,67,148,28,open
21140.5,70,171,67,147,28,open
21159.9,70,171,67,146,28,open
21180.4,70,171,67,145,28,open
21199.9,70,171,67,144,28,open
21220.4,70,171,67,143,28,open
21239.8,70,171,67,142,28,open
21260.3,70,171,67,141,28,open
21279.8,70,171,67,140,28,open
21300.2,70,171,67,139,28,open
21319.7,70,171,67,139,28,open
21340.2,70,171,67,139,28,open
21359.6,70,171,67,139,28,open
21380.1,70,171,67,139,28,open
21400.6,70,171,67,139,28,open
21420.0,70,171,67,139,28,open
21440.5,70,171,67,139,28,open
21460.0,70,171,67,139,28,open
21480.5,70,171,67,139,28,open
21499.9,70,171,67,139,28,open
21520.4,70,171,67,139,28,open
21539.9,70,171,67,138,28,open
21560.3,70,171,67,137,28,open
21579.8,70,171,67,135,28,open
21600.3,70,171,67,133,28,open
21619.7,70,171,67,130,28,open
21640.2,70,171,67,128,28,open
21659.7,70,171,67,126,28,open
21680.1,70,171,67,125,28,open
21700.6,70,171,67,124,28,open
21720.1,70,171,67,123,28,open
21740.6,70,171,67,123,28,open
21760.0,70,171,67,123,28,open
21780.5,70,171,67,122,28,open
21800.0,70,171,67,123,28,open
21820.4,70,171,67,123,28,open
21839.9,70,171,67,123,28,open
21860.4,70,171,67,123,28,open
21879.8,70,171,67,123,28,open
21900.3,70,171,67,123,28,open
21919.8,70,171,67,123,28,open
21940.2,70,171,67,122,28,open
21959.7,70,171,67,122,28,open
21980.2,70,171,67,120,28,open
21999.6,70,171,67,119,28,open
22020.1,70,171,67,117,28,open
22040.6,70,171,67,115,28,open
22060.0,70,171,67,114,28,open
22080.5,70,171,67,113,28,open
22100.0,70,171,67,112,28,open
22120.5,70,171,67,111,28,open
22139.9,70,171,67,110,28,open
22160.4,70,171,67,109,28,open
22179.9,70,171,67,109,28,open
22200.3,70,171,67,109,28,open
22219.8,70,171,67,109,28,open
22240.3,70,171,67,109,28,open
22259.7,70,171,67,109,28,open
22280.2,70,171,67,109,28,open
22299.7,70,171,67,109,28,open
22320.1,70,171,67,109,28,open
22340.6,70,171,67,109,28,open
22360.1,70,171,67,109,28,open
22380.6,70,171,67,109,28,open
22400.0,70,171,67,109,28,open
22420.5,70,171,67,109,28,open
22440.0,70,171,67,109,28,open
22460.4,70,171,67,109,28,open
22479.9,70,171,67,108,28,open
22500.4,70,171,67,107,28,open
22519.8,70,171,67,106,28,open
22540.3,70,171,67,105,28,open
22559.8,70,171,67,103,28,open
22580.2,70,171,67,102,28,open
22599.7,70,171,67,102,28,open
22620.2,70,171,67,101,28,open
22639.6,70,171,67,101,28,open
22660.1,70,171,67,100,28,open
22680.6,70,171,67,100,28,open
22700.0,70,171,67,100,28,open
22720.5,70,171,67,100,28,open
22740.0,70,171,67,100,28,open
22760.4,70,171,67,100,28,open
22779.9,70,171,67,100,28,open
22800.4,70,171,67,100,28,open
22819.9,70,171,67,100,28,open
22840.3,70,171,67,100,28,open
22859.8,70,171,67,100,28,open
22880.3,70,171,67,100,28,open
22899.7,70,171,67,99,28,open
22920.2,70,171,67,98,28,open
22939.7,70,171,67,97,28,open
22960.1,70,171,67,96,28,open
22980.6,70,171,67,95,28,open
23000.1,70,171,67,95,28,open
23020.6,70,171,67,95,28,open
23040.0,70,171,67,94,28,open
23060.5,70,171,67,94,28,open
23079.9,70,171,67,94,28,open
23100.4,70,171,67,94,28,open
23119.9,70,171,67,94,28,open
23140.4,70,171,67,94,28,open
23159.8,70,171,67,94,28,open
23180.3,70,171,67,94,28,open
23199.8,70,171,67,94,28,open
23220.2,70,171,67,94,28,open
23239.7,70,171,67,94,28,open
23260.2,70,171,67,94,28,open
23279.6,70,171,67,94,28,open
23300.1,70,171,67,94,28,open
23320.6,70,171,67,93,28,open
23340.0,70,171,67,93,28,open
23360.5,70,171,67,92,28,open
23380.0,70,171,67,91,28,open
23400.5,70,171,67,91,28,open
23419.9,70,171,67,91,28,open
23440.4,70,171,67,91,28,open
23459.8,70,171,67,91,28,open
23480.3,70,171,67,91,28,open
23499.8,70,171,67,91,28,open
23520.3,70,171,67,91,28,open
23539.7,70,171,67,91,28,open
23560.2,70,171,67,91,28,open
23579.7,70,171,67,91,28,open
23600.1,70,171,67,91,28,open
23620.6,70,171,67,91,28,open
23640.1,70,171,67,91,28,open
23660.6,70,171,67,91,28,open
23680.0,70,171,67,91,28,open
23700.5,70,171,67,91,28,open
23720.0,70,171,67,91,28,open
23740.4,70,171,67,91,28,open
23759.9,70,171,67,91,28,open
23780.4,70,171,67,91,28,open
23799.8,70,171,67,91,28,open
23820.3,70,171,67,91,28,open
23839.8,70,171,67,90,28,open
23860.2,70,171,67,91,28,open
23879.7,70,171,67,91,28,open
23900.2,70,171,67,91,28,open
23919.6,70,171,67,91,28,open
23940.1,70,171,67,91,28,open
23960.6,70,171,67,91,28,open
23980.0,70,171,67,91,28,open
24000.5,70,171,67,91,28,open
24020.0,70,171,67,91,28,open
24040.5,70,171,67,91,28,open
24059.9,70,171,67,91,28,open
24080.4,70,171,67,91,28,open
24099.9,70,171,67,91,28,open
24120.3,70,171,67,91,28,open
24139.8,70,171,67,91,28,open
24160.3,70,170,67,91,28,open
24179.7,70,170,67,91,28,open
24200.2,70,169,67,91,28,open
24219.7,70,168,67,91,28,open
24240.1,70,168,67,91,28,open
24260.6,70,167,67,91,28,open
24280.1,70,167,67,91,28,open
24300.6,70,166,67,91,28,open
24320.0,70,166,67,91,28,open
24340.5,70,165,67,91,28,open
24359.9,70,165,67,91,28,open
24380.4,70,165,67,91,28,open
24399.9,70,164,67,91,28,open
24420.4,70,164,67,91,28,open
24439.8,70,164,67,91,28,open
24460.3,70,164,67,91,28,open
24479.8,70,164,67,91,28,open
24500.2,70,164,67,91,28,open
24519.7,70,164,67,91,28,open
24540.2,70,164,67,91,28,open
24559.6,70,164,67,91,28,open
24580.1,70,164,67,91,28,open
24600.6,70,164,67,91,28,open
24620.0,70,164,67,91,28,open
24640.5,70,164,67,91,28,open
24660.0,70,164,67,91,28,open
24680.5,70,164,67,91,28,open
24699.9,70,164,67,91,28,open
24720.4,70,164,67,91,28,open
24739.9,70,164,67,91,28,open
24760.3,70,164,67,91,28,open
24779.8,70,164,67,91,28,open
24800.3,70,164,67,91,28,open
24819.7,70,164,67,91,28,open
24840.2,70,164,67,91,28,open
24859.7,70,164,67,91,28,open
24880.1,70,164,67,91,28,open
24900.6,70,164,67,91,28,open
24920.1,70,164,67,91,28,open
24940.5,70,164,67,91,28,open
24960.0,70,164,67,91,28,open
24980.5,70,164,67,91,28,open
25000.0,70,164,67,91,28,open
25020.4,70,164,67,91,28,open
25039.9,70,164,67,91,28,open
25060.3,70,164,67,91,28,open
25079.8,70,164,67,91,28,open
25100.3,70,164,67,91,28,open
25119.8,70,164,67,91,28,open
25140.2,70,164,67,91,28,open
25159.7,70,164,67,91,28,open
25180.2,70,164,67,91,28,open
25199.6,70,164,67,91,28,open
25220.1,70,164,67,91,28,open
25240.6,70,164,67,91,28,open
25260.0,70,164,67,90,28,open
25280.5,70,164,67,91,28,open
25300.0,70,164,67,91,28,open
25320.4,70,164,67,91,28,open
25339.9,70,164,67,91,28,open
25360.4,70,164,67,91,28,open
25379.9,70,164,67,91,28,open
25400.3,70,164,67,91,28,open
25419.8,70,164,67,90,28,open
25440.3,70,163,67,90,28,open
25459.7,70,164,67,90,28,open
25480.2,70,164,67,90,28,open
25499.7,70,164,67,89,28,open
25520.1,70,164,67,89,28,open
25540.6,70,164,67,89,28,open
25560.1,70,164,67,88,28,open
25580.6,70,164,67,88,28,open
25600.0,70,164,67,87,28,open
25620.5,70,164,67,87,28,open
25640.0,70,164,67,87,28,open
25660.4,70,164,67,87,28,open
25679.9,70,164,67,86,28,open
25700.4,70,164,67,86,28,open
25719.8,70,164,67,86,28,open
25740.3,70,164,67,86,28,open
25759.8,70,163,67,85,28,open
25780.2,70,164,67,85,28,open
25799.7,70,164,67,85,28,open
25820.2,70,164,67,85,28,open
25839.6,70,164,67,84,28,open
25860.1,70,164,67,84,28,open
25880.6,70,164,67,84,28,open
25900.1,70,164,67,84,28,open
25920.5,70,164,67,84,28,open
25940.0,70,164,67,84,28,open
25960.5,70,164,67,84,28,open
25979.9,70,164,67,84,28,open
26000.4,70,164,67,84,28,open
26019.9,70,164,67,84,28,open
26040.3,70,164,67,84,28,open
26059.8,70,164,67,84,28,open
26080.3,70,164,67,84,28,open
26099.7,70,164,67,84,28,open
26120.2,70,164,67,84,28,open
26139.7,70,164,67,84,28,open
26160.2,70,164,67,84,28,open
26180.6,70,164,67,84,28,open
26200.1,70,164,67,84,28,open
26220.6,70,164,67,84,28,open
26240.0,70,164,67,84,28,open
26260.5,70,164,67,84,28,open
26279.9,70,164,67,84,28,open
26300.4,70,164,67,84,28,open
26319.9,70,164,67,84,28,open
26340.4,70,164,67,84,28,open
26359.8,70,164,67,84,28,open
26380.3,70,164,67,84,28,open
26399.8,70,164,67,84,28,open
26420.2,70,164,67,84,28,open
26439.7,70,164,67,84,28,open
26460.2,70,164,67,84,28,open
26479.6,70,164,67,84,28,open
26500.1,70,164,67,84,28,open
26520.6,70,163,67,84,28,open
26540.0,70,163,67,84,28,open
26560.5,70,162,67,84,28,open
26580.0,70,162,67,84,28,open
26600.4,70,161,67,84,28,open
26619.9,70,161,67,84,28,open
26640.4,70,160,67,84,28,open
26659.9,70,160,67,84,28,open
26680.3,70,159,67,84,28,open
26699.8,70,159,67,84,28,open
26720.3,70,159,67,84,28,open
26739.7,70,159,67,84,28,open
26760.2,70,159,67,84,28,open
26779.7,70,159,67,84,28,open
26800.2,70,159,67,84,28,open
26820.6,70,159,67,84,28,open
26840.1,70,159,67,84,28,open
26860.6,70,159,67,84,28,open
26880.0,70,159,67,84,28,open
26900.5,70,159,67,84,28,open
26919.9,70,159,67,84,28,open
26940.4,70,159,67,84,28,open
26959.9,70,159,67,84,28,open
26980.4,70,159,67,84,28,open
26999.8,70,158,67,84,28,open
27020.3,70,158,67,84,28,open
27039.8,70,157,67,84,28,open
27060.2,70,156,67,84,28,open
27079.7,70,156,67,84,28,open
27100.2,70,155,67,84,28,open
27119.6,70,155,67,84,28,open
27140.1,70,155,67,84,28,open
27160.6,70,155,67,84,28,open
27180.0,70,155,67,84,28,open
27200.5,70,154,67,84,28,open
27220.0,70,154,67,84,28,open
27240.4,70,154,67,84,28,open
27259.9,70,154,67,84,28,open
27280.4,70,154,67,84,28,open
27299.8,70,154,67,84,28,open
27320.4,70,154,67,84,28,open
27339.8,70,154,67,84,28,open
27360.3,70,153,67,84,28,open
27379.7,70,153,67,84,28,open
27400.2,70,153,67,84,28,open
27419.7,70,152,67,84,28,open
27440.2,70,151,67,84,28,open
27460.6,70,151,67,84,28,open
27480.1,70,150,67,84,28,open
27500.5,70,150,67,84,28,open
27520.0,70,149,67,84,28,open
27540.5,70,149,67,84,28,open
27560.0,70,148,67,84,28,open
27580.4,70,148,67,84,28,open
27599.9,70,147,67,84,28,open
27620.4,70,147,67,84,28,open
27639.8,70,146,67,84,28,open
27660.3,70,145,67,84,28,open
27679.8,70,145,67,84,28,open
27700.2,70,145,67,84,28,open
27719.7,70,144,67,84,28,open
27740.2,70,143,67,84,28,open
27759.6,70,143,67,84,28,open
27780.1,70,142,67,84,28,open
27800.6,70,141,67,84,28,open
27820.0,70,141,67,84,28,open
27840.5,70,140,67,84,28,open
27860.0,70,139,67,84,28,open
27880.5,70,139,67,84,28,open
27899.9,70,138,67,84,28,open
27920.4,70,138,67,84,28,open
27939.9,70,137,67,84,28,open
27960.3,70,137,67,84,28,open
27979.8,70,136,67,84,28,open
28000.3,70,135,67,84,28,open
28019.7,70,135,67,84,28,open
28040.2,70,134,67,84,28,open
28059.7,70,134,67,84,28,open
28080.1,70,134,67,84,28,open
28100.6,70,134,67,84,28,open
28120.1,70,134,67,84,28,open
28140.6,70,134,67,84,28,open
28160.0,70,134,67,84,28,open
28180.5,70,134,67,84,28,open
28200.0,70,134,67,84,28,open
28220.4,70,134,67,84,28,open
28239.9,70,134,67,84,28,open
28260.4,70,134,67,84,28,open
28279.8,70,134,67,84,28,open
28300.3,70,134,67,84,28,open
28319.8,70,134,67,84,28,open
28340.2,70,133,67,84,28,open
28359.7,70,133,67,84,28,open
28380.2,70,132,67,84,28,open
28399.6,70,131,67,84,28,open
28420.1,70,130,67,84,28,open
28440.6,70,130,67,84,28,open
28460.0,70,130,67,84,28,open
28480.5,70,129,67,84,28,open
28500.0,70,129,67,84,28,open
28520.4,70,128,67,84,28,open
28539.9,70,128,67,84,28,open
28560.4,70,128,67,84,28,open
28579.8,70,127,67,84,28,open
28600.3,70,127,67,84,28,open
28619.8,70,126,67,84,28,open
28640.3,70,126,67,84,28,open
28659.7,70,126,67,84,28,open
28680.2,70,126,67,84,28,open
28699.7,70,126,67,84,28,open
28720.2,70,126,67,84,28,open
28740.6,70,126,67,84,28,open
28760.1,70,126,67,84,28,open
28780.6,70,126,67,84,28,open
28800.0,70,126,67,84,28,open
28820.5,70,126,67,84,28,open
28839.9,70,126,67,84,28,open
28860.4,70,126,67,84,28,open
28879.9,70,125,67,84,28,open
28900.4,70,124,67,84,28,open
28919.8,70,124,67,84,28,open
28940.3,70,122,67,84,28,open
28959.8,70,121,67,84,28,open
28980.2,70,121,67,84,28,open
28999.7,70,120,67,84,28,open
29020.2,70,120,67,84,28,open
29039.6,70,119,67,84,28,open
29060.1,70,118,67,84,28,open
29080.6,70,118,67,84,28,open
29100.0,70,118,67,84,28,open
29120.5,70,117,67,84,28,open
29140.0,70,117,67,84,28,open
29160.5,70,116,67,84,28,open
29179.9,70,116,67,84,28,open
29200.4,70,115,67,84,28,open
29219.8,70,115,67,84,28,open
29240.3,70,114,67,84,28,open
29259.8,70,114,67,84,28,open
29280.3,70,114,67,84,28,open
29299.7,70,113,67,84,28,open
29320.2,70,113,67,84,28,open
29339.7,70,113,67,84,28,open
29360.2,70,113,67,84,28,open
29380.6,70,112,67,84,28,open
29400.1,70,112,67,84,28,open
29420.6,70,112,67,84,28,open
29440.0,70,111,67,84,28,open
29460.5,70,111,67,84,28,open
29480.0,70,111,67,84,28,open
29500.4,70,111,67,84,28,open
29519.9,70,110,67,84,28,open
29540.4,70,110,67,84,28,open
29559.8,70,109,67,84,28,open
29580.3,70,109,67,84,28,open
29599.8,70,109,67,84,28,open
29620.2,70,108,67,84,28,open
29639.7,70,108,67,84,28,open
29660.2,70,108,67,84,28,open
29679.6,70,107,67,84,28,open
29700.1,70,106,67,84,28,open
29720.6,70,106,67,84,28,open
29740.0,70,106,67,84,28,open
29760.5,70,105,67,84,28,open
29780.0,70,105,67,84,28,open
29800.5,70,105,67,84,28,open
29819.9,70,105,67,84,28,open
29840.4,70,104,67,84,28,open
29859.8,70,104,67,84,28,open
29880.3,70,104,67,84,28,open
29899.8,70,104,67,84,28,open
29920.3,70,104,67,84,28,open
29939.7,70,104,67,84,28,open
29960.2,70,104,67,84,28,open
29979.7,70,104,67,84,28,open
30000.1,70,104,67,84,28,open
30020.6,70,104,67,84,28,open
30040.1,70,104,67,84,28,open
30060.5,70,104,67,84,28,open
30080.0,70,104,67,84,28,open
30100.5,70,103,67,84,28,open
30119.9,70,103,67,84,28,open
30140.4,70,103,67,84,28,open
30159.9,70,103,67,84,28,open
30180.4,70,102,67,84,28,open
30199.8,70,102,67,84,28,open
30220.3,70,102,67,84,28,open
30239.8,70,101,67,84,28,open
30260.2,70,101,67,84,28,open
30279.7,70,101,67,84,28,open
30300.2,70,101,67,84,28,open
30319.6,70,100,67,84,28,open
30340.1,70,100,67,84,28,open
30360.6,70,100,67,84,28,open
30380.0,70,100,67,84,28,open
30400.5,70,100,67,84,28,open
30420.0,70,99,67,84,28,open
30440.5,70,99,67,84,28,open
30459.9,70,99,67,84,28,open
30480.4,70,99,67,84,28,open
30499.8,70,99,67,84,28,open
30520.3,70,98,67,84,28,open
30539.8,70,98,67,84,28,open
30560.3,70,98,67,84,28,open
30579.7,70,98,67,84,28,open
30600.2,70,98,67,84,28,open
30619.7,70,98,67,84,28,open
30640.2,70,98,67,84,28,open
30660.6,70,98,67,84,28,open
30680.1,70,98,67,84,28,open
30700.5,70,98,67,84,28,open
30720.0,70,98,67,84,28,open
30740.5,70,98,67,84,28,open
30760.0,70,98,67,84,28,open
30780.4,70,98,67,84,28,open
30799.9,70,98,67,84,28,open
30820.4,70,98,67,84,28,open
30839.8,70,98,67,84,28,open
30860.3,70,98,67,84,28,open
30879.8,70,98,67,84,28,open
30900.3,70,98,67,84,28,open
30919.7,70,98,67,84,28,open
30940.2,70,98,67,84,28,open
30959.6,70,98,67,84,28,open
30980.1,70,98,67,84,28,open
31000.6,70,98,66,84,28,open
31020.0,70,98,66,84,28,open
31040.5,70,98,65,84,28,open
31060.0,70,98,65,84,28,open
31080.5,70,98,65,84,28,open
31099.9,70,98,64,84,28,open
31120.4,70,98,64,84,28,open
31139.9,70,98,63,84,28,open
31160.3,70,98,62,84,28,open
31179.8,70,98,62,84,28,open
31200.3,70,98,62,84,28,open
31219.7,70,98,61,84,28,open
31240.2,70,98,61,84,28,open
31259.7,70,98,61,84,28,open
31280.1,70,98,61,84,28,open
31300.6,70,98,61,84,28,open
31320.1,70,98,61,84,28,open
31340.6,70,98,61,84,28,open
31360.0,70,98,61,84,28,open
31380.5,70,98,61,84,28,open
31399.9,70,98,61,84,28,open
31420.4,70,98,61,84,28,open
31439.9,70,98,61,84,28,open
31460.4,70,98,61,84,28,open
31479.8,70,98,61,84,28,open
31500.3,70,98,61,84,28,open
31519.8,70,98,61,84,28,open
31540.2,70,98,62,84,28,open
31559.7,70,98,63,84,28,open
31580.2,70,98,64,84,28,open
31599.6,70,98,64,84,28,open
31620.1,70,98,65,84,28,open
31640.6,70,98,65,84,28,open
31660.0,70,98,65,84,28,open
31680.5,70,98,66,84,28,open
31700.0,70,98,67,84,28,open
31720.5,70,98,67,84,28,open
31739.9,70,98,68,84,28,open
31760.4,70,98,69,84,28,open
31779.8,70,98,70,84,28,open
31800.3,70,98,70,84,28,open
31819.8,70,98,71,84,28,open
31840.3,70,98,72,84,28,open
31859.7,70,98,73,84,28,open
31880.2,70,98,73,84,28,open
31899.7,70,98,74,84,28,open
31920.1,70,98,75,84,28,open
31940.6,70,98,75,84,28,open
31960.1,70,98,76,84,28,open
31980.6,70,98,77,84,28,open
32000.0,70,98,77,84,28,open
32020.5,70,98,78,84,28,open
32040.0,70,98,79,84,28,open
32060.4,70,98,79,84,28,open
32079.9,70,98,80,84,28,open
32100.4,70,98,81,84,28,open
32119.8,70,98,81,84,28,open
32140.3,70,98,82,84,28,open
32159.8,70,98,82,84,28,open
32180.2,70,98,83,84,28,open
32199.7,70,98,83,84,28,open
32220.2,70,98,84,84,28,open
32239.6,70,98,84,84,28,open
32260.1,70,98,85,84,28,open
32280.6,70,98,86,84,28,open
32300.0,70,98,86,84,28,open
32320.5,70,98,86,84,28,open
32340.0,70,98,87,84,28,open
32360.5,70,98,87,84,28,open
32379.9,70,98,87,84,28,open
32400.4,70,98,88,84,28,open
32419.9,70,98,89,84,28,open
32440.3,70,98,89,84,28,open
32459.8,70,98,90,84,28,open
32480.2,70,98,90,84,28,open
32499.7,70,98,90,84,28,open
32520.2,70,98,91,84,28,open
32539.6,70,98,91,84,28,open
32560.2,70,98,92,84,28,open
32580.6,70,98,92,84,28,open
32600.1,70,98,93,84,28,open
32620.6,70,98,93,84,28,open
32640.0,70,98,93,84,28,open
32660.5,70,98,94,84,28,open
32680.0,70,98,94,84,28,open
32700.4,70,98,95,84,28,open
32719.9,70,98,95,84,28,open
32740.4,70,98,96,84,28,open
32759.8,70,98,96,84,28,open
32780.3,70,98,97,84,28,open
32799.8,70,98,97,84,28,open
32820.3,70,98,97,84,28,open
32839.7,70,98,97,84,28,open
32860.2,70,98,97,84,28,open
32879.6,70,98,97,84,28,open
32900.1,70,98,97,84,28,open
32920.6,70,98,97,84,28,open
32940.1,70,98,97,84,28,open
32960.5,70,98,97,84,28,open
32980.0,70,98,97,84,28,open
33000.5,70,98,97,84,28,open
33019.9,70,98,97,84,28,open
33040.4,70,98,97,84,28,open
33059.8,70,98,97,84,28,open
33080.3,70,98,97,84,28,open
33099.8,70,98,97,84,28,open
33120.3,70,98,97,84,28,open
33139.7,70,98,97,84,28,open
33160.2,70,98,97,84,28,open
33179.7,70,98,97,84,28,open
33200.2,70,98,97,84,28,open
33220.6,70,98,97,84,28,open
33240.1,70,98,97,84,28,open
33260.6,70,98,97,84,28,open
33280.0,70,98,97,84,28,open
33300.5,70,98,97,84,28,open
33320.0,70,98,97,84,28,open
33340.4,70,98,97,84,28,open
33359.9,70,98,97,84,28,open
33380.4,70,98,97,84,28,open
33399.8,70,98,97,84,28,open
33420.3,70,98,97,84,28,open
33439.8,70,98,97,84,28,open
33460.2,70,98,97,84,28,open
33479.7,70,98,97,84,28,open
33500.2,70,98,97,84,28,open
33519.6,70,98,97,84,28,open
33540.1,70,98,97,84,28,open
33560.6,70,98,97,84,28,open
33580.0,70,98,97,84,28,open
33600.5,70,98,97,84,28,open
33620.0,70,98,97,84,28,open
33640.5,70,98,97,84,28,open
33659.9,70,98,97,84,28,open
33680.4,70,98,97,84,28,open
33699.8,70,98,97,84,28,open
33720.3,70,98,97,84,28,open
33739.8,70,98,97,84,28,open
33760.3,70,98,97,84,28,open
33779.7,71,98,97,84,28,open
33800.2,71,98,97,84,28,open
33819.7,72,98,97,84,28,open
33840.2,73,98,97,84,28,open
33860.6,73,98,97,84,28,open
33880.1,74,98,97,84,28,open
33900.6,74,98,97,84,28,open
33920.0,74,98,97,84,28,open
33940.5,75,98,97,84,28,open
33960.0,75,98,97,84,28,open
33980.4,76,98,97,84,28,open
33999.9,76,98,97,84,28,open
34020.4,76,98,97,84,28,open
34039.8,77,98,97,84,28,open
34060.3,77,98,97,84,28,open
34079.8,78,98,97,84,28,open
34100.2,78,98,97,84,28,open
34119.7,78,98,97,84,28,open
34140.2,79,98,97,84,28,open
34159.6,79,98,97,84,28,open
34180.1,80,98,97,84,28,open
34200.6,80,98,97,84,28,open
34220.1,81,98,97,84,28,open
34240.5,81,98,97,84,28,open
34260.0,82,98,97,84,28,open
34280.5,82,98,97,84,28,open
34299.9,83,98,97,84,28,open
34320.4,83,98,97,84,28,open
34339.9,84,98,97,84,28,open
34360.3,85,98,97,84,28,open
34379.8,86,98,97,84,28,open
34400.3,86,98,97,84,28,open
34419.7,87,98,97,84,28,open
34440.2,88,98,97,84,28,open
34459.7,88,98,97,84,28,open
34480.2,89,98,97,84,28,open
34500.6,90,98,97,84,28,open
34520.1,91,98,97,84,28,open
34540.6,92,98,97,84,28,open
34560.0,92,98,97,84,28,open
34580.5,93,98,97,84,28,open
34600.0,94,98,97,84,28,open
34620.4,95,98,97,84,28,open
34639.9,96,98,97,84,28,open
34660.4,96,98,97,84,28,open
34679.9,97,98,97,84,28,open
34700.3,98,98,97,84,28,open
34719.8,98,98,97,84,28,open
34740.3,99,98,97,84,28,open
34759.7,100,98,97,84,28,open
34780.2,100,98,97,84,28,open
34799.6,101,98,97,84,28,open
34820.1,102,98,97,84,28,open
34840.6,103,98,97,84,28,open
34860.0,103,98,97,84,28,open
34880.5,104,98,97,84,28,open
34900.0,105,98,97,84,28,open
34920.5,106,98,97,84,28,open
34939.9,107,98,97,84,28,open
34960.4,108,98,97,84,28,open
34979.9,108,98,97,84,28,open
35000.3,109,98,97,84,28,open
35019.8,110,98,97,84,28,open
35040.3,111,98,97,84,28,open
35059.7,111,98,97,84,28,open
35080.2,112,98,97,84,28,open
35099.7,113,98,97,84,28,open
35120.2,113,98,97,84,28,open
35140.6,114,98,97,84,28,open
35160.1,115,98,97,84,28,open
35180.6,115,98,97,84,28,open
35200.0,115,98,97,84,28,open
35220.5,116,98,97,84,28,open
35240.0,116,98,97,84,28,open
35260.4,116,98,97,84,28,open
35279.9,117,98,97,84,28,open
35300.4,117,98,97,84,28,open
35319.8,117,98,97,84,28,open
35340.3,117,98,97,84,28,open
35359.8,117,98,97,84,28,open
35380.2,117,98,97,84,28,open
35399.7,118,98,97,84,28,open
35420.2,118,98,97,84,28,open
35439.7,118,98,97,84,28,open
35460.1,118,98,97,84,28,open
35480.6,118,98,97,84,28,open
35500.0,118,98,97,84,28,open
35520.5,118,98,97,84,28,open
35540.0,118,98,97,84,28,open
35560.5,118,98,97,84,28,open
35579.9,118,98,97,84,28,open
35600.4,118,98,97,84,28,open
35619.9,118,98,97,84,28,open
35640.3,118,98,97,84,28,open
35659.8,118,98,97,84,28,open
35680.3,118,98,97,84,28,open
35699.7,118,98,97,84,28,open
35720.2,118,98,97,84,28,open
35739.7,119,98,97,84,28,open
35760.1,119,98,97,84,28,open
35780.6,120,98,97,84,28,open
35800.1,120,98,97,84,28,open
35820.6,121,98,97,84,28,open
35840.0,121,98,97,84,28,open
35860.5,122,98,97,84,28,open
35880.0,122,98,97,84,28,open
35900.4,123,98,97,84,28,open
35919.9,123,98,97,84,28,open
35940.4,124,98,97,84,28,open
35959.8,124,98,97,84,28,open
35980.3,124,98,97,84,28,open
35999.8,125,98,97,84,28,open
36020.2,125,98,97,84,28,open
36039.7,126,98,97,84,28,open
36060.2,126,98,97,84,28,open
36079.7,127,98,97,84,28,open
36100.1,127,98,97,84,28,open
36120.6,127,98,97,84,28,open
36140.0,128,98,97,84,28,open
36160.5,128,98,97,84,28,open
36180.0,128,98,97,84,28,open
36200.5,129,98,97,84,28,open
36219.9,129,98,97,84,28,open
36240.4,129,98,97,84,28,open
36259.9,129,98,97,84,28,open
36280.3,129,98,97,84,28,open
36299.8,129,98,97,84,28,open
36320.3,129,98,97,84,28,open
36339.7,129,98,97,84,28,open
36360.2,129,98,97,84,28,open
36379.7,129,98,97,84,28,open
36400.1,129,98,97,84,28,open
36420.6,129,98,97,84,28,open
36440.1,129,98,97,84,28,open
36460.6,129,98,97,84,28,open
36480.0,129,98,97,84,28,open
36500.5,129,98,97,84,28,open
36520.0,129,98,97,84,28,open
36540.4,129,98,97,84,28,open
36559.9,129,98,97,84,28,open
36580.4,129,98,97,84,28,open
36599.8,129,98,97,84,28,open
36620.3,129,98,97,84,28,open
36639.8,129,98,97,84,28,open
36660.2,129,98,97,84,28,open
36679.7,129,98,97,84,28,open
36700.2,129,98,97,84,28,open
36719.6,129,98,97,84,28,open
36740.1,129,98,97,84,28,open
36760.6,129,98,97,84,28,open
36780.0,129,98,97,84,28,open
36800.5,129,98,97,84,28,open
36820.0,129,98,97,84,28,open
36840.4,129,98,97,84,28,open
36859.9,129,98,97,84,28,open
36880.4,129,98,97,84,28,open
36899.9,129,98,97,84,28,open
36920.3,129,98,97,84,28,open
36939.8,129,98,97,84,28,open
36960.3,129,99,97,84,28,open
36979.7,129,99,97,84,28,open
37000.2,129,99,97,84,28,open
37019.7,129,100,97,84,28,open
37040.1,129,100,97,84,28,open
37060.6,129,101,97,84,28,open
37080.1,129,101,97,84,28,open
37100.5,129,102,97,84,28,open
37120.0,129,102,97,84,28,open
37140.5,129,103,97,84,28,open
37160.0,129,103,97,84,28,open
37180.4,129,103,97,84,28,open
37199.9,129,103,97,84,28,open
37220.3,129,104,97,84,28,open
37239.8,129,104,97,84,28,open
37260.3,129,104,97,84,28,open
37279.8,129,104,97,84,28,open
37300.2,129,104,97,84,28,open
37319.7,129,105,97,84,28,open
37340.2,129,105,97,84,28,open
37359.6,129,105,97,84,28,open
37380.1,129,105,97,84,28,open
37400.6,129,106,97,84,28,open
37420.0,129,106,97,84,28,open
37440.5,129,107,97,84,28,open
37460.0,129,107,97,84,28,open
37480.4,129,107,97,84,28,open
37499.9,129,108,97,84,28,open
37520.4,129,108,97,84,28,open
37539.9,129,109,97,84,28,open
37560.3,129,109,97,84,28,open
37579.8,129,110,97,84,28,open
37600.3,129,110,97,84,28,open
37619.7,129,111,97,84,28,open
37640.2,129,111,97,84,28,open
37659.7,129,111,97,84,28,open
37680.1,129,112,97,84,28,open
37700.6,129,112,97,84,28,open
37720.1,129,113,97,84,28,open
37740.5,129,113,97,84,28,open
37760.0,129,113,97,84,28,open
37780.5,129,114,97,84,28,open
37800.0,129,114,97,84,28,open
37820.4,129,115,97,84,28,open
37839.9,129,115,97,84,28,open
37860.4,129,115,97,84,28,open
37879.8,129,115,97,84,28,open
37900.3,129,116,97,84,28,open
37919.8,129,116,97,84,28,open
37940.2,129,116,97,84,28,open
37959.7,129,117,97,84,28,open
37980.2,129,117,97,84,28,open
37999.6,129,117,97,84,28,open
38020.1,129,117,97,84,28,open
38040.6,129,117,97,84,28,open
38060.1,129,117,97,84,28,open
38080.5,129,118,97,84,28,open
38100.0,129,118,97,84,28,open
38120.5,129,118,97,84,28,open
38139.9,129,118,97,84,28,open
38160.4,129,118,97,84,28,open
38179.9,129,118,97,84,28,open
38200.3,129,118,97,84,28,open
38219.8,129,118,97,84,28,open
38240.3,129,118,97,84,28,open
38259.7,129,118,97,84,28,open
38280.2,129,119,97,84,28,open
38299.7,129,119,97,84,28,open
38320.1,129,119,97,84,28,open
38340.6,129,120,97,84,28,open
38360.1,129,120,97,84,28,open
38380.6,129,120,97,84,28,open
38400.0,129,120,97,84,28,open
38420.5,129,120,97,84,28,open
38439.9,129,120,97,84,28,open
38460.4,129,120,97,84,28,open
38479.9,129,120,97,84,28,open
38500.4,129,120,97,84,28,open
38519.8,129,120,97,84,28,open
38540.3,129,120,97,84,28,open
38559.8,129,120,97,84,28,open
38580.2,129,120,97,84,28,open
38599.7,129,120,97,84,28,open
38620.2,129,120,97,84,28,open
38639.6,129,120,97,84,28,open
38660.1,129,120,97,84,28,open
38680.6,129,120,97,84,28,open
38700.0,129,120,97,84,28,open
38720.5,129,120,97,84,28,open
38740.0,129,120,97,84,28,open
38760.4,129,120,97,84,28,open
38779.9,129,120,97,84,28,open
38800.4,129,120,98,84,28,open
38819.8,129,120,98,84,28,open
38840.3,129,120,99,84,28,open
38859.8,129,120,99,84,28,open
38880.3,129,120,100,84,28,open
38899.7,129,120,100,84,28,open
38920.2,129,120,101,84,28,open
38939.6,129,120,101,84,28,open
38960.1,129,120,102,84,28,open
38980.6,129,120,102,84,28,open
39000.1,129,120,103,84,28,open
39020.5,129,120,103,84,28,open
39040.0,129,120,104,84,28,open
39060.5,129,120,104,84,28,open
39079.9,129,120,104,84,28,open
39100.4,129,120,104,84,28,open
39119.9,129,120,104,84,28,open
39140.3,129,120,104,84,28,open
39159.8,129,120,104,84,28,open
39180.3,129,120,104,84,28,open
39199.7,129,120,104,84,28,open
39220.2,129,120,104,84,28,open
39239.7,129,120,104,84,28,open
39260.2,129,120,104,84,28,open
39279.6,129,120,103,84,28,open
39300.1,129,120,102,84,28,open
39320.6,129,120,102,84,28,open
39340.0,129,120,101,84,28,open
39360.5,129,120,99,84,28,open
39380.0,129,120,98,84,28,open
39400.5,129,120,97,84,28,open
39419.9,129,120,96,84,28,open
39440.4,129,120,95,84,28,open
39459.9,129,120,94,84,28,open
39480.3,129,120,93,84,28,open
39499.8,129,120,92,84,28,open
39520.3,129,120,91,84,28,open
39539.7,129,120,90,84,28,open
39560.2,129,120,89,84,28,open
39579.6,129,120,88,84,28,open
39600.1,129,120,87,84,28,open
39620.6,129,120,86,84,28,open
39640.1,129,120,85,84,28,open
39660.6,129,120,84,84,28,open
39680.0,129,120,83,84,28,open
39700.5,129,120,83,84,28,open
39720.0,129,120,82,84,28,open
39740.4,129,120,82,84,28,open
39759.9,129,120,81,84,28,open
39780.4,129,120,81,84,28,open
39799.8,129,120,81,84,28,open
39820.3,129,120,81,84,28,open
39839.8,129,120,81,84,28,open
39860.2,129,120,81,84,28,open
39879.7,129,120,81,84,28,open
39900.2,129,120,81,84,28,open
39919.6,129,120,81,84,28,open
39940.1,129,120,81,84,28,open
39960.6,129,120,81,84,28,open
39980.0,129,120,81,84,28,open
40000.5,129,120,81,84,28,open
40020.0,129,120,81,84,28,open
40040.5,129,120,80,84,28,open
40059.9,129,120,80,84,28,open
40080.4,129,120,79,84,28,open
40099.9,129,120,78,84,28,open
40120.3,129,120,77,84,28,open
40139.8,129,120,77,84,28,open
40160.3,129,120,76,84,28,open
40179.7,129,120,75,84,28,open
40200.2,129,120,75,84,28,open
40219.6,129,120,74,84,28,open
40240.2,129,120,74,84,28,open
40260.6,129,120,73,84,28,open
40280.1,129,120,72,84,28,open
40300.6,129,120,72,84,28,open
40320.0,129,120,71,84,28,open
40340.5,129,120,71,84,28,open
40360.0,129,120,70,84,28,open
40380.4,129,120,69,84,28,open
40399.9,129,120,69,84,28,open
40420.4,129,120,68,84,28,open
40439.8,129,120,68,84,28,open
40460.3,129,120,67,84,28,open
40479.8,129,120,67,84,28,open
40500.2,129,120,67,84,28,open
40519.7,129,120,66,84,28,open
40540.2,129,120,66,84,28,open
40559.6,129,120,65,84,28,open
40580.1,129,120,65,84,28,open
40600.6,129,120,65,84,28,open
40620.0,129,120,65,84,28,open
40640.5,129,120,64,84,28,open
40660.0,129,120,64,84,28,open
40680.4,129,120,64,84,28,open
40699.9,129,120,63,84,28,open
40720.4,129,120,63,84,28,open
40739.8,129,120,63,84,28,open
40760.4,129,120,63,84,28,open
40779.8,129,120,63,84,28,open
40800.3,129,120,63,84,28,open
40819.7,129,120,63,84,28,open
40840.2,129,120,63,84,28,open
40859.6,129,120,63,84,28,open
40880.1,129,120,63,84,28,open
40900.6,129,120,63,84,28,open
40920.1,129,120,63,84,28,open
40940.5,129,120,63,84,28,open
40960.0,129,120,63,84,28,open
40980.5,129,120,63,84,28,open
41000.0,129,120,63,84,28,open
41020.4,129,120,63,84,28,open
41039.9,129,120,63,84,28,open
41060.4,129,120,63,84,28,open
41079.8,129,120,63,84,28,open
41100.3,129,120,63,84,28,open
41119.8,129,120,63,84,28,open
41140.3,129,120,63,84,28,open
41159.7,129,120,63,84,28,open
41180.2,129,120,63,84,28,open
41199.6,129,120,63,84,28,open
41220.1,129,120,63,84,28,open
41240.6,129,119,63,84,28,open
41260.1,129,119,63,84,28,open
41280.5,129,119,63,84,28,open
41300.0,129,118,63,84,28,open
41320.5,129,118,63,84,28,open
41339.9,128,118,63,84,28,open
41360.4,129,117,63,84,28,open
41379.9,128,117,63,84,28,open
41400.3,129,116,63,84,28,open
41419.8,129,115,63,84,28,open
41440.3,129,114,63,84,28,open
41459.7,129,114,63,84,28,open
41480.2,129,113,63,84,28,open
41499.6,129,113,63,84,28,open
41520.1,129,113,63,84,28,open
41540.6,129,113,63,84,28,open
41560.1,129,113,63,84,28,open
41580.5,129,113,63,84,28,open
41600.0,129,113,63,84,28,open
41620.5,129,113,63,84,28,open
41639.9,129,113,63,84,28,open
41660.4,129,113,63,84,28,open
41679.9,129,113,63,84,28,open
41700.4,129,113,63,84,28,open
41719.8,129,113,63,84,28,open
41740.3,129,112,63,84,28,open
41759.7,129,112,63,84,28,open
41780.2,129,112,63,84,28,open
41799.7,129,112,63,84,28,open
41820.2,129,112,63,84,28,open
41839.6,128,112,63,84,28,open
41860.1,129,112,63,84,28,open
41880.6,129,112,63,84,28,open
41900.1,129,112,63,84,28,open
41920.5,129,112,63,84,28,open
41940.0,128,113,63,84,28,open
41960.5,129,113,63,84,28,open
41979.9,129,114,63,84,28,open
42000.4,129,115,63,84,28,open
42019.8,128,116,63,84,28,open
42040.3,129,117,63,84,28,open
42059.8,129,118,63,84,28,open
42080.2,129,120,63,84,28,open
42099.7,129,121,63,84,28,open
42120.2,129,122,63,84,28,open
42139.7,129,124,63,84,28,open
42160.1,129,125,63,84,28,open
42180.6,129,126,63,84,28,open
42200.1,129,127,63,84,28,open
42220.6,128,128,63,84,28,open
42240.0,129,129,63,84,28,open
42260.5,129,130,63,84,28,open
42279.9,129,130,63,84,28,open
42300.4,129,130,63,84,28,open
42319.9,129,130,63,84,28,open
42340.4,129,130,63,84,28,open
42359.8,129,130,63,84,28,open
42380.3,129,130,63,84,28,open
42399.8,129,130,63,84,28,open
42420.2,129,130,63,84,28,open
42439.7,129,130,63,84,28,open
42460.2,129,130,63,84,28,open
42479.6,129,130,63,84,28,open
42500.1,129,130,63,84,28,open
42520.6,129,130,63,84,28,open
42540.0,129,130,63,84,28,open
42560.5,129,131,63,84,28,open
42580.0,129,132,63,84,28,open
42600.5,129,132,63,84,28,open
42619.9,129,133,63,84,28,open
42640.4,129,134,63,84,28,open
42659.9,129,134,63,84,28,open
42680.3,129,135,63,84,28,open
42699.8,129,135,63,84,28,open
42720.3,129,136,63,84,28,open
42739.7,129,136,63,84,28,open
42760.2,128,136,63,84,28,open
42779.7,129,137,63,84,28,open
42800.1,129,137,63,84,28,open
42820.6,129,137,63,84,28,open
42840.1,129,137,63,84,28,open
42860.6,129,137,63,84,28,open
42880.0,129,137,63,84,28,open
42900.5,129,137,63,84,28,open
42920.0,129,138,63,84,28,open
42940.4,129,138,63,84,28,open
42959.9,129,138,63,84,28,open
42980.4,129,139,63,84,28,open
42999.8,129,139,63,84,28,open
43020.3,129,140,63,84,28,open
43039.8,129,140,63,84,28,open
43060.2,129,140,63,84,28,open
43079.7,128,141,63,84,28,open
43100.2,129,142,63,84,28,open
43119.6,128,142,63,84,28,open
43140.1,129,143,63,84,28,open
43160.6,129,143,63,84,28,open
43180.1,129,144,63,84,28,open
43200.5,129,144,63,84,28,open
43220.0,129,144,63,84,28,open
43240.5,129,144,63,84,28,open
43259.9,129,145,63,84,28,open
43280.4,129,145,63,84,28,open
43299.9,129,145,63,84,28,open
43320.3,129,145,63,84,28,open
43339.8,129,146,63,84,28,open
43360.3,129,146,63,84,28,open
43379.7,129,146,63,84,28,open
43400.2,129,147,63,84,28,open
43419.7,129,147,63,84,28,open
43440.2,129,147,63,84,28,open
43460.6,129,147,63,84,28,open
43480.1,129,148,63,84,28,open
43500.6,129,148,63,84,28,open
43520.0,129,148,63,84,28,open
43540.5,129,148,63,84,28,open
43560.0,129,148,63,84,28,open
43580.4,129,148,63,84,28,open
43599.9,129,148,63,84,28,open
43620.4,129,148,63,84,28,open
43639.8,129,148,63,84,28,open
43660.3,129,148,63,84,28,open
43679.8,129,149,63,84,28,open
43700.3,129,149,63,84,28,open
43719.7,129,149,63,84,28,open
43740.2,129,149,63,84,28,open
43759.6,129,150,63,84,28,open
43780.1,129,150,63,84,28,open
43800.6,129,150,63,84,28,open
43820.1,129,150,63,84,28,open
43840.5,129,151,63,84,28,open
43860.0,129,151,63,84,28,open
43880.4,129,151,63,84,28,open
43899.9,128,152,63,84,28,open
43920.4,129,152,63,84,28,open
43939.9,129,152,63,84,28,open
43960.4,128,152,63,84,28,open
43979.8,129,152,63,84,28,open
44000.3,128,152,63,84,28,open
44019.7,129,153,63,84,28,open
44040.2,129,153,63,84,28,open
44059.7,129,153,63,84,28,open
44080.2,129,153,63,84,28,open
44100.6,129,153,63,84,28,open
44120.1,129,153,63,84,28,open
44140.5,129,153,63,84,28,open
44160.0,129,154,63,84,28,open
44180.5,129,154,63,84,28,open
44200.0,129,154,63,84,28,open
44220.4,129,155,63,84,28,open
44239.9,129,155,63,84,28,open
44260.4,129,155,63,84,28,open
44279.8,129,155,63,84,28,open
44300.3,129,156,63,84,28,open
44319.8,129,156,63,84,28,open
44340.2,129,156,63,84,28,open
44359.7,128,156,63,84,28,open
44380.2,129,156,63,84,28,open
44399.6,129,156,63,84,28,open
44420.1,129,156,63,84,28,open
44440.6,129,156,63,84,28,open
44460.1,129,156,63,84,28,open
44480.5,129,156,63,84,28,open
44500.0,129,156,63,84,28,open
44520.5,129,156,63,84,28,open
44539.9,128,156,63,84,28,open
44560.4,129,156,63,84,28,open
44579.9,129,156,63,84,28,open
44600.3,128,157,63,84,28,open
44619.8,129,157,63,84,28,open
44640.3,129,157,63,84,28,open
44659.7,129,157,63,84,28,open
44680.2,129,158,63,84,28,open
44699.7,129,158,63,84,28,open
44720.1,129,158,63,84,28,open
44740.6,129,158,63,84,28,open
44760.1,129,159,63,84,28,open
44780.6,128,159,63,84,28,open
44800.0,129,159,63,84,28,open
44820.5,129,159,63,84,28,open
44840.0,129,159,63,84,28,open
44860.4,129,159,63,84,28,open
44879.9,129,159,63,84,28,open
44900.4,129,159,63,84,28,open
44919.8,129,159,63,84,28,open
44940.3,129,159,63,84,28,open
44959.8,129,159,63,84,28,open
44980.2,129,159,63,84,28,open
44999.7,129,159,63,84,28,open
45020.2,129,159,63,84,28,open
45039.6,129,159,63,84,28,open
45060.1,129,159,63,84,28,open
45080.6,129,159,63,84,28,open
45100.0,129,159,63,84,28,open
45120.6,129,159,63,84,28,open
45140.0,128,159,63,84,28,open
45160.5,129,159,63,84,28,open
45179.9,129,159,63,84,28,open
45200.4,129,159,63,84,28,open
45219.8,129,159,63,84,28,open
45240.4,129,159,63,84,28,open
45259.8,129,159,63,84,28,open
45280.3,129,159,63,84,28,open
45299.7,129,159,63,84,28,open
45320.2,129,159,63,84,28,open
45339.7,129,159,63,84,28,open
45360.1,129,159,63,84,28,open
45380.7,128,159,63,84,28,open
45400.1,129,159,63,84,28,open
45420.6,129,159,63,84,28,open
45440.0,129,159,63,84,28,open
45460.5,129,159,63,84,28,open
45479.9,129,159,63,84,28,open
45500.5,129,159,63,84,28,open
45519.9,129,159,63,84,28,open
45540.4,129,159,63,84,28,open
45559.8,129,159,63,84,28,open
45580.3,129,159,63,84,28,open
45599.8,129,159,63,84,28,open
45620.2,129,159,63,84,28,open
45639.7,129,159,63,84,28,open
45660.2,129,159,63,84,28,open
45679.6,129,159,63,84,28,open
45700.1,129,159,63,84,28,open
45720.6,129,159,63,84,28,open
45740.1,128,159,63,84,28,open
45760.5,129,159,63,84,28,open
45780.0,129,159,63,84,28,open
45800.5,129,159,63,84,28,open
45819.9,129,159,63,84,28,open
45840.4,129,159,63,84,28,open
45859.9,129,159,63,84,28,open
45880.4,129,159,63,84,28,open
45899.8,129,160,63,84,28,open
45920.2,129,160,63,84,28,open
45939.7,129,160,63,84,28,open
45960.2,129,161,63,84,28,open
45979.7,129,161,63,84,28,open
46000.2,129,161,63,84,28,open
46020.6,129,162,63,84,28,open
46040.1,129,162,63,84,28,open
46060.6,129,162,63,84,28,open
46080.0,129,162,63,84,28,open
46100.5,129,163,63,84,28,open
46120.0,129,163,63,84,28,open
46140.4,129,163,63,84,28,open
46159.9,129,163,63,84,28,open
46180.4,129,163,63,84,28,open
46199.8,129,163,63,84,28,open
46220.3,129,163,63,84,28,open
46239.8,128,163,63,84,28,open
46260.2,129,163,63,84,28,open
46279.7,128,163,63,84,28,open
46300.2,129,163,63,84,28,open
46319.6,129,163,63,84,28,open
46340.1,129,163,63,84,28,open
46360.6,129,163,63,84,28,open
46380.1,129,163,63,84,28,open
46400.5,129,163,63,84,28,open
46420.0,129,163,63,84,28,open
46440.5,129,163,63,84,28,open
46459.9,129,163,63,84,28,open
46480.4,129,163,63,84,28,open
46499.9,129,163,63,84,28,open
46520.3,129,163,63,84,28,open
46539.8,129,163,63,84,28,open
46560.3,129,163,63,84,28,open
46579.7,129,164,63,84,28,open
46600.2,129,164,63,84,28,open
46619.7,129,165,63,84,28,open
46640.2,129,165,63,84,28,open
46660.6,128,166,63,84,28,open
46680.1,129,166,63,84,28,open
46700.6,129,166,63,84,28,open
46720.0,129,166,63,84,28,open
46740.5,129,166,63,84,28,open
46760.0,129,166,63,84,28,open
46780.4,129,166,63,84,28,open
46799.9,129,166,63,84,28,open
46820.4,129,167,63,84,28,open
46839.8,129,167,63,84,28,open
46860.3,129,167,63,84,28,open
46879.7,129,167,63,84,28,open
46900.2,129,167,63,84,28,open
46919.7,129,167,63,84,28,open
46940.2,129,166,63,84,28,open
46959.6,129,167,63,84,28,open
46980.1,129,167,63,84,28,open
47000.6,129,167,63,84,28,open
47020.0,129,168,63,84,28,open
47040.5,129,167,63,84,28,open
47060.0,129,168,63,84,28,open
47080.5,129,168,63,84,28,open
47099.9,129,168,63,84,28,open
47120.4,129,168,63,84,28,open
47139.8,129,168,63,84,28,open
47160.3,129,168,63,84,28,open
47179.8,129,168,63,84,28,open
47200.3,129,168,63,84,28,open
47219.7,129,168,63,84,28,open
47240.2,129,168,63,84,28,open
47259.6,129,168,63,84,28,open
47280.1,129,168,63,84,28,open
47300.6,129,168,63,84,28,open
47320.1,129,168,63,84,28,open
47340.5,129,168,63,84,28,open
47360.0,129,168,63,84,28,open
47380.5,129,168,63,84,28,open
47399.9,129,168,63,84,28,open
47420.4,129,168,63,84,28,open
47439.9,129,168,63,84,28,open
47460.3,129,168,63,84,28,open
47479.8,129,168,63,84,28,open
47500.3,129,168,63,84,28,open
47519.7,129,168,63,84,28,open
47540.2,129,168,63,84,28,open
47559.7,129,168,63,84,28,open
47580.2,129,168,63,84,28,open
47599.6,129,168,63,84,28,open
47620.1,129,168,63,84,28,open
47640.6,129,168,63,84,28,open
47660.0,129,168,63,84,28,open
47680.5,128,167,63,84,28,open
47700.0,129,168,63,84,28,open
47720.5,129,168,63,84,28,open
47739.9,129,168,63,84,28,open
47760.4,129,168,63,84,28,open
47779.8,129,168,63,84,28,open
47800.3,129,168,63,84,28,open
47819.8,129,168,63,84,28,open
47840.3,129,168,63,84,28,open
47859.7,129,168,63,84,28,open
47880.2,129,168,63,84,28,open
47899.7,129,168,63,84,28,open
47920.1,129,168,63,84,28,open
47940.6,129,168,63,84,28,open
47960.1,129,168,63,84,28,open
47980.6,129,168,63,84,28,open
48000.0,129,168,63,84,28,open
48020.5,129,168,63,84,28,open
48039.9,129,168,63,84,28,open
48060.4,129,168,63,84,28,open
48079.9,128,168,63,84,28,open
48100.4,129,168,63,85,28,open
48119.8,129,168,63,86,28,open
48140.3,129,168,63,86,28,open
48159.8,129,168,63,87,28,open
48180.2,129,168,63,88,28,open
48199.7,129,168,63,89,28,open
48220.2,129,168,63,90,28,open
48239.6,129,168,63,90,28,open
48260.1,129,168,63,91,28,open
48280.6,129,168,63,92,28,open
48300.0,129,168,63,92,28,open
48320.5,129,168,63,93,28,open
48340.0,129,168,63,93,28,open
48360.5,129,168,63,93,28,open
48379.9,129,168,63,94,28,open
48400.4,129,168,63,95,28,open
48419.8,129,168,63,95,28,open
48440.3,129,168,63,96,28,open
48459.8,129,168,63,97,28,open
48480.3,129,168,63,98,28,open
48499.7,129,168,63,99,28,open
48520.2,129,168,63,100,28,open
48539.6,129,168,63,101,28,open
48560.1,129,168,63,102,28,open
48580.6,129,168,63,103,28,open
48600.1,129,168,63,104,28,open
48620.6,129,168,63,104,28,open
48640.0,129,168,63,105,28,open
48660.5,129,168,63,105,28,open
48679.9,129,168,63,105,28,open
48700.4,129,168,63,105,28,open
48719.9,129,168,63,105,28,open
48740.4,129,168,63,105,28,open
48759.8,129,168,63,105,28,open
48780.3,129,168,63,105,28,open
48799.8,129,168,63,105,28,open
48820.2,129,167,63,105,28,open
48839.7,129,168,63,105,28,open
48860.2,128,168,63,105,28,open
48879.6,129,168,63,105,28,open
48900.1,129,168,63,105,28,open
48920.6,129,168,63,106,28,open
48940.0,129,168,63,107,28,open
48960.5,128,167,63,109,28,open
48980.0,129,168,63,110,28,open
49000.5,128,168,63,112,28,open
49019.9,129,168,63,113,28,open
49040.4,129,168,63,115,28,open
49059.8,129,168,63,117,28,open
49080.3,129,168,63,120,28,open
49099.8,129,168,63,122,28,open
49120.3,129,168,63,124,28,open
49139.7,129,168,63,127,28,open
49160.2,129,168,63,129,28,open
49179.6,129,168,63,131,28,open
49200.1,129,168,63,133,28,open
49220.6,129,168,63,134,28,open
49240.1,129,168,63,135,28,open
49260.6,129,168,63,136,28,open
49280.0,129,168,63,136,28,open
49300.5,129,168,63,135,28,open
49319.9,129,168,63,135,28,open
49340.4,129,168,63,136,28,open
49359.9,129,168,63,136,28,open
49380.3,129,168,63,135,28,open
49399.8,129,168,63,136,28,open
49420.3,129,168,63,135,28,open
49439.8,128,168,63,136,28,open
49460.2,129,168,63,136,28,open
49479.7,129,168,63,136,28,open
49500.1,128,168,63,137,28,open
49519.6,129,168,63,138,28,open
49540.1,129,168,63,140,28,open
49560.6,129,168,63,141,28,open
49580.0,129,168,63,141,28,open
49600.5,129,168,63,142,28,open
49620.0,129,168,63,143,28,open
49640.5,129,168,63,144,28,open
49659.9,129,168,63,145,28,open
49680.4,128,168,63,146,28,open
49699.8,129,168,63,146,28,open
49720.3,129,168,63,147,28,open
49739.8,129,168,63,147,28,open
49760.2,129,168,63,148,28,open
49779.7,129,168,63,148,28,open
49800.2,129,168,63,149,28,open
49819.6,129,168,63,149,28,open
49840.1,129,168,63,150,28,open
49860.6,129,168,63,150,28,open
49880.1,129,168,63,150,28,open
49900.6,129,168,63,151,28,open
49920.0,129,168,63,151,28,open
49940.5,129,168,63,152,28,open
49959.9,129,168,63,152,28,open
49980.4,129,168,63,153,28,open
49999.9,129,168,63,153,28,open
50020.3,129,168,63,153,28,open
50039.8,129,168,63,153,28,open
50060.3,129,168,63,153,28,open
50079.8,128,168,63,153,28,open
50100.2,129,168,63,154,28,open
50119.7,129,168,63,154,28,open
50140.2,129,168,63,155,28,open
50159.6,129,168,63,155,28,open
50180.1,129,168,63,155,28,open
50200.6,129,168,63,155,28,open
50220.0,129,168,63,155,28,open
50240.5,129,168,63,155,28,open
50260.0,129,168,63,155,28,open
50280.4,129,168,63,155,28,open
50299.9,129,168,63,155,28,open
50320.4,128,168,63,155,28,open
50339.8,129,168,63,155,28,open
50360.3,129,168,63,155,28,open
50379.8,129,168,63,155,28,open
50400.2,129,168,63,155,28,open
50419.7,129,168,63,155,28,open
50440.2,129,168,63,155,28,open
50459.7,129,168,63,156,28,open
50480.1,129,168,63,155,28,open
50500.6,129,168,63,155,28,open
50520.1,129,168,63,155,28,open
50540.5,129,168,63,155,28,open
50560.0,129,168,63,155,28,open
50580.5,129,168,63,155,28,open
50599.9,129,168,63,155,28,open
50620.4,129,168,63,155,28,open
50639.9,129,168,63,155,28,open
50660.4,129,168,63,155,28,open
50679.8,129,168,63,155,28,open
50700.3,129,168,63,155,28,open
50719.8,128,168,63,155,28,open
50740.2,129,168,63,155,28,open
50759.7,129,168,63,155,28,open
50780.2,129,168,63,155,28,open
50799.6,129,168,63,155,28,open
50820.1,129,168,63,155,28,open
50840.6,129,168,63,155,28,open
50860.0,129,168,63,155,28,open
50880.5,128,168,63,155,28,open
50900.0,129,168,63,155,28,open
50920.5,129,168,63,155,28,open
50939.9,129,168,63,155,28,open
50960.4,129,168,63,155,28,open
50979.9,129,168,63,155,28,open
51000.3,129,168,63,155,28,open
51019.8,129,168,63,155,28,open
51040.3,129,168,63,155,28,open
51059.7,129,168,63,155,28,open
51080.2,129,168,63,155,28,open
51099.7,129,168,63,155,28,open
51120.1,129,168,63,155,28,open
51140.6,129,168,63,155,28,open
51160.1,129,168,63,155,28,open
51180.5,129,168,63,155,28,open
51200.0,129,168,63,155,28,open
51220.5,128,168,63,155,28,open
51239.9,128,168,63,155,28,open
51260.4,128,168,63,155,28,open
51279.9,127,168,63,155,28,open
51300.4,127,168,63,155,28,open
51319.8,127,168,63,155,28,open
51340.3,126,168,63,155,28,open
51359.8,125,168,63,155,28,open
51380.2,125,168,63,155,28,open
51399.7,125,168,63,155,28,open
51420.2,124,168,63,155,28,open
51439.6,124,168,63,155,28,open
51460.1,124,168,63,155,28,open
51480.6,124,168,63,155,28,open
51500.0,124,168,63,155,28,open
51520.5,124,168,63,155,28,open
51540.0,124,168,63,155,28,open
51560.5,123,168,63,155,28,open
51579.9,123,168,63,155,28,open
51600.4,123,168,63,155,28,open
51619.9,123,168,63,155,28,open
51640.3,123,168,63,155,28,open
51659.8,123,168,63,155,28,open
51680.3,123,168,63,155,28,open
51699.7,123,168,63,155,28,open
51720.2,123,168,63,155,28,open
51739.7,123,168,63,155,28,open
51760.1,123,168,63,155,28,open
51780.6,123,168,63,155,28,open
51800.1,123,168,63,155,28,open
51820.6,123,168,63,155,28,open
51840.0,123,168,63,155,28,open
51860.5,123,168,63,155,28,open
51880.0,123,168,63,155,28,open
51900.4,123,168,63,155,28,open
51919.9,123,168,63,155,28,open
51940.4,123,168,63,155,28,open
51959.8,123,168,63,155,28,open
51980.3,123,168,63,155,28,open
51999.8,123,168,63,155,28,open
52020.2,123,167,63,155,28,open
52039.7,123,168,63,155,28,open
52060.2,123,168,63,155,28,open
52079.6,123,168,63,155,28,open
52100.1,123,168,63,155,28,open
52120.6,123,168,63,155,28,open
52140.0,123,168,63,155,28,open
52160.5,123,168,63,155,28,open
52180.0,123,168,63,155,28,open
52200.5,123,168,63,155,28,open
52219.9,123,167,63,155,28,open
52240.4,123,167,63,155,28,open
52259.8,123,167,63,155,28,open
52280.3,123,167,63,155,28,open
52299.8,123,167,63,155,28,open
52320.3,123,166,63,155,28,open
52339.7,123,166,63,155,28,open
52360.2,123,166,63,155,28,open
52379.7,123,166,63,155,28,open
52400.1,123,165,63,155,28,open
52420.6,123,165,63,155,28,open
52440.1,123,164,63,155,28,open
52460.6,123,164,63,155,28,open
52480.0,123,164,63,155,28,open
52500.5,123,164,63,155,28,open
52520.0,123,163,63,155,28,open
52540.4,123,163,63,155,28,open
52559.9,123,163,63,155,28,open
52580.4,123,163,63,155,28,open
52599.8,123,163,63,155,28,open
52620.3,123,163,63,155,28,open
52639.8,123,163,63,155,28,open
52660.2,123,163,63,155,28,open
52679.7,123,163,63,155,28,open
52700.2,123,163,63,155,28,open
52719.6,123,162,63,155,28,open
52740.1,123,162,63,155,28,open
52760.6,123,162,63,155,28,open
52780.1,123,162,63,155,28,open
52800.5,123,162,63,155,28,open
52820.0,123,162,63,155,28,open
52840.5,123,162,63,155,28,open
52859.9,123,162,63,155,28,open
52880.4,123,162,63,155,28,open
52899.9,123,162,63,155,28,open
52920.3,123,162,63,155,28,open
52939.8,123,161,63,155,28,open
52960.3,123,161,63,155,28,open
52979.8,123,161,63,155,28,open
53000.2,123,161,63,155,28,open
53019.7,123,161,63,155,28,open
53040.2,123,161,63,155,28,open
53060.6,123,161,63,155,28,open
53080.1,123,160,63,155,28,open
53100.6,123,160,63,155,28,open
53120.0,123,160,63,155,28,open
53140.5,123,160,63,155,28,open
53160.0,123,159,63,155,28,open
53180.4,123,159,63,155,28,open
53199.9,123,159,63,155,28,open
53220.4,123,159,63,155,28,open
53239.8,123,159,63,155,28,open
53260.3,123,159,63,155,28,open
53279.8,123,159,63,155,28,open
53300.2,123,159,63,155,28,open
53319.7,123,159,63,155,28,open
53340.2,123,159,63,155,28,open
53359.7,123,159,63,155,28,open
53380.1,123,159,63,155,28,open
53400.6,123,159,63,155,28,open
53420.1,123,159,63,155,28,open
53440.5,123,159,63,155,28,open
53460.0,123,159,63,155,28,open
53480.5,123,159,63,155,28,open
53499.9,123,159,63,155,28,open
53520.4,123,159,63,155,28,open
53539.9,123,159,63,155,28,open
53560.3,123,159,63,155,28,open
53579.8,123,158,63,155,28,open
53600.3,123,158,63,155,28,open
53619.7,123,158,63,155,28,open
53640.2,123,158,63,155,28,open
53659.7,123,158,63,155,28,open
53680.2,123,158,63,155,28,open
53700.6,123,157,63,155,28,open
53720.1,123,157,63,155,28,open
53740.6,123,157,63,155,28,open
53760.0,123,157,63,155,28,open
53780.5,123,157,63,155,28,open
53800.0,123,157,63,155,28,open
53820.4,123,157,63,155,28,open
53839.9,123,156,63,155,28,open
53860.4,123,156,63,155,28,open
53879.8,123,156,63,155,28,open
53900.3,123,156,63,155,28,open
53919.8,123,156,63,155,28,open
53940.2,123,155,63,155,28,open
53959.7,123,155,63,155,28,open
53980.2,123,155,63,155,28,open
53999.6,123,154,63,155,28,open
54020.1,123,154,63,155,28,open
54040.6,123,153,63,155,28,open
54060.1,123,153,63,155,28,open
54080.5,123,153,63,155,28,open
54100.0,123,152,63,155,28,open
54120.5,123,152,63,155,28,open
54139.9,123,152,63,155,28,open
54160.4,123,152,63,155,28,open
54179.9,123,151,63,155,28,open
54200.3,123,151,63,155,28,open
54219.8,123,151,63,155,28,open
54240.3,123,150,63,155,28,open
54259.7,123,150,63,155,28,open
54280.2,123,150,63,155,28,open
54299.7,123,149,63,155,28,open
54320.1,123,149,63,155,28,open
54340.6,123,149,63,155,28,open
54360.1,123,149,63,155,28,open
54380.6,123,148,63,155,28,open
54400.0,123,148,63,155,28,open
54420.5,123,147,63,155,28,open
54439.9,123,146,63,155,28,open
54460.4,123,146,63,155,28,open
54479.9,123,145,63,155,28,open
54500.4,123,145,63,155,28,open
54519.8,123,144,63,155,28,open
54540.3,123,144,63,155,28,open
54559.8,123,143,63,155,28,open
54580.2,123,142,63,155,28,open
54599.7,123,141,63,155,28,open
54620.2,123,141,63,155,28,open
54639.6,123,140,63,155,28,open
54660.1,123,139,63,155,28,open
54680.6,123,139,63,155,28,open
54700.1,123,138,63,156,28,open
54720.5,123,138,63,155,28,open
54740.0,123,137,63,155,28,open
54760.4,123,137,63,155,28,open
54779.9,123,137,63,155,28,open
54800.4,123,136,63,156,28,open
54819.9,123,136,63,155,28,open
54840.3,123,136,63,155,28,open
54859.8,123,135,63,155,28,open
54880.3,123,135,63,155,28,open
54899.8,123,134,63,155,28,open
54920.2,123,134,63,155,28,open
54939.7,123,133,63,155,28,open
54960.2,123,133,63,155,28,open
54980.6,123,133,63,155,28,open
55000.1,123,132,63,155,28,open
55020.5,123,132,63,155,28,open
55040.0,123,132,63,155,28,open
55060.5,123,131,63,155,28,open
55080.0,123,131,63,155,28,open
55100.4,123,130,63,155,28,open
55119.9,123,130,63,155,28,open
55140.4,123,129,63,155,28,open
55159.8,123,129,63,155,28,open
55180.3,123,128,63,155,28,open
55199.8,123,128,63,155,28,open
55220.2,123,127,63,155,28,open
55239.7,123,127,63,155,28,open
55260.2,123,126,63,155,28,open
55279.6,123,125,63,155,28,open
55300.1,123,125,63,155,28,open
55320.6,123,125,63,155,28,open
55340.1,123,124,63,155,28,open
55360.5,123,124,63,155,28,open
55380.0,123,123,63,155,28,open
55400.5,123,123,63,155,28,open
55419.9,123,122,63,155,28,open
55440.4,123,122,63,155,28,open
55459.9,123,122,63,155,28,open
55480.3,123,121,63,155,28,open
55499.8,123,121,63,155,28,open
55520.3,123,121,63,155,28,open
55539.7,123,120,63,155,28,open
55560.2,123,120,63,155,28,open
55579.7,123,119,63,155,28,open
55600.1,123,119,63,155,28,open
55620.6,123,118,63,155,28,open
55640.1,123,118,63,155,28,open
55660.6,123,118,63,155,28,open
55680.0,123,117,63,155,28,open
55700.5,123,117,63,155,28,open
55719.9,123,117,63,155,28,open
55740.5,123,117,63,155,28,open
55759.9,123,116,63,155,28,open
55780.4,123,115,63,155,28,open
55799.8,123,115,63,155,28,open
55820.3,123,115,63,155,28,open
55839.8,123,114,63,155,28,open
55860.3,123,114,63,155,28,open
55879.7,123,114,63,155,28,open
55900.2,123,113,63,155,28,open
55919.7,123,113,63,155,28,open
55940.1,123,113,63,155,28,open
55960.6,123,112,63,155,28,open
55980.0,123,112,63,155,28,open
56000.5,123,111,63,155,28,open
56020.0,123,111,63,155,28,open
56040.5,123,111,63,156,28,open
56059.9,123,110,63,155,28,open
56080.4,123,110,63,155,28,open
56099.9,123,110,63,155,28,open
56120.4,123,110,63,155,28,open
56139.8,123,110,63,155,28,open
56160.3,123,110,63,155,28,open
56179.8,123,110,63,155,28,open
56200.2,123,110,63,155,28,open
56219.7,123,110,63,155,28,open
56240.2,123,110,63,155,28,open
56260.6,123,110,63,155,28,open
56280.1,123,110,63,155,28,open
56300.6,123,110,63,155,28,open
56320.0,123,110,63,155,28,open
56340.5,123,110,63,155,28,open
56360.0,123,110,63,155,28,open
56380.4,123,110,63,155,28,open
56399.9,123,110,63,155,28,open
56420.4,123,110,63,155,28,open
56439.8,123,110,63,155,28,open
56460.3,123,110,63,155,28,open
56479.8,123,110,63,155,28,open
56500.3,123,110,63,155,28,open
56519.7,123,110,63,155,28,open
56540.2,123,110,63,155,28,open
56559.7,124,110,63,155,28,open
56580.1,123,110,63,155,28,open
56600.6,123,110,63,155,28,open
56620.1,123,110,63,155,28,open
56640.5,123,110,63,155,28,open
56660.0,123,110,63,155,28,open
56680.5,124,110,63,155,28,open
56699.9,123,110,63,155,28,open
56720.4,123,110,63,156,28,open
56739.9,123,110,63,155,28,open
56760.3,123,110,63,155,28,open
56779.8,123,110,63,155,28,open
56800.3,123,110,63,155,28,open
56819.7,123,110,62,155,28,open
56840.2,123,110,62,155,28,open
56859.7,123,110,62,155,28,open
56880.2,123,110,62,155,28,open
56900.6,123,110,61,155,28,open
56920.1,123,110,61,155,28,open
56940.6,123,110,61,155,28,open
56960.0,123,110,60,155,28,open
56980.5,123,110,60,155,28,open
57000.0,123,110,60,155,28,open
57020.4,123,110,59,155,28,open
57039.9,123,110,59,155,28,open
57060.4,123,110,58,155,28,open
57079.8,123,110,58,155,28,open
57100.3,123,110,58,155,28,open
57119.8,123,110,57,155,28,open
57140.2,123,110,57,155,28,open
57159.7,123,110,57,155,28,open
57180.2,123,110,57,155,28,open
57199.6,123,110,57,155,28,open
57220.1,123,110,57,155,28,open
57240.6,123,110,57,155,28,open
57260.1,123,110,57,155,28,open
57280.6,123,110,57,155,28,open
57300.0,123,110,57,155,28,open
57320.5,123,110,57,155,28,open
57339.9,123,110,57,155,28,open
57360.4,123,110,57,155,28,open
57379.9,123,110,57,155,28,open
57400.4,123,110,57,155,28,open
57419.8,123,110,57,155,28,open
57440.3,123,110,57,155,28,open
57459.8,123,110,57,155,28,open
57480.2,123,110,57,155,28,open
57499.7,123,110,57,155,28,open
57520.2,123,110,57,155,28,open
57540.6,123,110,57,155,28,open
57560.1,123,110,57,155,28,open
57580.6,123,110,58,155,28,open
57600.0,123,110,59,155,28,open
57620.5,123,110,59,155,28,open
57640.0,123,110,61,155,28,open
57660.4,123,110,62,155,28,open
57679.9,123,110,62,155,28,open
57700.4,123,110,64,155,28,open
57719.8,123,110,65,155,28,open
57740.3,123,110,65,155,28,open
57759.8,123,110,66,155,28,open
57780.3,123,110,67,155,28,open
57799.7,123,110,68,155,28,open
57820.2,123,110,69,155,28,open
57839.6,123,110,69,155,28,open
57860.1,123,110,70,155,28,open
57880.6,123,110,71,155,28,open
57900.1,123,110,71,155,28,open
57920.5,123,110,71,155,28,open
57940.0,123,110,72,155,28,open
57960.5,123,110,73,155,28,open
57979.9,123,110,73,155,28,open
58000.4,123,110,73,155,28,open
58019.9,123,110,73,155,28,open
58040.3,123,110,73,155,28,open
58059.8,123,110,73,155,28,open
58080.3,123,110,73,155,28,open
58099.7,123,110,73,155,28,open
58120.2,123,110,73,155,28,open
58139.7,123,110,73,155,28,open
58160.2,124,110,73,155,28,open
58180.6,123,110,73,155,28,open
58200.1,123,110,73,155,28,open
58220.6,123,110,73,155,28,open
58240.0,123,110,73,155,28,open
58260.5,123,110,73,155,28,open
58280.0,123,110,73,155,28,open
58300.4,123,110,73,155,28,open
58319.9,123,110,73,155,28,open
58340.4,123,110,73,156,28,open
58359.8,123,110,73,155,28,open
58380.3,123,110,73,155,28,open
58399.8,123,110,73,155,28,open
58420.2,123,110,73,155,28,open
58439.7,123,110,73,155,28,open
58460.2,123,110,73,155,28,open
58479.6,123,110,73,155,28,open
58500.1,123,110,73,155,28,open
58520.6,122,110,73,155,28,open
58540.1,122,110,73,155,28,open
58560.6,121,110,73,155,28,open
58580.0,120,110,73,155,28,open
58600.5,120,110,73,155,28,open
58619.9,120,110,73,155,28,open
58640.4,119,110,73,155,28,open
58659.8,118,110,73,155,28,open
58680.4,118,110,73,155,28,open
58699.8,118,110,73,155,28,open
58720.2,118,110,73,155,28,open
58739.7,117,110,73,155,28,open
58760.2,117,110,73,155,28,open
58779.7,117,110,73,155,28,open
58800.2,116,110,73,155,28,open
58820.6,116,110,73,155,28,open
58840.1,115,110,73,155,28,open
58860.6,115,110,73,155,28,open
58880.0,115,110,73,155,28,open
58900.5,114,110,73,155,28,open
58920.0,113,110,73,155,28,open
58940.4,112,110,73,155,28,open
58959.9,112,110,73,155,28,open
58980.4,111,110,73,155,28,open
58999.8,111,110,73,155,28,open
59020.3,110,110,73,155,28,open
59039.8,109,110,73,155,28,open
59060.2,109,110,73,155,28,open
59079.7,109,110,73,155,28,open
59100.2,108,110,73,155,28,open
59119.6,108,110,73,155,28,open
59140.1,107,110,73,155,28,open
59160.6,106,110,73,155,28,open
59180.1,105,110,73,155,28,open
59200.6,105,110,73,155,28,open
59220.0,104,110,73,155,28,open
59240.5,103,110,73,155,28,open
59260.0,103,110,73,155,28,open
59280.4,102,110,73,155,28,open
59299.9,102,110,73,155,28,open
59320.3,101,110,73,155,28,open
59339.8,100,110,73,155,28,open
59360.3,99,110,73,155,28,open
59379.7,99,110,73,155,28,open
59400.2,98,110,73,155,28,open
59419.7,97,110,73,155,28,open
59440.1,97,110,73,155,28,open
59460.6,96,110,73,155,28,open
59480.1,95,110,73,155,28,open
59500.6,95,110,73,155,28,open
59520.0,94,110,73,155,28,open
59540.5,93,110,73,155,28,open
59560.0,93,110,73,155,28,open
59580.4,92,110,73,155,28,open
59599.9,91,110,73,155,28,open
59620.4,91,110,73,155,28,open
59639.8,90,110,73,155,28,open
59660.3,89,110,73,155,28,open
59679.8,88,110,73,155,28,open
59700.3,88,110,73,155,28,open
59719.7,87,110,73,155,28,open
59740.2,87,110,73,156,28,open
59759.6,87,110,73,155,28,open
59780.1,87,110,73,155,28,open
59800.6,87,110,73,155,28,open
59820.0,87,110,73,155,28,open
59840.5,87,110,73,155,28,open
59860.0,87,110,73,155,28,open
59880.5,87,110,73,155,28,open
59899.9,87,110,73,155,28,open
59920.4,87,110,73,155,28,open
59939.9,87,110,73,155,28,open
59960.3,87,110,73,155,28,open
59979.8,87,110,73,155,28,open
60000.3,87,110,73,155,28,open
60019.7,87,110,73,155,28,open
60040.2,87,110,73,155,28,open
60059.7,86,110,73,155,28,open
60080.2,85,110,73,155,28,open
60100.6,84,110,73,155,28,open
60120.1,83,110,73,155,28,open
60140.6,81,110,73,155,28,open
60160.0,81,110,73,155,28,open
60180.5,79,110,73,155,28,open
60200.0,78,110,73,155,28,open
60220.4,77,110,73,155,28,open
60239.9,76,110,73,155,28,open
60260.4,75,110,73,155,28,open
60279.8,74,110,73,155,28,open
60300.3,74,110,73,155,28,open
60319.8,73,110,73,155,28,open
60340.3,72,110,73,155,28,open
60359.7,71,110,73,155,28,open
60380.2,70,110,73,155,28,open
60399.6,69,110,73,155,28,open
60420.1,68,110,73,155,28,open
60440.6,67,110,73,155,28,open
60460.0,66,110,73,155,28,open
60480.5,65,110,73,155,28,open
60500.0,64,110,73,155,28,open
60520.5,63,110,73,155,28,open
60539.9,63,110,73,155,28,open
60560.4,62,110,73,155,28,open
60579.9,61,110,73,155,28,open
60600.4,61,110,73,155,28,open
60619.8,61,110,73,155,28,open
60640.3,61,110,73,155,28,open
60659.8,61,110,73,155,28,open
60680.2,61,110,73,155,28,open
60699.7,61,110,73,155,28,open
60720.2,61,110,73,155,28,open
60740.6,60,110,73,155,28,open
60760.1,60,110,73,155,28,open
60780.6,60,110,73,155,28,open
60800.0,59,110,73,155,28,open
60820.5,59,110,73,155,28,open
60840.0,58,110,73,155,28,open
60860.4,58,110,73,155,28,open
60879.9,57,110,73,155,28,open
60900.4,57,110,73,155,28,open
60919.8,56,110,73,155,28,open
60940.3,56,110,73,155,28,open
60959.8,56,110,73,155,28,open
60980.2,55,110,73,155,28,open
60999.7,55,110,73,155,28,open
61020.2,55,110,73,155,28,open
61039.6,55,110,73,155,28,open
61060.1,55,110,73,155,28,open
61080.6,55,110,73,155,28,open
61100.0,55,110,73,155,28,open
61120.6,55,110,73,155,28,open
61140.0,55,110,73,155,28,open
61160.5,55,110,73,155,28,open
61179.9,55,110,73,155,28,open
61200.4,55,110,73,155,28,open
61219.9,55,110,73,155,28,open
61240.4,55,110,73,155,28,open
61259.8,55,110,73,155,28,open
61280.3,55,110,73,155,28,open
61299.8,55,110,73,155,28,open
61320.2,55,110,73,155,28,open
61339.7,55,110,73,155,28,open
61360.2,55,110,73,155,28,open
61380.6,55,110,73,155,28,open
61400.1,55,110,73,155,28,open
61420.6,55,110,73,155,28,open
61440.0,55,110,73,155,28,open
61460.5,55,110,73,155,28,open
61480.0,55,110,73,155,28,open
61500.4,55,110,73,155,28,open
61519.9,55,110,73,155,28,open
61540.4,55,110,73,155,28,open
61559.9,55,110,73,155,28,open
61580.3,55,110,73,155,28,open
61599.8,55,110,73,155,28,open
61620.3,55,110,73,155,28,open
61639.7,55,110,73,155,28,open
61660.2,55,110,73,155,28,open
61679.6,55,110,73,155,28,open
61700.1,55,110,73,155,28,open
61720.6,55,110,73,155,28,open
61740.1,55,110,73,156,28,open
61760.5,55,110,73,155,28,open
61780.0,55,110,73,155,28,open
61800.5,55,110,73,155,28,open
61819.9,55,110,73,155,28,open
61840.4,55,110,73,155,28,open
61859.9,55,110,73,155,28,open
61880.3,55,110,73,153,28,open
61899.8,55,110,73,152,28,open
61920.3,55,110,73,150,28,open
61939.7,55,110,73,149,28,open
61960.2,55,110,73,147,28,open
61979.6,55,110,73,145,28,open
62000.2,55,110,73,143,28,open
62020.6,55,110,73,142,28,open
62040.1,55,110,73,140,28,open
62060.6,55,110,73,139,28,open
62080.0,55,110,73,137,28,open
62100.5,55,110,73,136,28,open
62120.0,55,110,73,134,28,open
62140.4,55,110,73,132,28,open
62159.9,55,110,73,131,28,open
62180.4,55,110,73,129,28,open
62199.8,55,110,73,127,28,open
62220.3,55,110,73,126,28,open
62239.8,55,110,73,125,28,open
62260.2,55,110,73,124,28,open
62279.7,55,110,73,123,28,open
62300.2,55,110,73,122,28,open
62319.6,55,110,73,122,28,open
62340.1,55,110,73,122,28,open
62360.6,55,110,73,122,28,open
62380.1,55,110,73,122,28,open
62400.5,55,110,73,122,28,open
62420.0,55,110,73,122,28,open
62440.5,55,110,73,122,28,open
62460.0,55,110,73,122,28,open
62480.4,55,110,73,122,28,open
62499.9,55,110,73,122,28,open
62520.3,55,110,73,122,28,open
62539.8,55,110,73,122,28,open
62560.3,55,110,73,121,28,open
62579.7,55,110,73,121,28,open
62600.2,55,110,73,120,28,open
62619.6,55,110,73,118,28,open
62640.2,55,110,73,117,28,open
62660.6,55,110,73,115,28,open
62680.1,55,110,73,114,28,open
62700.6,55,110,73,113,28,open
62720.0,55,110,73,112,28,open
62740.5,55,110,73,111,28,open
62760.0,55,110,73,110,28,open
62780.4,55,110,73,109,28,open
62799.9,55,110,73,108,28,open
62820.4,55,110,73,106,28,open
62839.8,55,110,73,105,28,open
62860.3,55,110,73,103,28,open
62879.8,55,110,73,103,28,open
62900.2,55,110,73,102,28,open
62919.7,55,110,73,102,28,open
62940.2,55,110,73,101,28,open
62959.6,55,110,73,101,28,open
62980.1,55,110,73,101,28,open
63000.6,55,110,73,101,28,open
63020.1,55,110,73,102,28,open
63040.5,55,110,73,102,28,open
63060.0,55,110,73,102,28,open
63080.5,55,110,73,101,28,open
63099.9,55,110,73,101,28,open
63120.4,55,110,73,101,28,open
63139.8,55,110,73,101,28,open
63160.3,55,110,73,102,28,open
63179.8,55,110,73,101,28,open
63200.2,55,110,73,101,28,open
63219.7,55,110,73,102,28,open
63240.2,55,110,73,101,28,open
63259.7,55,110,73,101,28,open
63280.2,55,110,73,101,28,open
63300.6,55,110,73,101,28,open
63320.1,55,110,73,101,28,open
63340.6,55,110,73,102,28,open
63360.0,55,110,73,101,28,open
63380.5,55,110,73,101,28,open
63399.9,55,110,73,101,28,open
63420.4,55,110,73,102,28,open
63439.9,55,110,73,101,28,open
63460.4,55,110,73,101,28,open
63479.8,55,110,73,101,28,open
63500.3,55,110,73,101,28,open
63519.8,55,110,73,102,28,open
63540.2,55,110,73,101,28,open
63559.7,55,110,73,101,28,open
63580.2,55,110,73,102,28,open
63599.6,55,110,73,102,28,open
63620.1,55,110,73,101,28,open
63640.6,55,110,73,101,28,open
63660.0,55,110,73,102,28,open
63680.5,55,110,73,101,28,open
63700.0,55,110,73,102,28,open
63720.5,55,110,73,102,28,open
63739.9,55,110,73,101,28,open
63760.4,55,110,73,102,28,open
63779.9,55,110,73,102,28,open
63800.3,55,110,73,102,28,open
63819.8,55,110,73,101,28,open
63840.3,55,110,73,102,28,open
63859.7,55,110,73,101,28,open
63880.2,55,110,73,101,28,open
63899.7,55,110,73,101,28,open
63920.2,55,110,73,102,28,open
63940.6,55,110,73,102,28,open
63960.1,55,110,73,101,28,open
63980.6,55,110,73,102,28,open
64000.0,55,110,73,102,28,open
64020.5,55,110,73,102,28,open
64040.0,55,110,73,102,28,open
64060.5,55,110,73,101,28,open
64079.9,55,110,73,102,28,open
64100.4,55,110,73,102,28,open
64119.8,55,110,73,102,28,open
64140.3,55,110,73,102,28,open
64159.8,55,110,73,102,28,open
64180.3,55,110,73,102,28,open
64199.7,55,110,73,101,28,open
64220.2,55,110,73,102,28,open
64239.6,55,110,73,102,28,open
64260.1,55,110,73,102,28,open
64280.6,55,110,73,102,28,open
64300.0,55,110,73,101,28,open
64320.5,55,110,73,102,28,open
64340.0,55,110,73,102,28,open
64360.4,55,110,73,101,28,open
64379.9,55,110,73,102,28,open
64400.4,55,110,73,102,28,open
64419.9,55,110,73,102,28,open
64440.4,55,110,73,102,28,open
64459.8,55,110,73,101,28,open
64480.3,55,110,73,102,28,open
64499.7,55,110,73,102,28,open
64520.2,55,110,73,101,28,open
64539.7,55,110,73,102,28,open
64560.1,55,110,73,102,28,open
64580.6,55,110,73,101,28,open
64600.1,55,110,73,102,28,open
64620.6,55,110,73,102,28,open
64640.0,55,110,73,102,28,open
64660.5,55,110,73,102,28,open
64680.0,55,110,73,102,28,open
64700.4,55,110,73,102,28,open
64719.9,55,110,73,102,28,open
64740.4,55,110,73,102,28,open
64759.8,55,110,73,102,28,open
64780.3,55,110,73,101,28,open
64799.7,55,110,73,101,28,open
64820.2,55,110,73,102,28,open
64839.7,55,110,73,102,28,open
64860.2,55,110,73,101,28,open
64879.6,55,110,73,102,28,open
64900.1,55,110,73,101,28,open
64920.6,55,110,73,101,28,open
64940.0,55,110,73,102,28,open
64960.5,55,110,73,102,28,open
64980.0,55,110,73,101,28,open
65000.5,55,110,73,102,28,open
65019.9,55,110,73,101,28,open
65040.4,55,110,73,102,28,open
65059.8,55,110,73,101,28,open
65080.3,55,110,73,101,28,open
65099.8,55,110,73,102,28,open
65120.3,55,110,73,102,28,open
65139.7,55,110,73,102,28,open
65160.2,55,110,73,101,28,open
65179.7,55,110,73,102,28,open
65200.2,55,110,73,102,28,open
65220.6,55,110,73,102,28,open
65240.1,55,110,73,101,28,open
65260.6,55,110,73,101,28,open
65280.0,55,110,73,101,28,open
65300.5,55,110,73,102,28,open
65320.0,55,110,73,102,28,open
65340.4,55,110,73,102,28,open
65359.9,55,110,73,101,28,open
65380.4,55,110,73,101,28,open
65399.8,55,110,73,101,28,open
65420.3,55,110,73,102,28,open
65439.8,55,110,73,102,28,open
65460.2,55,110,73,101,28,open
65479.7,55,110,73,102,28,open
65500.2,55,110,73,101,28,open
65519.6,55,110,73,102,28,open
65540.1,55,110,73,102,28,open
65560.6,55,110,73,102,28,open
65580.0,55,110,73,102,28,open
65600.5,55,110,73,101,28,open
65620.0,55,110,73,101,28,open
65640.5,55,110,73,101,28,open
65659.9,55,110,73,102,28,open
65680.4,55,110,73,102,28,open
65699.9,55,110,73,102,28,open
65720.3,55,110,73,101,28,open
65739.8,55,110,73,101,28,open
65760.3,55,110,73,101,28,open
65779.7,55,110,73,102,28,open
65800.2,55,110,73,101,28,open
65819.7,55,110,73,101,28,open
65840.1,55,110,73,101,28,open
65860.6,55,110,73,101,28,open
65880.1,55,110,73,101,28,open
65900.6,55,110,73,102,28,open
65920.0,55,110,73,101,28,open
65940.5,55,110,73,101,28,open
65960.0,55,110,73,102,28,open
65980.4,55,110,73,102,28,open
65999.9,55,110,73,102,28,open
66020.4,55,110,73,101,28,open
66039.8,55,110,73,101,28,open
66060.3,55,110,73,101,28,open
66079.8,55,110,73,102,28,open
66100.2,55,110,73,102,28,open
66119.7,55,110,73,101,28,open
66140.2,55,110,73,101,28,open
66159.6,55,110,73,101,28,open
66180.1,55,110,73,101,28,open
66200.6,55,110,73,101,28,open
66220.0,55,110,73,101,28,open
66240.5,55,110,73,101,28,open
66260.0,55,110,73,102,28,open
