host_timestamp,device_t_us,trial_id,object_id,scenario_id,condition_label,base_deg,shoulder_deg,elbow_deg,gripper_deg,unused_deg,grip_state,notes
2026-08-04T09:19:21.960,117300244,T0004,OBJ-F,SC-01,normal,63,117,67,112,28,opening,
2026-08-04T09:19:21.980,117320720,T0004,OBJ-F,SC-01,normal,63,117,67,112,28,holding,
2026-08-04T09:19:22.000,117340172,T0004,OBJ-F,SC-01,normal,63,117,67,112,28,holding,
2026-08-04T09:19:22.020,117360664,T0004,OBJ-F,SC-01,normal,63,117,67,112,28,holding,
2026-08-04T09:19:22.040,117380116,T0004,OBJ-F,SC-01,normal,63,117,67,112,28,holding,
2026-08-04T09:19:22.060,117400592,T0004,OBJ-F,SC-01,normal,63,117,67,112,28,holding,
2026-08-04T09:19:22.080,117420044,T0004,OBJ-F,SC-01,normal,63,117,67,112,28,holding,
2026-08-04T09:19:22.100,117440536,T0004,OBJ-F,SC-01,normal,63,117,67,112,28,holding,
2026-08-04T09:19:22.120,117461012,T0004,OBJ-F,SC-01,normal,63,117,67,112,28,holding,
2026-08-04T09:19:22.140,117480464,T0004,OBJ-F,SC-01,normal,63,117,67,112,28,holding,
2026-08-04T09:19:22.160,117500956,T0004,OBJ-F,SC-01,normal,63,117,67,112,28,holding,
2026-08-04T09:19:22.180,117520412,T0004,OBJ-F,SC-01,normal,63,117,67,112,28,holding,
2026-08-04T09:19:22.200,117540884,T0004,OBJ-F,SC-01,normal,63,117,67,112,28,holding,
2026-08-04T09:19:22.221,117560340,T0004,OBJ-F,SC-01,normal,63,117,67,112,28,holding,
2026-08-04T09:19:22.240,117580812,T0004,OBJ-F,SC-01,normal,63,117,67,112,28,holding,
2026-08-04T09:19:22.261,117600284,T0004,OBJ-F,SC-01,normal,63,117,67,112,28,holding,
2026-08-04T09:19:22.280,117620756,T0004,OBJ-F,SC-01,normal,63,117,67,112,27,holding,
2026-08-04T09:19:22.301,117640212,T0004,OBJ-F,SC-01,normal,63,117,67,112,28,holding,
2026-08-04T09:19:22.320,117660684,T0004,OBJ-F,SC-01,normal,63,117,67,112,28,holding,
2026-08-04T09:19:22.341,117680140,T0004,OBJ-F,SC-01,normal,63,117,67,112,28,holding,
2026-08-04T09:19:22.360,117700632,T0004,OBJ-F,SC-01,normal,63,117,67,112,28,holding,
2026-08-04T09:19:22.380,117720084,T0004,OBJ-F,SC-01,normal,63,117,67,112,28,holding,
2026-08-04T09:19:22.400,117740560,T0004,OBJ-F,SC-01,normal,63,117,67,112,28,holding,
2026-08-04T09:19:22.420,117760016,T0004,OBJ-F,SC-01,normal,63,117,67,112,28,holding,
2026-08-04T09:19:22.439,117780504,T0004,OBJ-F,SC-01,normal,63,117,67,112,28,holding,
2026-08-04T09:19:22.460,117800976,T0004,OBJ-F,SC-01,normal,63,117,67,112,28,holding,
2026-08-04T09:19:22.479,117820428,T0004,OBJ-F,SC-01,normal,63,117,67,112,28,holding,
2026-08-04T09:19:22.500,117840920,T0004,OBJ-F,SC-01,normal,63,117,67,112,28,holding,
2026-08-04T09:19:22.521,117860376,T0004,OBJ-F,SC-01,normal,63,117,67,112,28,holding,
2026-08-04T09:19:22.540,117880848,T0004,OBJ-F,SC-01,normal,63,117,67,112,28,holding,
2026-08-04T09:19:22.561,117900304,T0004,OBJ-F,SC-01,normal,63,117,67,112,28,holding,
2026-08-04T09:19:22.580,117920796,T0004,OBJ-F,SC-01,normal,63,117,67,112,28,holding,
2026-08-04T09:19:22.601,117940248,T0004,OBJ-F,SC-01,normal,63,117,67,112,28,holding,
2026-08-04T09:19:22.620,117960724,T0004,OBJ-F,SC-01,normal,63,117,67,112,28,holding,
2026-08-04T09:19:22.640,117980180,T0004,OBJ-F,SC-01,normal,63,117,67,112,27,holding,
2026-08-04T09:19:22.660,118000652,T0004,OBJ-F,SC-01,normal,63,117,67,112,28,holding,
2026-08-04T09:19:22.680,118020120,T0004,OBJ-F,SC-01,normal,63,117,67,112,28,holding,
2026-08-04T09:19:22.700,118040592,T0004,OBJ-F,SC-01,normal,63,117,67,112,28,holding,
2026-08-04T09:19:22.721,118060048,T0004,OBJ-F,SC-01,normal,63,117,67,112,28,holding,
2026-08-04T09:19:22.740,118080536,T0004,OBJ-F,SC-01,normal,63,117,67,112,28,holding,
2026-08-04T09:19:22.761,118101012,T0004,OBJ-F,SC-01,normal,63,117,67,112,27,holding,
2026-08-04T09:19:22.780,118120464,T0004,OBJ-F,SC-01,normal,63,117,67,112,28,holding,
2026-08-04T09:19:22.800,118140952,T0004,OBJ-F,SC-01,normal,63,117,67,112,28,holding,
2026-08-04T09:19:22.820,118160408,T0004,OBJ-F,SC-01,normal,63,117,67,112,28,holding,
2026-08-04T09:19:22.840,118180880,T0004,OBJ-F,SC-01,normal,63,117,67,112,28,holding,
2026-08-04T09:19:22.861,118200332,T0004,OBJ-F,SC-01,normal,63,117,67,112,28,holding,
2026-08-04T09:19:22.880,118220824,T0004,OBJ-F,SC-01,normal,63,117,67,112,28,holding,
2026-08-04T09:19:22.901,118240276,T0004,OBJ-F,SC-01,normal,63,117,67,112,28,holding,
2026-08-04T09:19:22.920,118260748,T0004,OBJ-F,SC-01,normal,63,117,67,112,28,holding,
2026-08-04T09:19:22.941,118280220,T0004,OBJ-F,SC-01,normal,63,117,67,112,28,holding,
2026-08-04T09:19:22.960,118300692,T0004,OBJ-F,SC-01,normal,63,117,67,112,28,holding,
2026-08-04T09:19:22.981,118320148,T0004,OBJ-F,SC-01,normal,63,117,67,112,28,holding,
2026-08-04T09:19:23.000,118340620,T0004,OBJ-F,SC-01,normal,63,117,67,112,28,holding,
2026-08-04T09:19:23.020,118360092,T0004,OBJ-F,SC-01,normal,63,117,67,112,28,holding,
2026-08-04T09:19:23.040,118380564,T0004,OBJ-F,SC-01,normal,63,117,67,112,28,holding,
2026-08-04T09:19:23.060,118400020,T0004,OBJ-F,SC-01,normal,63,117,67,112,28,holding,
2026-08-04T09:19:23.080,118420508,T0004,OBJ-F,SC-01,normal,63,117,67,112,28,holding,
2026-08-04T09:19:23.100,118440980,T0004,OBJ-F,SC-01,normal,63,117,67,112,28,holding,
2026-08-04T09:19:23.120,118460432,T0004,OBJ-F,SC-01,normal,63,117,67,112,28,holding,
2026-08-04T09:19:23.140,118480924,T0004,OBJ-F,SC-01,normal,63,117,67,112,28,holding,
2026-08-04T09:19:23.161,118500376,T0004,OBJ-F,SC-01,normal,63,117,67,112,28,holding,
2026-08-04T09:19:23.180,118520848,T0004,OBJ-F,SC-01,normal,63,117,67,112,28,holding,
2026-08-04T09:19:23.201,118540304,T0004,OBJ-F,SC-01,normal,63,117,67,112,28,holding,
2026-08-04T09:19:23.220,118560792,T0004,OBJ-F,SC-01,normal,63,117,67,112,28,holding,
2026-08-04T09:19:23.241,118580248,T0004,OBJ-F,SC-01,normal,63,117,67,112,28,holding,
2026-08-04T09:19:23.260,118600720,T0004,OBJ-F,SC-01,normal,63,117,67,112,28,holding,
2026-08-04T09:19:23.280,118620172,T0004,OBJ-F,SC-01,normal,63,117,67,112,28,holding,
2026-08-04T09:19:23.300,118640664,T0004,OBJ-F,SC-01,normal,63,117,67,112,28,holding,
2026-08-04T09:19:23.320,118660116,T0004,OBJ-F,SC-01,normal,63,117,67,112,28,holding,
2026-08-04T09:19:23.340,118680588,T0004,OBJ-F,SC-01,normal,63,117,67,112,28,holding,
2026-08-04T09:19:23.360,118700060,T0004,OBJ-F,SC-01,normal,63,117,67,112,28,holding,
2026-08-04T09:19:23.380,118720536,T0004,OBJ-F,SC-01,normal,63,117,67,112,28,holding,
2026-08-04T09:19:23.401,118741008,T0004,OBJ-F,SC-01,normal,63,117,67,112,28,holding,
2026-08-04T09:19:23.420,118760464,T0004,OBJ-F,SC-01,normal,63,117,67,112,28,holding,
2026-08-04T09:19:23.441,118780956,T0004,OBJ-F,SC-01,normal,63,117,67,112,28,holding,
2026-08-04T09:19:23.461,118800408,T0004,OBJ-F,SC-01,normal,63,117,67,112,28,holding,
2026-08-04T09:19:23.481,118820880,T0004,OBJ-F,SC-01,normal,63,117,67,112,28,holding,
2026-08-04T09:19:23.501,118840332,T0004,OBJ-F,SC-01,normal,63,117,67,112,28,holding,
2026-08-04T09:19:23.521,118860824,T0004,OBJ-F,SC-01,normal,63,117,67,112,28,holding,
2026-08-04T09:19:23.541,118880276,T0004,OBJ-F,SC-01,normal,63,117,67,112,28,holding,
2026-08-04T09:19:23.561,118900748,T0004,OBJ-F,SC-01,normal,63,117,67,112,28,holding,
2026-08-04T09:19:23.581,118920220,T0004,OBJ-F,SC-01,normal,63,117,67,112,28,holding,
2026-08-04T09:19:23.601,118940692,T0004,OBJ-F,SC-01,normal,63,117,67,112,28,holding,
2026-08-04T09:19:23.621,118960148,T0004,OBJ-F,SC-01,normal,63,117,67,112,28,holding,
2026-08-04T09:19:23.641,118980620,T0004,OBJ-F,SC-01,normal,63,117,67,112,28,holding,
2026-08-04T09:19:23.661,119000092,T0004,OBJ-F,SC-01,normal,63,117,67,112,28,holding,
2026-08-04T09:19:23.682,119020564,T0004,OBJ-F,SC-01,normal,63,117,67,112,28,holding,
2026-08-04T09:19:23.701,119040020,T0004,OBJ-F,SC-01,normal,63,117,67,112,28,holding,
2026-08-04T09:19:23.722,119060508,T0004,OBJ-F,SC-01,normal,63,117,67,112,28,holding,
2026-08-04T09:19:23.742,119080980,T0004,OBJ-F,SC-01,normal,63,117,67,112,28,holding,
2026-08-04T09:19:23.762,119100432,T0004,OBJ-F,SC-01,normal,63,117,67,112,28,holding,
2026-08-04T09:19:23.782,119120908,T0004,OBJ-F,SC-01,normal,63,117,67,112,28,holding,
2026-08-04T09:19:23.802,119140380,T0004,OBJ-F,SC-01,normal,63,117,67,112,28,holding,
2026-08-04T09:19:23.823,119160852,T0004,OBJ-F,SC-01,normal,63,117,67,112,28,holding,
2026-08-04T09:19:23.842,119180308,T0004,OBJ-F,SC-01,normal,63,117,67,112,28,holding,
2026-08-04T09:19:23.863,119200784,T0004,OBJ-F,SC-01,normal,63,117,67,112,28,holding,
2026-08-04T09:19:23.882,119220236,T0004,OBJ-F,SC-01,normal,63,117,67,112,28,holding,
2026-08-04T09:19:23.903,119240728,T0004,OBJ-F,SC-01,normal,63,117,67,112,28,holding,
2026-08-04T09:19:23.922,119260180,T0004,OBJ-F,SC-01,normal,63,117,67,112,28,holding,
2026-08-04T09:19:23.960,119280656,T0004,OBJ-F,SC-01,normal,63,117,67,112,28,holding,
2026-08-04T09:19:23.962,119300124,T0004,OBJ-F,SC-01,normal,63,117,67,112,28,holding,
2026-08-04T09:19:24.000,119320596,T0004,OBJ-F,SC-01,normal,63,117,67,112,28,holding,
2026-08-04T09:19:24.002,119340052,T0004,OBJ-F,SC-01,normal,63,117,67,112,28,holding,
2026-08-04T09:19:24.041,119360524,T0004,OBJ-F,SC-01,normal,63,117,67,112,28,holding,
2026-08-04T09:19:24.043,119381016,T0004,OBJ-F,SC-01,normal,63,117,67,112,28,holding,
2026-08-04T09:19:24.081,119400468,T0004,OBJ-F,SC-01,normal,63,117,67,112,28,holding,
2026-08-04T09:19:24.084,119420940,T0004,OBJ-F,SC-01,normal,63,117,67,112,28,holding,
2026-08-04T09:19:24.120,119440412,T0004,OBJ-F,SC-01,normal,63,117,67,112,28,holding,
2026-08-04T09:19:24.141,119460884,T0004,OBJ-F,SC-01,normal,63,117,67,112,28,holding,
2026-08-04T09:19:24.143,119480340,T0004,OBJ-F,SC-01,normal,63,117,67,112,28,holding,
2026-08-04T09:19:24.181,119500812,T0004,OBJ-F,SC-01,normal,63,117,67,112,28,holding,
2026-08-04T09:19:24.183,119520284,T0004,OBJ-F,SC-01,normal,63,117,67,112,28,holding,
2026-08-04T09:19:24.221,119540756,T0004,OBJ-F,SC-01,normal,63,117,67,112,28,holding,
2026-08-04T09:19:24.223,119560212,T0004,OBJ-F,SC-01,normal,63,117,67,112,28,holding,
2026-08-04T09:19:24.261,119580688,T0004,OBJ-F,SC-01,normal,63,117,67,112,28,holding,
2026-08-04T09:19:24.263,119600140,T0004,OBJ-F,SC-01,normal,63,116,67,112,28,holding,
2026-08-04T09:19:24.301,119620632,T0004,OBJ-F,SC-01,normal,63,116,67,112,28,holding,
2026-08-04T09:19:24.304,119640088,T0004,OBJ-F,SC-01,normal,63,115,67,112,28,holding,
2026-08-04T09:19:24.340,119660560,T0004,OBJ-F,SC-01,normal,63,115,67,112,28,holding,
2026-08-04T09:19:24.343,119680012,T0004,OBJ-F,SC-01,normal,63,114,67,112,28,holding,
2026-08-04T09:19:24.380,119700504,T0004,OBJ-F,SC-01,normal,63,114,67,112,28,holding,
2026-08-04T09:19:24.400,119720976,T0004,OBJ-F,SC-01,normal,63,114,67,112,28,holding,
2026-08-04T09:19:24.420,119740428,T0004,OBJ-F,SC-01,normal,63,113,67,112,28,holding,
2026-08-04T09:19:24.441,119760924,T0004,OBJ-F,SC-01,normal,63,113,67,112,28,holding,
2026-08-04T09:19:24.444,119780376,T0004,OBJ-F,SC-01,normal,63,113,67,112,28,holding,
2026-08-04T09:19:24.481,119800852,T0004,OBJ-F,SC-01,normal,63,113,67,112,28,holding,
2026-08-04T09:19:24.500,119820304,T0004,OBJ-F,SC-01,normal,63,113,67,112,28,holding,
2026-08-04T09:19:24.520,119840780,T0004,OBJ-F,SC-01,normal,63,113,67,112,28,holding,
2026-08-04T09:19:24.539,119860248,T0004,OBJ-F,SC-01,normal,63,113,67,112,28,holding,
2026-08-04T09:19:24.560,119880724,T0004,OBJ-F,SC-01,normal,63,113,67,112,28,holding,
2026-08-04T09:19:24.580,119900176,T0004,OBJ-F,SC-01,normal,63,113,67,112,28,holding,
2026-08-04T09:19:24.600,119920652,T0004,OBJ-F,SC-01,normal,63,113,67,112,28,holding,
2026-08-04T09:19:24.620,119940124,T0004,OBJ-F,SC-01,normal,63,113,67,112,28,holding,
2026-08-04T09:19:24.640,119960596,T0004,OBJ-F,SC-01,normal,63,113,67,112,28,holding,
2026-08-04T09:19:24.660,119980052,T0004,OBJ-F,SC-01,normal,63,113,67,112,28,holding,
2026-08-04T09:19:24.680,120000528,T0004,OBJ-F,SC-01,normal,63,113,67,112,27,holding,
2026-08-04T09:19:24.700,120021016,T0004,OBJ-F,SC-01,normal,63,113,67,112,28,holding,
2026-08-04T09:19:24.721,120040468,T0004,OBJ-F,SC-01,normal,63,113,67,112,28,holding,
2026-08-04T09:19:24.740,120060940,T0004,OBJ-F,SC-01,normal,63,113,67,112,28,holding,
2026-08-04T09:19:24.760,120080396,T0004,OBJ-F,SC-01,normal,63,113,67,112,28,holding,
2026-08-04T09:19:24.780,120100888,T0004,OBJ-F,SC-01,normal,63,113,67,112,28,holding,
2026-08-04T09:19:24.799,120120340,T0004,OBJ-F,SC-01,normal,63,113,67,112,28,holding,
2026-08-04T09:19:24.820,120140812,T0004,OBJ-F,SC-01,normal,63,113,67,112,28,holding,
2026-08-04T09:19:24.840,120160280,T0004,OBJ-F,SC-01,normal,63,113,67,112,28,holding,
2026-08-04T09:19:24.860,120180764,T0004,OBJ-F,SC-01,normal,63,113,67,112,28,holding,
2026-08-04T09:19:24.880,120200208,T0004,OBJ-F,SC-01,normal,63,113,67,112,28,holding,
2026-08-04T09:19:24.900,120220688,T0004,OBJ-F,SC-01,normal,63,113,67,112,28,holding,
2026-08-04T09:19:24.920,120240152,T0004,OBJ-F,SC-01,normal,63,113,67,112,28,holding,
2026-08-04T09:19:24.941,120260628,T0004,OBJ-F,SC-01,normal,63,113,67,112,28,holding,
2026-08-04T09:19:24.960,120280116,T0004,OBJ-F,SC-01,normal,63,113,67,112,28,holding,
2026-08-04T09:19:24.981,120300572,T0004,OBJ-F,SC-01,normal,63,113,67,112,28,holding,
2026-08-04T09:19:24.999,120320020,T0004,OBJ-F,SC-01,normal,63,113,67,112,28,holding,
2026-08-04T09:19:25.020,120340492,T0004,OBJ-F,SC-01,normal,63,113,67,112,28,holding,
2026-08-04T09:19:25.039,120360980,T0004,OBJ-F,SC-01,normal,63,113,67,112,28,holding,
2026-08-04T09:19:25.060,120380432,T0004,OBJ-F,SC-01,normal,63,113,67,112,28,holding,
2026-08-04T09:19:25.081,120400932,T0004,OBJ-F,SC-01,normal,63,113,67,112,28,holding,
2026-08-04T09:19:25.100,120420368,T0004,OBJ-F,SC-01,normal,63,113,67,112,28,holding,
2026-08-04T09:19:25.121,120440860,T0004,OBJ-F,SC-01,normal,63,113,67,112,28,holding,
2026-08-04T09:19:25.140,120460320,T0004,OBJ-F,SC-01,normal,63,113,67,112,28,holding,
2026-08-04T09:19:25.161,120480792,T0004,OBJ-F,SC-01,normal,63,113,67,112,28,holding,
2026-08-04T09:19:25.180,120500244,T0004,OBJ-F,SC-01,normal,63,113,67,112,28,holding,
2026-08-04T09:19:25.200,120520992,T0004,OBJ-F,SC-01,normal,63,113,67,112,28,holding,
2026-08-04T09:19:25.220,120540192,T0004,OBJ-F,SC-01,normal,63,113,67,112,28,holding,
2026-08-04T09:19:25.240,120560668,T0004,OBJ-F,SC-01,normal,63,113,67,112,28,holding,
2026-08-04T09:19:25.260,120580112,T0004,OBJ-F,SC-01,normal,63,113,67,112,28,holding,
2026-08-04T09:19:25.281,120600688,T0004,OBJ-F,SC-01,normal,63,113,67,112,28,holding,
2026-08-04T09:19:25.300,120620048,T0004,OBJ-F,SC-01,normal,63,113,67,112,28,holding,
2026-08-04T09:19:25.320,120640648,T0004,OBJ-F,SC-01,normal,63,113,67,112,27,holding,
2026-08-04T09:19:25.340,120661016,T0004,OBJ-F,SC-01,normal,63,113,67,112,28,holding,
2026-08-04T09:19:25.360,120680468,T0004,OBJ-F,SC-01,normal,63,113,67,112,28,holding,
2026-08-04T09:19:25.380,120700944,T0004,OBJ-F,SC-01,normal,63,113,67,112,28,holding,
2026-08-04T09:19:25.400,120720396,T0004,OBJ-F,SC-01,normal,63,113,67,112,28,holding,
2026-08-04T09:19:25.421,120740888,T0004,OBJ-F,SC-01,normal,63,113,67,112,28,holding,
2026-08-04T09:19:25.440,120760340,T0004,OBJ-F,SC-01,normal,63,113,67,112,28,holding,
2026-08-04T09:19:25.461,120780816,T0004,OBJ-F,SC-01,normal,63,113,67,112,28,holding,
2026-08-04T09:19:25.480,120800616,T0004,OBJ-F,SC-01,normal,63,113,67,112,28,holding,
2026-08-04T09:19:25.501,120820760,T0004,OBJ-F,SC-01,normal,63,113,67,112,28,holding,
2026-08-04T09:19:25.520,120840564,T0004,OBJ-F,SC-01,normal,63,113,67,112,28,holding,
2026-08-04T09:19:25.541,120860684,T0004,OBJ-F,SC-01,normal,63,113,67,112,28,holding,
2026-08-04T09:19:25.560,120880152,T0004,OBJ-F,SC-01,normal,63,113,67,112,28,holding,
2026-08-04T09:19:25.580,120900628,T0004,OBJ-F,SC-01,normal,64,113,67,112,28,holding,
2026-08-04T09:19:25.600,120920076,T0004,OBJ-F,SC-01,normal,64,113,67,112,28,holding,
2026-08-04T09:19:25.620,120940556,T0004,OBJ-F,SC-01,normal,65,113,67,112,27,holding,
2026-08-04T09:19:25.640,120960020,T0004,OBJ-F,SC-01,normal,65,113,67,112,28,holding,
2026-08-04T09:19:25.660,120980500,T0004,OBJ-F,SC-01,normal,66,113,67,112,28,holding,
2026-08-04T09:19:25.680,121000972,T0004,OBJ-F,SC-01,normal,66,113,67,112,28,holding,
2026-08-04T09:19:25.701,121020444,T0004,OBJ-F,SC-01,normal,66,113,67,112,28,holding,
2026-08-04T09:19:25.721,121040916,T0004,OBJ-F,SC-01,normal,67,113,67,112,28,holding,
2026-08-04T09:19:25.740,121060372,T0004,OBJ-F,SC-01,normal,67,113,67,112,28,holding,
2026-08-04T09:19:25.761,121080844,T0004,OBJ-F,SC-01,normal,67,113,67,112,28,holding,
2026-08-04T09:19:25.779,121100316,T0004,OBJ-F,SC-01,normal,67,113,67,112,28,holding,
2026-08-04T09:19:25.800,121120792,T0004,OBJ-F,SC-01,normal,67,113,67,112,28,holding,
2026-08-04T09:19:25.820,121140236,T0004,OBJ-F,SC-01,normal,67,113,67,112,28,holding,
2026-08-04T09:19:25.840,121160720,T0004,OBJ-F,SC-01,normal,67,113,67,112,28,holding,
2026-08-04T09:19:25.860,121180184,T0004,OBJ-F,SC-01,normal,67,113,67,112,28,holding,
2026-08-04T09:19:25.881,121200664,T0004,OBJ-F,SC-01,normal,67,113,67,112,28,holding,
2026-08-04T09:19:25.900,121220112,T0004,OBJ-F,SC-01,normal,67,113,67,112,28,holding,
2026-08-04T09:19:25.921,121240592,T0004,OBJ-F,SC-01,normal,67,113,67,112,28,holding,
2026-08-04T09:19:25.940,121260060,T0004,OBJ-F,SC-01,normal,67,113,67,112,28,holding,
2026-08-04T09:19:25.960,121280540,T0004,OBJ-F,SC-01,normal,67,113,67,112,28,holding,
2026-08-04T09:19:25.980,121301012,T0004,OBJ-F,SC-01,normal,67,113,67,112,28,holding,
2026-08-04T09:19:26.001,121320468,T0004,OBJ-F,SC-01,normal,67,113,67,112,27,holding,
2026-08-04T09:19:26.020,121340940,T0004,OBJ-F,SC-01,normal,67,113,67,112,28,holding,
2026-08-04T09:19:26.040,121360412,T0004,OBJ-F,SC-01,normal,68,113,67,112,28,holding,
2026-08-04T09:19:26.061,121380888,T0004,OBJ-F,SC-01,normal,68,113,67,112,27,holding,
2026-08-04T09:19:26.080,121400356,T0004,OBJ-F,SC-01,normal,68,113,67,112,28,holding,
2026-08-04T09:19:26.101,121420816,T0004,OBJ-F,SC-01,normal,68,113,67,112,28,holding,
2026-08-04T09:19:26.120,121440280,T0004,OBJ-F,SC-01,normal,68,113,67,112,28,holding,
2026-08-04T09:19:26.141,121460760,T0004,OBJ-F,SC-01,normal,68,113,67,112,28,holding,
2026-08-04T09:19:26.160,121480208,T0004,OBJ-F,SC-01,normal,68,113,67,112,28,holding,
2026-08-04T09:19:26.180,121500688,T0004,OBJ-F,SC-01,normal,68,113,67,112,28,holding,
2026-08-04T09:19:26.200,121520152,T0004,OBJ-F,SC-01,normal,68,113,67,112,28,holding,
2026-08-04T09:19:26.220,121540636,T0004,OBJ-F,SC-01,normal,68,113,67,112,27,holding,
2026-08-04T09:19:26.239,121560084,T0004,OBJ-F,SC-01,normal,68,113,67,112,28,holding,
2026-08-04T09:19:26.260,121580568,T0004,OBJ-F,SC-01,normal,68,113,67,112,28,holding,
2026-08-04T09:19:26.280,121600016,T0004,OBJ-F,SC-01,normal,68,113,67,112,28,holding,
2026-08-04T09:19:26.300,121620492,T0004,OBJ-F,SC-01,normal,68,113,67,112,28,holding,
2026-08-04T09:19:26.320,121640984,T0004,OBJ-F,SC-01,normal,68,113,67,112,28,holding,
2026-08-04T09:19:26.340,121660436,T0004,OBJ-F,SC-01,normal,68,113,67,112,28,holding,
2026-08-04T09:19:26.361,121680912,T0004,OBJ-F,SC-01,normal,68,113,67,112,28,holding,
2026-08-04T09:19:26.380,121700376,T0004,OBJ-F,SC-01,normal,68,113,67,112,28,holding,
2026-08-04T09:19:26.401,121720856,T0004,OBJ-F,SC-01,normal,68,113,67,112,28,holding,
2026-08-04T09:19:26.420,121740304,T0004,OBJ-F,SC-01,normal,68,113,67,112,28,holding,
2026-08-04T09:19:26.441,121760784,T0004,OBJ-F,SC-01,normal,68,113,67,112,28,holding,
2026-08-04T09:19:26.460,121780248,T0004,OBJ-F,SC-01,normal,68,113,67,112,28,holding,
2026-08-04T09:19:26.480,121800732,T0004,OBJ-F,SC-01,normal,68,113,67,112,27,holding,
2026-08-04T09:19:26.500,121820180,T0004,OBJ-F,SC-01,normal,68,113,67,112,28,holding,
2026-08-04T09:19:26.520,121840660,T0004,OBJ-F,SC-01,normal,68,113,67,112,28,holding,
2026-08-04T09:19:26.540,121860124,T0004,OBJ-F,SC-01,normal,68,113,67,112,28,holding,
2026-08-04T09:19:26.560,121880604,T0004,OBJ-F,SC-01,normal,68,113,67,112,28,holding,
2026-08-04T09:19:26.579,121900052,T0004,OBJ-F,SC-01,normal,68,113,67,112,28,holding,
2026-08-04T09:19:26.600,121920532,T0004,OBJ-F,SC-01,normal,68,113,67,112,28,holding,
2026-08-04T09:19:26.620,121941004,T0004,OBJ-F,SC-01,normal,68,113,67,112,28,holding,
2026-08-04T09:19:26.640,121960476,T0004,OBJ-F,SC-01,normal,68,113,67,112,28,holding,
2026-08-04T09:19:26.659,121980952,T0004,OBJ-F,SC-01,normal,68,113,67,112,28,holding,
2026-08-04T09:19:26.680,122000400,T0004,OBJ-F,SC-01,normal,68,113,67,112,28,holding,
2026-08-04T09:19:26.701,122020880,T0004,OBJ-F,SC-01,normal,68,113,67,112,28,holding,
2026-08-04T09:19:26.720,122040344,T0004,OBJ-F,SC-01,normal,68,113,67,112,28,holding,
2026-08-04T09:19:26.741,122060824,T0004,OBJ-F,SC-01,normal,68,113,67,112,28,holding,
2026-08-04T09:19:26.760,122080268,T0004,OBJ-F,SC-01,normal,68,113,67,112,28,holding,
2026-08-04T09:19:26.780,122100748,T0004,OBJ-F,SC-01,normal,68,113,67,112,28,holding,
2026-08-04T09:19:26.799,122120216,T0004,OBJ-F,SC-01,normal,68,113,67,112,28,holding,
2026-08-04T09:19:26.820,122140696,T0004,OBJ-F,SC-01,normal,68,113,67,112,28,holding,
2026-08-04T09:19:26.840,122160144,T0004,OBJ-F,SC-01,normal,68,113,67,112,28,holding,
2026-08-04T09:19:26.860,122180624,T0004,OBJ-F,SC-01,normal,68,113,67,112,28,holding,
2026-08-04T09:19:26.879,122200088,T0004,OBJ-F,SC-01,normal,68,112,67,112,28,holding,
2026-08-04T09:19:26.900,122220572,T0004,OBJ-F,SC-01,normal,68,112,67,112,28,holding,
2026-08-04T09:19:26.920,122240020,T0004,OBJ-F,SC-01,normal,68,111,67,112,28,holding,
2026-08-04T09:19:26.941,122260500,T0004,OBJ-F,SC-01,normal,68,111,67,112,28,holding,
2026-08-04T09:19:26.960,122280972,T0004,OBJ-F,SC-01,normal,68,110,67,112,28,holding,
2026-08-04T09:19:26.980,122300436,T0004,OBJ-F,SC-01,normal,68,109,67,112,28,holding,
2026-08-04T09:19:27.001,122320920,T0004,OBJ-F,SC-01,normal,68,109,67,112,28,holding,
2026-08-04T09:19:27.020,122340368,T0004,OBJ-F,SC-01,normal,68,108,67,112,28,holding,
2026-08-04T09:19:27.041,122360848,T0004,OBJ-F,SC-01,normal,68,108,67,112,28,holding,
2026-08-04T09:19:27.060,122380316,T0004,OBJ-F,SC-01,normal,68,107,67,112,28,holding,
2026-08-04T09:19:27.080,122400796,T0004,OBJ-F,SC-01,normal,68,106,67,112,28,holding,
2026-08-04T09:19:27.100,122420244,T0004,OBJ-F,SC-01,normal,68,106,67,112,28,holding,
2026-08-04T09:19:27.120,122440724,T0004,OBJ-F,SC-01,normal,68,106,67,112,28,holding,
2026-08-04T09:19:27.140,122460188,T0004,OBJ-F,SC-01,normal,68,105,67,112,28,holding,
2026-08-04T09:19:27.160,122480652,T0004,OBJ-F,SC-01,normal,68,105,67,112,28,holding,
2026-08-04T09:19:27.180,122500116,T0004,OBJ-F,SC-01,normal,68,105,67,112,28,holding,
2026-08-04T09:19:27.201,122520596,T0004,OBJ-F,SC-01,normal,68,105,67,112,28,holding,
2026-08-04T09:19:27.220,122540044,T0004,OBJ-F,SC-01,normal,68,105,67,112,28,holding,
2026-08-04T09:19:27.241,122560528,T0004,OBJ-F,SC-01,normal,68,105,67,112,28,holding,
2026-08-04T09:19:27.260,122581020,T0004,OBJ-F,SC-01,normal,68,105,67,112,28,holding,
2026-08-04T09:19:27.280,122600492,T0004,OBJ-F,SC-01,normal,68,105,67,112,28,holding,
2026-08-04T09:19:27.300,122620948,T0004,OBJ-F,SC-01,normal,68,105,67,112,28,holding,
2026-08-04T09:19:27.320,122640396,T0004,OBJ-F,SC-01,normal,68,106,67,112,28,holding,
2026-08-04T09:19:27.341,122660876,T0004,OBJ-F,SC-01,normal,68,106,67,112,28,holding,
2026-08-04T09:19:27.360,122680340,T0004,OBJ-F,SC-01,normal,68,107,67,112,28,holding,
2026-08-04T09:19:27.380,122700824,T0004,OBJ-F,SC-01,normal,68,108,67,112,28,holding,
2026-08-04T09:19:27.400,122720268,T0004,OBJ-F,SC-01,normal,68,109,67,112,28,holding,
2026-08-04T09:19:27.421,122740752,T0004,OBJ-F,SC-01,normal,68,109,67,112,28,holding,
2026-08-04T09:19:27.440,122760216,T0004,OBJ-F,SC-01,normal,68,110,67,112,28,holding,
2026-08-04T09:19:27.460,122780700,T0004,OBJ-F,SC-01,normal,68,110,67,112,28,holding,
2026-08-04T09:19:27.480,122800148,T0004,OBJ-F,SC-01,normal,68,111,67,112,28,holding,
2026-08-04T09:19:27.500,122820632,T0004,OBJ-F,SC-01,normal,68,111,67,112,28,holding,
2026-08-04T09:19:27.520,122840080,T0004,OBJ-F,SC-01,normal,68,112,67,112,28,holding,
2026-08-04T09:19:27.541,122860572,T0004,OBJ-F,SC-01,normal,68,113,67,112,28,holding,
2026-08-04T09:19:27.560,122880028,T0004,OBJ-F,SC-01,normal,68,113,67,112,28,holding,
2026-08-04T09:19:27.580,122900500,T0004,OBJ-F,SC-01,normal,68,113,67,112,28,holding,
2026-08-04T09:19:27.600,122920976,T0004,OBJ-F,SC-01,normal,68,114,67,112,28,holding,
2026-08-04T09:19:27.620,122940440,T0004,OBJ-F,SC-01,normal,68,114,67,112,28,holding,
2026-08-04T09:19:27.640,122960920,T0004,OBJ-F,SC-01,normal,68,114,67,112,28,holding,
2026-08-04T09:19:27.660,122980368,T0004,OBJ-F,SC-01,normal,68,114,67,112,28,holding,
2026-08-04T09:19:27.681,123000848,T0004,OBJ-F,SC-01,normal,68,114,67,112,28,holding,
2026-08-04T09:19:27.700,123020312,T0004,OBJ-F,SC-01,normal,68,114,67,112,28,holding,
2026-08-04T09:19:27.720,123040796,T0004,OBJ-F,SC-01,normal,68,114,67,112,28,holding,
2026-08-04T09:19:27.739,123060240,T0004,OBJ-F,SC-01,normal,68,114,67,112,28,holding,
2026-08-04T09:19:27.760,123080720,T0004,OBJ-F,SC-01,normal,68,114,67,112,28,holding,
2026-08-04T09:19:27.780,123100188,T0004,OBJ-F,SC-01,normal,68,114,67,112,28,holding,
2026-08-04T09:19:27.800,123120684,T0004,OBJ-F,SC-01,normal,68,114,67,112,28,holding,
2026-08-04T09:19:27.820,123140116,T0004,OBJ-F,SC-01,normal,68,114,67,112,28,holding,
2026-08-04T09:19:27.840,123160588,T0004,OBJ-F,SC-01,normal,68,114,67,112,28,holding,
2026-08-04T09:19:27.860,123180060,T0004,OBJ-F,SC-01,normal,68,115,67,112,28,holding,
2026-08-04T09:19:27.881,123200536,T0004,OBJ-F,SC-01,normal,68,115,67,112,28,holding,
2026-08-04T09:19:27.900,123221016,T0004,OBJ-F,SC-01,normal,68,116,67,112,28,holding,
2026-08-04T09:19:27.920,123240460,T0004,OBJ-F,SC-01,normal,68,116,67,112,28,holding,
2026-08-04T09:19:27.940,123260940,T0004,OBJ-F,SC-01,normal,68,117,67,112,27,holding,
2026-08-04T09:19:27.960,123280404,T0004,OBJ-F,SC-01,normal,68,117,67,112,28,holding,
2026-08-04T09:19:27.980,123300884,T0004,OBJ-F,SC-01,normal,68,118,67,112,28,holding,
2026-08-04T09:19:28.000,123320348,T0004,OBJ-F,SC-01,normal,68,119,67,112,28,holding,
2026-08-04T09:19:28.020,123340828,T0004,OBJ-F,SC-01,normal,68,120,67,112,28,holding,
2026-08-04T09:19:28.040,123360276,T0004,OBJ-F,SC-01,normal,68,120,67,112,28,holding,
2026-08-04T09:19:28.061,123380748,T0004,OBJ-F,SC-01,normal,68,121,67,112,28,holding,
2026-08-04T09:19:28.080,123400220,T0004,OBJ-F,SC-01,normal,68,121,67,112,28,holding,
2026-08-04T09:19:28.101,123420692,T0004,OBJ-F,SC-01,normal,68,121,67,112,28,holding,
2026-08-04T09:19:28.120,123440148,T0004,OBJ-F,SC-01,normal,68,121,67,112,28,holding,
2026-08-04T09:19:28.140,123460620,T0004,OBJ-F,SC-01,normal,68,121,67,112,28,holding,
2026-08-04T09:19:28.160,123480076,T0004,OBJ-F,SC-01,normal,68,121,67,112,27,holding,
2026-08-04T09:19:28.180,123500568,T0004,OBJ-F,SC-01,normal,68,121,67,112,28,holding,
2026-08-04T09:19:28.200,123520024,T0004,OBJ-F,SC-01,normal,68,121,67,112,28,holding,
2026-08-04T09:19:28.221,123540496,T0004,OBJ-F,SC-01,normal,68,122,67,112,28,holding,
2026-08-04T09:19:28.240,123560976,T0004,OBJ-F,SC-01,normal,68,122,67,112,28,holding,
2026-08-04T09:19:28.260,123580440,T0004,OBJ-F,SC-01,normal,68,123,67,112,28,holding,
2026-08-04T09:19:28.281,123600920,T0004,OBJ-F,SC-01,normal,68,124,67,112,28,holding,
2026-08-04T09:19:28.300,123620368,T0004,OBJ-F,SC-01,normal,68,124,67,112,28,holding,
2026-08-04T09:19:28.321,123640856,T0004,OBJ-F,SC-01,normal,68,125,67,112,28,holding,
2026-08-04T09:19:28.340,123660312,T0004,OBJ-F,SC-01,normal,68,126,67,112,28,holding,
2026-08-04T09:19:28.360,123680788,T0004,OBJ-F,SC-01,normal,68,127,67,112,28,holding,
2026-08-04T09:19:28.380,123700240,T0004,OBJ-F,SC-01,normal,68,128,67,112,28,holding,
2026-08-04T09:19:28.400,123720732,T0004,OBJ-F,SC-01,normal,68,128,67,112,28,holding,
2026-08-04T09:19:28.420,123740184,T0004,OBJ-F,SC-01,normal,68,129,67,112,28,holding,
2026-08-04T09:19:28.441,123760656,T0004,OBJ-F,SC-01,normal,68,130,67,112,28,holding,
2026-08-04T09:19:28.460,123780112,T0004,OBJ-F,SC-01,normal,68,131,67,112,28,holding,
2026-08-04T09:19:28.480,123800604,T0004,OBJ-F,SC-01,normal,68,132,67,112,28,holding,
2026-08-04T09:19:28.500,123820060,T0004,OBJ-F,SC-01,normal,68,133,67,112,28,holding,
2026-08-04T09:19:28.521,123840532,T0004,OBJ-F,SC-01,normal,68,134,67,112,28,holding,
2026-08-04T09:19:28.540,123861032,T0004,OBJ-F,SC-01,normal,68,135,67,112,28,holding,
2026-08-04T09:19:28.561,123880464,T0004,OBJ-F,SC-01,normal,68,136,67,112,28,holding,
2026-08-04T09:19:28.579,123900956,T0004,OBJ-F,SC-01,normal,68,137,67,112,28,holding,
2026-08-04T09:19:28.600,123920408,T0004,OBJ-F,SC-01,normal,68,137,67,112,28,holding,
2026-08-04T09:19:28.620,123940884,T0004,OBJ-F,SC-01,normal,68,138,67,112,28,holding,
2026-08-04T09:19:28.639,123960336,T0004,OBJ-F,SC-01,normal,68,138,67,112,27,holding,
2026-08-04T09:19:28.660,123980812,T0004,OBJ-F,SC-01,normal,68,139,67,112,28,holding,
2026-08-04T09:19:28.680,124000284,T0004,OBJ-F,SC-01,normal,68,139,67,112,28,holding,
2026-08-04T09:19:28.700,124020756,T0004,OBJ-F,SC-01,normal,68,139,67,112,28,holding,
2026-08-04T09:19:28.719,124040212,T0004,OBJ-F,SC-01,normal,68,139,67,112,28,holding,
2026-08-04T09:19:28.740,124060684,T0004,OBJ-F,SC-01,normal,68,139,67,112,28,holding,
2026-08-04T09:19:28.759,124080140,T0004,OBJ-F,SC-01,normal,68,139,67,112,28,holding,
2026-08-04T09:19:28.780,124100632,T0004,OBJ-F,SC-01,normal,68,139,67,112,28,holding,
2026-08-04T09:19:28.799,124120088,T0004,OBJ-F,SC-01,normal,68,139,67,112,28,holding,
2026-08-04T09:19:28.820,124140560,T0004,OBJ-F,SC-01,normal,68,139,67,112,28,holding,
2026-08-04T09:19:28.839,124160016,T0004,OBJ-F,SC-01,normal,68,139,67,112,28,holding,
2026-08-04T09:19:28.860,124180504,T0004,OBJ-F,SC-01,normal,68,139,67,112,28,holding,
2026-08-04T09:19:28.881,124200980,T0004,OBJ-F,SC-01,normal,68,139,67,112,28,holding,
2026-08-04T09:19:28.900,124220432,T0004,OBJ-F,SC-01,normal,68,139,67,112,28,holding,
2026-08-04T09:19:28.921,124240924,T0004,OBJ-F,SC-01,normal,68,139,67,112,28,holding,
2026-08-04T09:19:28.940,124260380,T0004,OBJ-F,SC-01,normal,68,139,67,112,28,holding,
2026-08-04T09:19:28.961,124280852,T0004,OBJ-F,SC-01,normal,68,139,67,112,28,holding,
2026-08-04T09:19:28.980,124300308,T0004,OBJ-F,SC-01,normal,68,139,67,112,28,holding,
2026-08-04T09:19:29.001,124320784,T0004,OBJ-F,SC-01,normal,68,140,67,112,28,holding,
2026-08-04T09:19:29.021,124340236,T0004,OBJ-F,SC-01,normal,68,140,67,112,28,holding,
2026-08-04T09:19:29.041,124360732,T0004,OBJ-F,SC-01,normal,68,140,67,112,28,holding,
2026-08-04T09:19:29.061,124380184,T0004,OBJ-F,SC-01,normal,68,140,67,112,28,holding,
2026-08-04T09:19:29.082,124400660,T0004,OBJ-F,SC-01,normal,68,141,67,112,28,holding,
2026-08-04T09:19:29.101,124420112,T0004,OBJ-F,SC-01,normal,68,141,67,112,28,holding,
2026-08-04T09:19:29.122,124440588,T0004,OBJ-F,SC-01,normal,68,142,67,112,28,holding,
2026-08-04T09:19:29.141,124460060,T0004,OBJ-F,SC-01,normal,68,143,67,112,28,holding,
2026-08-04T09:19:29.161,124480536,T0004,OBJ-F,SC-01,normal,68,143,67,112,28,holding,
2026-08-04T09:19:29.182,124501012,T0004,OBJ-F,SC-01,normal,68,144,67,112,28,holding,
2026-08-04T09:19:29.202,124520464,T0004,OBJ-F,SC-01,normal,68,145,67,112,28,holding,
2026-08-04T09:19:29.223,124540956,T0004,OBJ-F,SC-01,normal,68,145,67,112,28,holding,
2026-08-04T09:19:29.242,124560412,T0004,OBJ-F,SC-01,normal,68,146,67,112,28,holding,
2026-08-04T09:19:29.262,124580884,T0004,OBJ-F,SC-01,normal,68,147,67,112,28,holding,
2026-08-04T09:19:29.282,124600336,T0004,OBJ-F,SC-01,normal,68,147,67,112,28,holding,
2026-08-04T09:19:29.302,124620812,T0004,OBJ-F,SC-01,normal,68,147,67,112,28,holding,
2026-08-04T09:19:29.322,124640280,T0004,OBJ-F,SC-01,normal,68,147,67,112,28,holding,
2026-08-04T09:19:29.343,124660756,T0004,OBJ-F,SC-01,normal,68,148,67,112,28,holding,
2026-08-04T09:19:29.362,124680212,T0004,OBJ-F,SC-01,normal,68,148,67,112,28,holding,
2026-08-04T09:19:29.382,124700688,T0004,OBJ-F,SC-01,normal,68,148,67,112,28,holding,
2026-08-04T09:19:29.402,124720140,T0004,OBJ-F,SC-01,normal,68,148,67,112,28,holding,
2026-08-04T09:19:29.422,124740636,T0004,OBJ-F,SC-01,normal,68,148,67,112,28,holding,
2026-08-04T09:19:29.442,124760108,T0004,OBJ-F,SC-01,normal,68,148,67,112,28,holding,
2026-08-04T09:19:29.462,124780564,T0004,OBJ-F,SC-01,normal,68,148,67,112,28,holding,
2026-08-04T09:19:29.499,124800012,T0004,OBJ-F,SC-01,normal,68,148,67,112,28,holding,
2026-08-04T09:19:29.502,124820492,T0004,OBJ-F,SC-01,normal,68,148,67,112,28,holding,
2026-08-04T09:19:29.540,124840984,T0004,OBJ-F,SC-01,normal,68,148,67,112,28,holding,
2026-08-04T09:19:29.543,124860440,T0004,OBJ-F,SC-01,normal,68,148,67,112,28,holding,
2026-08-04T09:19:29.580,124880912,T0004,OBJ-F,SC-01,normal,68,149,67,112,28,holding,
2026-08-04T09:19:29.583,124900364,T0004,OBJ-F,SC-01,normal,68,149,67,112,28,holding,
2026-08-04T09:19:29.619,124920856,T0004,OBJ-F,SC-01,normal,68,150,67,112,28,holding,
2026-08-04T09:19:29.640,124940312,T0004,OBJ-F,SC-01,normal,68,150,67,112,28,holding,
2026-08-04T09:19:29.659,124960784,T0004,OBJ-F,SC-01,normal,68,150,67,112,28,holding,
2026-08-04T09:19:29.680,124980240,T0004,OBJ-F,SC-01,normal,68,151,67,112,28,holding,
2026-08-04T09:19:29.700,125000728,T0004,OBJ-F,SC-01,normal,68,151,67,112,28,holding,
2026-08-04T09:19:29.720,125020184,T0004,OBJ-F,SC-01,normal,68,151,67,112,28,holding,
2026-08-04T09:19:29.724,125040656,T0004,OBJ-F,SC-01,normal,68,151,67,112,28,holding,
2026-08-04T09:19:29.760,125060120,T0004,OBJ-F,SC-01,normal,68,152,67,112,28,holding,
2026-08-04T09:19:29.780,125080604,T0004,OBJ-F,SC-01,normal,68,152,67,112,28,holding,
2026-08-04T09:19:29.800,125100052,T0004,OBJ-F,SC-01,normal,68,153,67,112,28,holding,
2026-08-04T09:19:29.820,125120532,T0004,OBJ-F,SC-01,normal,68,153,67,112,28,holding,
2026-08-04T09:19:29.840,125141008,T0004,OBJ-F,SC-01,normal,68,153,67,112,28,holding,
2026-08-04T09:19:29.860,125160460,T0004,OBJ-F,SC-01,normal,68,153,67,112,28,holding,
2026-08-04T09:19:29.881,125180952,T0004,OBJ-F,SC-01,normal,68,154,67,112,28,holding,
2026-08-04T09:19:29.901,125200408,T0004,OBJ-F,SC-01,normal,68,154,67,112,28,holding,
2026-08-04T09:19:29.920,125220884,T0004,OBJ-F,SC-01,normal,68,154,67,112,28,holding,
2026-08-04T09:19:29.941,125240336,T0004,OBJ-F,SC-01,normal,68,155,67,112,28,holding,
2026-08-04T09:19:29.960,125260828,T0004,OBJ-F,SC-01,normal,68,155,67,112,28,holding,
2026-08-04T09:19:29.980,125280280,T0004,OBJ-F,SC-01,normal,68,155,67,112,28,holding,
2026-08-04T09:19:30.000,125300756,T0004,OBJ-F,SC-01,normal,68,155,67,112,28,holding,
2026-08-04T09:19:30.020,125320204,T0004,OBJ-F,SC-01,normal,68,155,67,112,28,holding,
2026-08-04T09:19:30.041,125340688,T0004,OBJ-F,SC-01,normal,68,155,67,112,28,holding,
2026-08-04T09:19:30.060,125360152,T0004,OBJ-F,SC-01,normal,68,155,67,112,28,holding,
2026-08-04T09:19:30.080,125380632,T0004,OBJ-F,SC-01,normal,68,156,67,112,28,holding,
2026-08-04T09:19:30.101,125400080,T0004,OBJ-F,SC-01,normal,68,156,67,112,28,holding,
2026-08-04T09:19:30.120,125420564,T0004,OBJ-F,SC-01,normal,68,156,67,112,28,holding,
2026-08-04T09:19:30.140,125440028,T0004,OBJ-F,SC-01,normal,68,156,67,112,28,holding,
2026-08-04T09:19:30.160,125460508,T0004,OBJ-F,SC-01,normal,68,155,67,112,28,holding,
2026-08-04T09:19:30.180,125480980,T0004,OBJ-F,SC-01,normal,68,156,67,112,28,holding,
2026-08-04T09:19:30.201,125500436,T0004,OBJ-F,SC-01,normal,68,155,67,112,28,holding,
2026-08-04T09:19:30.221,125520912,T0004,OBJ-F,SC-01,normal,68,156,67,112,28,holding,
2026-08-04T09:19:30.241,125540364,T0004,OBJ-F,SC-01,normal,68,155,67,112,28,holding,
2026-08-04T09:19:30.259,125560856,T0004,OBJ-F,SC-01,normal,68,156,67,112,28,holding,
2026-08-04T09:19:30.280,125580328,T0004,OBJ-F,SC-01,normal,68,156,67,112,28,holding,
2026-08-04T09:19:30.300,125600788,T0004,OBJ-F,SC-01,normal,68,156,67,112,28,holding,
2026-08-04T09:19:30.320,125620252,T0004,OBJ-F,SC-01,normal,68,156,67,112,28,holding,
2026-08-04T09:19:30.340,125640716,T0004,OBJ-F,SC-01,normal,68,156,67,112,28,holding,
2026-08-04T09:19:30.360,125660180,T0004,OBJ-F,SC-01,normal,68,156,67,112,28,holding,
2026-08-04T09:19:30.380,125680664,T0004,OBJ-F,SC-01,normal,68,156,67,112,28,holding,
2026-08-04T09:19:30.400,125700108,T0004,OBJ-F,SC-01,normal,68,156,67,112,28,holding,
2026-08-04T09:19:30.420,125720592,T0004,OBJ-F,SC-01,normal,68,156,67,112,28,holding,
2026-08-04T09:19:30.440,125740056,T0004,OBJ-F,SC-01,normal,68,156,67,112,28,holding,
2026-08-04T09:19:30.460,125760540,T0004,OBJ-F,SC-01,normal,68,156,67,112,28,holding,
2026-08-04T09:19:30.480,125781004,T0004,OBJ-F,SC-01,normal,68,156,67,112,28,holding,
2026-08-04T09:19:30.500,125800468,T0004,OBJ-F,SC-01,normal,68,156,67,112,28,holding,
2026-08-04T09:19:30.520,125821184,T0004,OBJ-F,SC-01,normal,68,156,67,112,28,holding,
2026-08-04T09:19:30.541,125840408,T0004,OBJ-F,SC-01,normal,68,156,67,112,28,holding,
2026-08-04T09:19:30.561,125860900,T0004,OBJ-F,SC-01,normal,68,156,67,112,28,holding,
2026-08-04T09:19:30.581,125880372,T0004,OBJ-F,SC-01,normal,68,156,67,112,28,holding,
2026-08-04T09:19:30.600,125900816,T0004,OBJ-F,SC-01,normal,68,156,67,112,28,holding,
2026-08-04T09:19:30.621,125920276,T0004,OBJ-F,SC-01,normal,68,156,67,112,28,holding,
2026-08-04T09:19:30.640,125940752,T0004,OBJ-F,SC-01,normal,68,156,67,112,28,holding,
2026-08-04T09:19:30.660,125960220,T0004,OBJ-F,SC-01,normal,68,156,67,112,28,holding,
2026-08-04T09:19:30.679,125980700,T0004,OBJ-F,SC-01,normal,68,156,67,112,28,holding,
2026-08-04T09:19:30.700,126000160,T0004,OBJ-F,SC-01,normal,68,156,67,112,28,holding,
2026-08-04T09:19:30.720,126020636,T0004,OBJ-F,SC-01,normal,68,156,67,112,28,holding,
2026-08-04T09:19:30.741,126040084,T0004,OBJ-F,SC-01,normal,68,156,67,112,28,holding,
2026-08-04T09:19:30.760,126060568,T0004,OBJ-F,SC-01,normal,68,156,67,112,28,holding,
2026-08-04T09:19:30.780,126080352,T0004,OBJ-F,SC-01,normal,68,156,67,112,28,holding,
2026-08-04T09:19:30.800,126100780,T0004,OBJ-F,SC-01,normal,68,156,67,112,28,holding,
2026-08-04T09:19:30.820,126120976,T0004,OBJ-F,SC-01,normal,68,156,67,112,28,holding,
2026-08-04T09:19:30.841,126140636,T0004,OBJ-F,SC-01,normal,68,156,67,112,28,holding,
2026-08-04T09:19:30.860,126161044,T0004,OBJ-F,SC-01,normal,68,156,67,112,28,holding,
2026-08-04T09:19:30.881,126180368,T0004,OBJ-F,SC-01,normal,68,156,67,112,28,holding,
2026-08-04T09:19:30.900,126200848,T0004,OBJ-F,SC-01,normal,68,156,67,112,28,holding,
2026-08-04T09:19:30.921,126220456,T0004,OBJ-F,SC-01,normal,68,156,67,112,28,holding,
2026-08-04T09:19:30.940,126240828,T0004,OBJ-F,SC-01,normal,68,156,67,112,28,holding,
2026-08-04T09:19:30.961,126260236,T0004,OBJ-F,SC-01,normal,68,156,67,112,28,holding,
2026-08-04T09:19:30.980,126280720,T0004,OBJ-F,SC-01,normal,68,156,67,112,28,holding,
2026-08-04T09:19:31.000,126300180,T0004,OBJ-F,SC-01,normal,68,156,67,112,28,holding,
2026-08-04T09:19:31.019,126320664,T0004,OBJ-F,SC-01,normal,68,156,67,112,28,holding,
2026-08-04T09:19:31.040,126340108,T0004,OBJ-F,SC-01,normal,68,156,67,112,28,holding,
2026-08-04T09:19:31.060,126360592,T0004,OBJ-F,SC-01,normal,68,156,67,112,28,holding,
2026-08-04T09:19:31.080,126380056,T0004,OBJ-F,SC-01,normal,68,156,67,112,28,holding,
2026-08-04T09:19:31.100,126400536,T0004,OBJ-F,SC-01,normal,68,156,67,112,28,holding,
2026-08-04T09:19:31.120,126421012,T0004,OBJ-F,SC-01,normal,68,156,67,112,28,holding,
2026-08-04T09:19:31.139,126440500,T0004,OBJ-F,SC-01,normal,68,156,67,112,28,holding,
2026-08-04T09:19:31.160,126460940,T0004,OBJ-F,SC-01,normal,68,156,67,112,28,holding,
2026-08-04T09:19:31.181,126480404,T0004,OBJ-F,SC-01,normal,68,156,67,112,28,holding,
2026-08-04T09:19:31.200,126500884,T0004,OBJ-F,SC-01,normal,68,156,67,112,28,holding,
2026-08-04T09:19:31.221,126520332,T0004,OBJ-F,SC-01,normal,68,156,67,112,28,holding,
2026-08-04T09:19:31.240,126540812,T0004,OBJ-F,SC-01,normal,68,156,67,112,28,holding,
2026-08-04T09:19:31.261,126560276,T0004,OBJ-F,SC-01,normal,68,156,67,112,28,holding,
2026-08-04T09:19:31.280,126580756,T0004,OBJ-F,SC-01,normal,68,156,67,112,28,holding,
2026-08-04T09:19:31.300,126600204,T0004,OBJ-F,SC-01,normal,68,156,67,112,28,holding,
2026-08-04T09:19:31.320,126620684,T0004,OBJ-F,SC-01,normal,68,156,67,112,28,holding,
2026-08-04T09:19:31.340,126640148,T0004,OBJ-F,SC-01,normal,68,156,67,112,28,holding,
2026-08-04T09:19:31.360,126660632,T0004,OBJ-F,SC-01,normal,68,156,67,112,28,holding,
2026-08-04T09:19:31.381,126680080,T0004,OBJ-F,SC-01,normal,68,156,67,112,28,holding,
2026-08-04T09:19:31.400,126700560,T0004,OBJ-F,SC-01,normal,68,156,67,112,28,holding,
2026-08-04T09:19:31.420,126720024,T0004,OBJ-F,SC-01,normal,68,156,67,112,28,holding,
2026-08-04T09:19:31.440,126740496,T0004,OBJ-F,SC-01,normal,68,156,67,112,28,holding,
2026-08-04T09:19:31.460,126760976,T0004,OBJ-F,SC-01,normal,68,156,67,112,28,holding,
2026-08-04T09:19:31.481,126780440,T0004,OBJ-F,SC-01,normal,68,156,67,112,28,holding,
2026-08-04T09:19:31.500,126800924,T0004,OBJ-F,SC-01,normal,68,156,67,112,28,holding,
2026-08-04T09:19:31.521,126820372,T0004,OBJ-F,SC-01,normal,68,156,67,112,28,holding,
2026-08-04T09:19:31.540,126840852,T0004,OBJ-F,SC-01,normal,68,156,67,113,28,holding,
2026-08-04T09:19:31.560,126860300,T0004,OBJ-F,SC-01,normal,68,156,67,114,28,holding,
2026-08-04T09:19:31.580,126880784,T0004,OBJ-F,SC-01,normal,68,156,67,114,28,holding,
2026-08-04T09:19:31.601,126900248,T0004,OBJ-F,SC-01,normal,68,156,67,115,28,holding,
2026-08-04T09:19:31.620,126920728,T0004,OBJ-F,SC-01,normal,68,156,67,115,28,holding,
2026-08-04T09:19:31.640,126940176,T0004,OBJ-F,SC-01,normal,68,156,67,115,28,holding,
2026-08-04T09:19:31.660,126960660,T0004,OBJ-F,SC-01,normal,68,156,67,116,28,holding,
2026-08-04T09:19:31.680,126980124,T0004,OBJ-F,SC-01,normal,68,156,67,116,28,holding,
2026-08-04T09:19:31.700,127000588,T0004,OBJ-F,SC-01,normal,68,156,67,116,28,holding,
2026-08-04T09:19:31.720,127020052,T0004,OBJ-F,SC-01,normal,68,156,67,116,28,holding,
2026-08-04T09:19:31.740,127040528,T0004,OBJ-F,SC-01,normal,68,156,67,117,28,holding,
2026-08-04T09:19:31.760,127061008,T0004,OBJ-F,SC-01,normal,68,156,67,117,28,holding,
2026-08-04T09:19:31.780,127080472,T0004,OBJ-F,SC-01,normal,68,156,67,117,28,holding,
2026-08-04T09:19:31.800,127100956,T0004,OBJ-F,SC-01,normal,68,156,67,117,28,holding,
2026-08-04T09:19:31.821,127120404,T0004,OBJ-F,SC-01,normal,68,156,67,117,28,holding,
2026-08-04T09:19:31.840,127140884,T0004,OBJ-F,SC-01,normal,68,156,67,117,28,holding,
2026-08-04T09:19:31.860,127160332,T0004,OBJ-F,SC-01,normal,68,156,67,117,28,holding,
2026-08-04T09:19:31.880,127180812,T0004,OBJ-F,SC-01,normal,68,156,67,117,28,holding,
2026-08-04T09:19:31.901,127200276,T0004,OBJ-F,SC-01,normal,68,156,67,118,28,holding,
2026-08-04T09:19:31.920,127220756,T0004,OBJ-F,SC-01,normal,68,156,67,119,28,holding,
2026-08-04T09:19:31.940,127240204,T0004,OBJ-F,SC-01,normal,68,156,67,120,28,holding,
2026-08-04T09:19:31.960,127260688,T0004,OBJ-F,SC-01,normal,68,156,67,120,28,holding,
2026-08-04T09:19:31.980,127280152,T0004,OBJ-F,SC-01,normal,68,156,67,121,28,holding,
2026-08-04T09:19:32.000,127300652,T0004,OBJ-F,SC-01,normal,68,156,67,121,28,holding,
2026-08-04T09:19:32.020,127320084,T0004,OBJ-F,SC-01,normal,68,156,67,122,28,holding,
2026-08-04T09:19:32.040,127340560,T0004,OBJ-F,SC-01,normal,68,156,67,122,28,holding,
2026-08-04T09:19:32.061,127360012,T0004,OBJ-F,SC-01,normal,68,156,67,122,28,holding,
2026-08-04T09:19:32.080,127380504,T0004,OBJ-F,SC-01,normal,68,156,67,123,28,holding,
2026-08-04T09:19:32.100,127400988,T0004,OBJ-F,SC-01,normal,68,156,67,124,28,holding,
2026-08-04T09:19:32.121,127420432,T0004,OBJ-F,SC-01,normal,68,156,67,125,28,holding,
2026-08-04T09:19:32.140,127440916,T0004,OBJ-F,SC-01,normal,68,156,67,125,28,holding,
2026-08-04T09:19:32.161,127460380,T0004,OBJ-F,SC-01,normal,68,156,67,126,28,holding,
2026-08-04T09:19:32.180,127480844,T0004,OBJ-F,SC-01,normal,68,156,67,126,28,holding,
2026-08-04T09:19:32.200,127500312,T0004,OBJ-F,SC-01,normal,68,156,67,126,28,holding,
2026-08-04T09:19:32.220,127520792,T0004,OBJ-F,SC-01,normal,68,156,67,126,28,holding,
2026-08-04T09:19:32.241,127540240,T0004,OBJ-F,SC-01,normal,68,156,67,126,28,holding,
2026-08-04T09:19:32.260,127560720,T0004,OBJ-F,SC-01,normal,68,156,67,126,28,holding,
2026-08-04T09:19:32.280,127580188,T0004,OBJ-F,SC-01,normal,68,156,67,126,28,holding,
2026-08-04T09:19:32.300,127600688,T0004,OBJ-F,SC-01,normal,68,156,67,126,28,holding,
2026-08-04T09:19:32.320,127620116,T0004,OBJ-F,SC-01,normal,68,156,67,126,28,holding,
2026-08-04T09:19:32.340,127640592,T0004,OBJ-F,SC-01,normal,68,156,67,126,28,holding,
2026-08-04T09:19:32.360,127660048,T0004,OBJ-F,SC-01,normal,68,156,67,126,28,holding,
2026-08-04T09:19:32.379,127680540,T0004,OBJ-F,SC-01,normal,68,156,67,127,28,holding,
2026-08-04T09:19:32.400,127701004,T0004,OBJ-F,SC-01,normal,68,156,67,128,28,holding,
2026-08-04T09:19:32.420,127720472,T0004,OBJ-F,SC-01,normal,68,156,67,129,28,holding,
2026-08-04T09:19:32.440,127740952,T0004,OBJ-F,SC-01,normal,68,156,67,131,28,holding,
2026-08-04T09:19:32.461,127760404,T0004,OBJ-F,SC-01,normal,68,156,67,132,28,holding,
2026-08-04T09:19:32.480,127780884,T0004,OBJ-F,SC-01,normal,68,156,67,134,28,holding,
2026-08-04T09:19:32.501,127800332,T0004,OBJ-F,SC-01,normal,68,156,67,136,28,holding,
2026-08-04T09:19:32.521,127820816,T0004,OBJ-F,SC-01,normal,68,156,67,138,28,holding,
2026-08-04T09:19:32.540,127840280,T0004,OBJ-F,SC-01,normal,68,156,67,140,28,holding,
2026-08-04T09:19:32.560,127860760,T0004,OBJ-F,SC-01,normal,68,156,67,141,28,holding,
2026-08-04T09:19:32.580,127880208,T0004,OBJ-F,SC-01,normal,68,156,67,142,28,holding,
2026-08-04T09:19:32.600,127900684,T0004,OBJ-F,SC-01,normal,68,156,67,142,28,holding,
2026-08-04T09:19:32.621,127920140,T0004,OBJ-F,SC-01,normal,68,156,67,142,28,holding,
2026-08-04T09:19:32.640,127940632,T0004,OBJ-F,SC-01,normal,68,156,67,142,28,holding,
2026-08-04T09:19:32.660,127960088,T0004,OBJ-F,SC-01,normal,68,156,67,142,28,holding,
2026-08-04T09:19:32.679,127980564,T0004,OBJ-F,SC-01,normal,68,156,67,142,28,holding,
2026-08-04T09:19:32.700,128000020,T0004,OBJ-F,SC-01,normal,68,156,67,142,28,holding,
2026-08-04T09:19:32.720,128020508,T0004,OBJ-F,SC-01,normal,68,156,67,142,28,holding,
2026-08-04T09:19:32.740,128040988,T0004,OBJ-F,SC-01,normal,68,156,67,142,28,holding,
2026-08-04T09:19:32.760,128060432,T0004,OBJ-F,SC-01,normal,68,156,67,142,28,holding,
2026-08-04T09:19:32.780,128080912,T0004,OBJ-F,SC-01,normal,68,156,67,142,28,holding,
2026-08-04T09:19:32.800,128100372,T0004,OBJ-F,SC-01,normal,68,156,67,143,28,holding,
2026-08-04T09:19:32.820,128120856,T0004,OBJ-F,SC-01,normal,68,156,67,145,28,holding,
2026-08-04T09:19:32.840,128140300,T0004,OBJ-F,SC-01,normal,68,156,67,146,28,holding,
2026-08-04T09:19:32.860,128160800,T0004,OBJ-F,SC-01,normal,68,156,67,147,28,holding,
2026-08-04T09:19:32.881,128180244,T0004,OBJ-F,SC-01,normal,68,156,67,148,28,holding,
2026-08-04T09:19:32.900,128200716,T0004,OBJ-F,SC-01,normal,68,156,67,150,28,holding,
2026-08-04T09:19:32.920,128220188,T0004,OBJ-F,SC-01,normal,68,156,67,151,28,holding,
2026-08-04T09:19:32.940,128240660,T0004,OBJ-F,SC-01,normal,68,156,67,152,28,holding,
2026-08-04T09:19:32.960,128260116,T0004,OBJ-F,SC-01,normal,68,156,67,152,28,holding,
2026-08-04T09:19:32.980,128280588,T0004,OBJ-F,SC-01,normal,68,156,67,153,28,holding,
2026-08-04T09:19:33.000,128300060,T0004,OBJ-F,SC-01,normal,68,156,67,153,28,holding,
2026-08-04T09:19:33.020,128320532,T0004,OBJ-F,SC-01,normal,68,156,67,154,28,holding,
2026-08-04T09:19:33.040,128341012,T0004,OBJ-F,SC-01,normal,68,156,67,154,28,holding,
2026-08-04T09:19:33.060,128360460,T0004,OBJ-F,SC-01,normal,68,156,67,155,28,open,
2026-08-04T09:19:33.080,128380948,T0004,OBJ-F,SC-01,normal,68,156,67,155,28,open,
2026-08-04T09:19:33.101,128400400,T0004,OBJ-F,SC-01,normal,68,156,67,156,28,open,
2026-08-04T09:19:33.120,128420888,T0004,OBJ-F,SC-01,normal,68,156,67,157,28,open,
2026-08-04T09:19:33.141,128440344,T0004,OBJ-F,SC-01,normal,68,156,67,158,28,open,
2026-08-04T09:19:33.160,128460848,T0004,OBJ-F,SC-01,normal,68,156,67,159,28,open,
2026-08-04T09:19:33.180,128480284,T0004,OBJ-F,SC-01,normal,68,156,67,160,28,open,
2026-08-04T09:19:33.200,128500764,T0004,OBJ-F,SC-01,normal,68,156,67,162,28,open,
2026-08-04T09:19:33.221,128520204,T0004,OBJ-F,SC-01,normal,68,156,67,162,28,open,
2026-08-04T09:19:33.240,128540684,T0004,OBJ-F,SC-01,normal,68,156,67,163,28,open,
2026-08-04T09:19:33.260,128560144,T0004,OBJ-F,SC-01,normal,68,156,67,164,28,open,
2026-08-04T09:19:33.280,128580624,T0004,OBJ-F,SC-01,normal,68,156,67,165,28,open,
2026-08-04T09:19:33.300,128600088,T0004,OBJ-F,SC-01,normal,68,156,67,166,28,open,
2026-08-04T09:19:33.320,128620568,T0004,OBJ-F,SC-01,normal,68,156,67,167,28,open,
2026-08-04T09:19:33.340,128640028,T0004,OBJ-F,SC-01,normal,68,156,67,167,28,open,
2026-08-04T09:19:33.360,128660508,T0004,OBJ-F,SC-01,normal,68,156,67,167,28,open,
2026-08-04T09:19:33.380,128680976,T0004,OBJ-F,SC-01,normal,68,156,67,167,28,open,
2026-08-04T09:19:33.401,128700428,T0004,OBJ-F,SC-01,normal,68,156,67,167,28,open,
2026-08-04T09:19:33.420,128720916,T0004,OBJ-F,SC-01,normal,68,156,67,167,28,open,
2026-08-04T09:19:33.440,128740368,T0004,OBJ-F,SC-01,normal,68,156,67,167,28,open,
2026-08-04T09:19:33.460,128760852,T0004,OBJ-F,SC-01,normal,68,156,67,167,28,open,
2026-08-04T09:19:33.481,128780312,T0004,OBJ-F,SC-01,normal,68,156,67,167,28,open,
2026-08-04T09:19:33.500,128800792,T0004,OBJ-F,SC-01,normal,68,156,67,168,28,open,
2026-08-04T09:19:33.521,128820236,T0004,OBJ-F,SC-01,normal,68,156,67,168,28,open,
2026-08-04T09:19:33.540,128840716,T0004,OBJ-F,SC-01,normal,68,156,67,169,28,open,
2026-08-04T09:19:33.560,128860176,T0004,OBJ-F,SC-01,normal,68,156,67,169,28,open,
2026-08-04T09:19:33.580,128880656,T0004,OBJ-F,SC-01,normal,68,156,67,170,28,open,
2026-08-04T09:19:33.600,128900116,T0004,OBJ-F,SC-01,normal,68,156,67,170,28,open,
2026-08-04T09:19:33.619,128920596,T0004,OBJ-F,SC-01,normal,68,156,67,170,28,open,
2026-08-04T09:19:33.640,128940060,T0004,OBJ-F,SC-01,normal,68,156,67,171,28,open,
2026-08-04T09:19:33.659,128960524,T0004,OBJ-F,SC-01,normal,68,156,67,172,28,open,
2026-08-04T09:19:33.680,128981012,T0004,OBJ-F,SC-01,normal,68,156,67,172,28,open,
2026-08-04T09:19:33.700,129000464,T0004,OBJ-F,SC-01,normal,68,156,67,173,28,open,
2026-08-04T09:19:33.720,129020956,T0004,OBJ-F,SC-01,normal,68,156,67,174,28,open,
2026-08-04T09:19:33.741,129040408,T0004,OBJ-F,SC-01,normal,68,156,67,175,28,open,
2026-08-04T09:19:33.760,129060888,T0004,OBJ-F,SC-01,normal,68,156,67,176,28,open,
2026-08-04T09:19:33.781,129080332,T0004,OBJ-F,SC-01,normal,68,156,67,176,28,open,
2026-08-04T09:19:33.800,129100812,T0004,OBJ-F,SC-01,normal,68,156,67,177,28,open,
2026-08-04T09:19:33.821,129120272,T0004,OBJ-F,SC-01,normal,68,156,67,177,28,open,
2026-08-04T09:19:33.840,129140756,T0004,OBJ-F,SC-01,normal,68,156,67,178,28,open,
2026-08-04T09:19:33.860,129160216,T0004,OBJ-F,SC-01,normal,68,156,67,178,28,open,
2026-08-04T09:19:33.880,129180696,T0004,OBJ-F,SC-01,normal,68,156,67,178,28,open,
2026-08-04T09:19:33.900,129200140,T0004,OBJ-F,SC-01,normal,68,156,67,179,28,open,
2026-08-04T09:19:33.920,129220624,T0004,OBJ-F,SC-01,normal,68,156,67,179,28,open,
2026-08-04T09:19:33.940,129240084,T0004,OBJ-F,SC-01,normal,68,156,67,179,28,open,
2026-08-04T09:19:33.960,129260564,T0004,OBJ-F,SC-01,normal,68,156,67,179,28,open,
2026-08-04T09:19:33.980,129280028,T0004,OBJ-F,SC-01,normal,68,156,67,179,28,open,
2026-08-04T09:19:34.000,129300508,T0004,OBJ-F,SC-01,normal,68,156,67,179,28,open,
2026-08-04T09:19:34.020,129321012,T0004,OBJ-F,SC-01,normal,68,156,67,179,28,open,
2026-08-04T09:19:34.041,129340432,T0004,OBJ-F,SC-01,normal,68,156,67,179,28,open,
2026-08-04T09:19:34.060,129360912,T0004,OBJ-F,SC-01,normal,68,156,67,179,28,open,
2026-08-04T09:19:34.081,129380372,T0004,OBJ-F,SC-01,normal,68,156,67,179,28,open,
2026-08-04T09:19:34.100,129400856,T0004,OBJ-F,SC-01,normal,68,156,67,179,28,open,
2026-08-04T09:19:34.121,129420300,T0004,OBJ-F,SC-01,normal,68,156,67,179,28,open,
2026-08-04T09:19:34.140,129440784,T0004,OBJ-F,SC-01,normal,68,156,67,179,28,open,
2026-08-04T09:19:34.160,129460244,T0004,OBJ-F,SC-01,normal,68,156,67,179,28,open,
2026-08-04T09:19:34.180,129480724,T0004,OBJ-F,SC-01,normal,68,156,67,179,28,open,
2026-08-04T09:19:34.200,129500184,T0004,OBJ-F,SC-01,normal,68,156,67,179,28,open,
2026-08-04T09:19:34.220,129520668,T0004,OBJ-F,SC-01,normal,68,156,67,179,28,open,
2026-08-04T09:19:34.240,129540108,T0004,OBJ-F,SC-01,normal,68,156,67,179,28,open,
2026-08-04T09:19:34.260,129560592,T0004,OBJ-F,SC-01,normal,68,156,67,179,28,open,
2026-08-04T09:19:34.280,129580052,T0004,OBJ-F,SC-01,normal,68,156,67,179,28,open,
2026-08-04T09:19:34.300,129600536,T0004,OBJ-F,SC-01,normal,68,156,67,179,28,open,
2026-08-04T09:19:34.320,129621016,T0004,OBJ-F,SC-01,normal,68,156,67,179,28,open,
2026-08-04T09:19:34.340,129640460,T0004,OBJ-F,SC-01,normal,68,156,67,179,28,open,
2026-08-04T09:19:34.361,129660940,T0004,OBJ-F,SC-01,normal,68,156,67,179,28,open,
2026-08-04T09:19:34.381,129680400,T0004,OBJ-F,SC-01,normal,68,156,67,179,28,open,
2026-08-04T09:19:34.401,129700880,T0004,OBJ-F,SC-01,normal,68,156,67,179,28,open,
2026-08-04T09:19:34.420,129720340,T0004,OBJ-F,SC-01,normal,68,156,67,179,28,open,
2026-08-04T09:19:34.441,129740824,T0004,OBJ-F,SC-01,normal,68,156,67,179,28,open,
2026-08-04T09:19:34.461,129760284,T0004,OBJ-F,SC-01,normal,68,156,67,179,28,open,
2026-08-04T09:19:34.481,129780748,T0004,OBJ-F,SC-01,normal,68,156,67,179,28,open,
2026-08-04T09:19:34.500,129800208,T0004,OBJ-F,SC-01,normal,68,156,67,179,28,open,
2026-08-04T09:19:34.521,129820692,T0004,OBJ-F,SC-01,normal,68,156,67,179,28,open,
2026-08-04T09:19:34.540,129840152,T0004,OBJ-F,SC-01,normal,68,156,67,179,28,open,
2026-08-04T09:19:34.561,129860636,T0004,OBJ-F,SC-01,normal,68,156,67,179,28,open,
2026-08-04T09:19:34.580,129880080,T0004,OBJ-F,SC-01,normal,68,156,67,179,28,open,
2026-08-04T09:19:34.601,129900560,T0004,OBJ-F,SC-01,normal,68,156,67,179,28,open,
2026-08-04T09:19:34.621,129920024,T0004,OBJ-F,SC-01,normal,68,156,67,179,28,open,
2026-08-04T09:19:34.641,129940504,T0004,OBJ-F,SC-01,normal,68,156,67,179,28,open,
2026-08-04T09:19:34.662,129960984,T0004,OBJ-F,SC-01,normal,68,156,67,179,28,open,
2026-08-04T09:19:34.682,129980428,T0004,OBJ-F,SC-01,normal,68,156,67,179,28,open,
2026-08-04T09:19:34.702,130000908,T0004,OBJ-F,SC-01,normal,68,156,67,179,28,open,
2026-08-04T09:19:34.722,130020372,T0004,OBJ-F,SC-01,normal,68,156,67,179,28,open,
2026-08-04T09:19:34.742,130040856,T0004,OBJ-F,SC-01,normal,68,156,67,179,28,open,
2026-08-04T09:19:34.761,130060300,T0004,OBJ-F,SC-01,normal,68,156,67,179,28,open,
2026-08-04T09:19:34.800,130080780,T0004,OBJ-F,SC-01,normal,68,156,67,179,28,open,
2026-08-04T09:19:34.801,130100240,T0004,OBJ-F,SC-01,normal,68,156,67,180,28,open,
2026-08-04T09:19:34.840,130120724,T0004,OBJ-F,SC-01,normal,68,156,67,180,28,open,
2026-08-04T09:19:34.842,130140184,T0004,OBJ-F,SC-01,normal,68,156,67,180,28,open,
2026-08-04T09:19:34.863,130160664,T0004,OBJ-F,SC-01,normal,68,156,67,180,28,open,
2026-08-04T09:19:34.882,130180108,T0004,OBJ-F,SC-01,normal,68,156,67,180,28,open,
2026-08-04T09:19:34.920,130200588,T0004,OBJ-F,SC-01,normal,68,156,67,180,28,open,
2026-08-04T09:19:34.922,130220052,T0004,OBJ-F,SC-01,normal,68,156,67,180,28,open,
2026-08-04T09:19:34.960,130240532,T0004,OBJ-F,SC-01,normal,68,156,67,180,28,open,
2026-08-04T09:19:34.963,130261016,T0004,OBJ-F,SC-01,normal,68,156,67,180,28,open,
2026-08-04T09:19:35.000,130280460,T0004,OBJ-F,SC-01,normal,68,156,67,180,28,open,
2026-08-04T09:19:35.021,130300940,T0004,OBJ-F,SC-01,normal,68,156,67,180,28,open,
2026-08-04T09:19:35.023,130320404,T0004,OBJ-F,SC-01,normal,68,156,67,180,28,open,
2026-08-04T09:19:35.061,130340884,T0004,OBJ-F,SC-01,normal,68,156,67,180,28,open,
2026-08-04T09:19:35.063,130360344,T0004,OBJ-F,SC-01,normal,68,156,67,180,28,open,
2026-08-04T09:19:35.101,130380828,T0004,OBJ-F,SC-01,normal,68,156,67,180,28,open,
2026-08-04T09:19:35.103,130400268,T0004,OBJ-F,SC-01,normal,68,156,67,180,28,open,
2026-08-04T09:19:35.140,130420752,T0004,OBJ-F,SC-01,normal,68,156,67,180,28,open,
2026-08-04T09:19:35.143,130440212,T0004,OBJ-F,SC-01,normal,68,156,67,180,28,open,
2026-08-04T09:19:35.180,130460692,T0004,OBJ-F,SC-01,normal,68,156,67,180,28,open,
2026-08-04T09:19:35.183,130480156,T0004,OBJ-F,SC-01,normal,68,156,67,180,28,open,
2026-08-04T09:19:35.220,130500620,T0004,OBJ-F,SC-01,normal,68,156,67,180,28,open,
2026-08-04T09:19:35.223,130520080,T0004,OBJ-F,SC-01,normal,68,156,67,180,28,open,
2026-08-04T09:19:35.260,130540564,T0004,OBJ-F,SC-01,normal,68,156,67,180,28,open,
2026-08-04T09:19:35.263,130560024,T0004,OBJ-F,SC-01,normal,68,156,67,180,28,open,
2026-08-04T09:19:35.300,130580504,T0004,OBJ-F,SC-01,normal,68,156,67,180,28,open,
2026-08-04T09:19:35.321,130600984,T0004,OBJ-F,SC-01,normal,68,156,67,180,28,open,
2026-08-04T09:19:35.340,130620428,T0004,OBJ-F,SC-01,normal,68,156,67,180,28,open,
2026-08-04T09:19:35.361,130640908,T0004,OBJ-F,SC-01,normal,68,156,67,180,28,open,
2026-08-04T09:19:35.364,130660372,T0004,OBJ-F,SC-01,normal,68,156,67,180,28,open,
2026-08-04T09:19:35.401,130680852,T0004,OBJ-F,SC-01,normal,68,156,67,180,28,open,
2026-08-04T09:19:35.420,130700316,T0004,OBJ-F,SC-01,normal,68,156,67,180,28,open,
2026-08-04T09:19:35.441,130720780,T0004,OBJ-F,SC-01,normal,68,156,67,180,28,open,
2026-08-04T09:19:35.460,130740244,T0004,OBJ-F,SC-01,normal,68,156,67,180,28,open,
2026-08-04T09:19:35.481,130760724,T0004,OBJ-F,SC-01,normal,68,156,67,180,28,open,
2026-08-04T09:19:35.500,130780184,T0004,OBJ-F,SC-01,normal,68,156,67,180,28,open,
2026-08-04T09:19:35.520,130800652,T0004,OBJ-F,SC-01,normal,68,156,67,180,28,open,
2026-08-04T09:19:35.539,130820112,T0004,OBJ-F,SC-01,normal,68,156,67,180,28,open,
2026-08-04T09:19:35.560,130840592,T0004,OBJ-F,SC-01,normal,68,156,67,180,28,open,
2026-08-04T09:19:35.580,130860056,T0004,OBJ-F,SC-01,normal,68,156,67,180,28,open,
2026-08-04T09:19:35.600,130880540,T0004,OBJ-F,SC-01,normal,68,156,67,180,28,open,
2026-08-04T09:19:35.620,130901004,T0004,OBJ-F,SC-01,normal,68,156,67,180,28,open,
2026-08-04T09:19:35.640,130920464,T0004,OBJ-F,SC-01,normal,68,156,67,180,28,open,
2026-08-04T09:19:35.661,130940948,T0004,OBJ-F,SC-01,normal,68,156,67,180,28,open,
2026-08-04T09:19:35.680,130960408,T0004,OBJ-F,SC-01,normal,68,156,67,180,28,open,
2026-08-04T09:19:35.701,130980892,T0004,OBJ-F,SC-01,normal,68,156,67,180,28,open,
2026-08-04T09:19:35.720,131000336,T0004,OBJ-F,SC-01,normal,68,156,67,180,28,open,
2026-08-04T09:19:35.740,131020820,T0004,OBJ-F,SC-01,normal,68,156,67,180,28,open,
2026-08-04T09:19:35.759,131040280,T0004,OBJ-F,SC-01,normal,68,156,67,180,28,open,
2026-08-04T09:19:35.780,131060748,T0004,OBJ-F,SC-01,normal,68,156,67,180,28,open,
2026-08-04T09:19:35.800,131080208,T0004,OBJ-F,SC-01,normal,68,156,67,180,28,open,
2026-08-04T09:19:35.820,131100700,T0004,OBJ-F,SC-01,normal,68,156,67,180,28,open,
2026-08-04T09:19:35.840,131120148,T0004,OBJ-F,SC-01,normal,68,156,67,180,28,open,
2026-08-04T09:19:35.860,131140624,T0004,OBJ-F,SC-01,normal,68,156,67,180,28,open,
2026-08-04T09:19:35.880,131160084,T0004,OBJ-F,SC-01,normal,68,156,67,180,28,open,
2026-08-04T09:19:35.900,131180564,T0004,OBJ-F,SC-01,normal,68,156,67,180,28,open,
2026-08-04T09:19:35.920,131200024,T0004,OBJ-F,SC-01,normal,68,156,67,180,28,open,
2026-08-04T09:19:35.940,131220504,T0004,OBJ-F,SC-01,normal,68,156,67,180,28,open,
2026-08-04T09:19:35.961,131240984,T0004,OBJ-F,SC-01,normal,68,156,67,180,28,open,
2026-08-04T09:19:35.980,131260440,T0004,OBJ-F,SC-01,normal,68,156,67,180,28,open,
2026-08-04T09:19:36.001,131280924,T0004,OBJ-F,SC-01,normal,68,156,67,180,28,open,
2026-08-04T09:19:36.019,131300380,T0004,OBJ-F,SC-01,normal,68,156,67,180,28,open,
2026-08-04T09:19:36.040,131320852,T0004,OBJ-F,SC-01,normal,68,156,67,180,28,open,
2026-08-04T09:19:36.060,131340312,T0004,OBJ-F,SC-01,normal,68,156,67,180,28,open,
2026-08-04T09:19:36.080,131360788,T0004,OBJ-F,SC-01,normal,68,156,67,180,28,open,
2026-08-04T09:19:36.100,131380252,T0004,OBJ-F,SC-01,normal,68,156,67,180,28,open,
2026-08-04T09:19:36.120,131401012,T0004,OBJ-F,SC-01,normal,68,156,67,180,28,open,
2026-08-04T09:19:36.140,131420180,T0004,OBJ-F,SC-01,normal,68,156,67,180,28,open,
2026-08-04T09:19:36.160,131440808,T0004,OBJ-F,SC-01,normal,68,156,67,180,28,open,
2026-08-04T09:19:36.180,131460120,T0004,OBJ-F,SC-01,normal,68,156,67,180,28,open,
2026-08-04T09:19:36.200,131480588,T0004,OBJ-F,SC-01,normal,68,156,67,180,28,open,
2026-08-04T09:19:36.220,131500056,T0004,OBJ-F,SC-01,normal,68,156,67,180,28,open,
2026-08-04T09:19:36.240,131520532,T0004,OBJ-F,SC-01,normal,68,156,67,180,28,open,
2026-08-04T09:19:36.260,131541080,T0004,OBJ-F,SC-01,normal,68,156,67,180,28,open,
2026-08-04T09:19:36.280,131560472,T0004,OBJ-F,SC-01,normal,68,156,67,180,28,open,
2026-08-04T09:19:36.301,131580952,T0004,OBJ-F,SC-01,normal,68,156,67,180,28,open,
2026-08-04T09:19:36.320,131600396,T0004,OBJ-F,SC-01,normal,68,156,67,180,28,open,
2026-08-04T09:19:36.341,131620892,T0004,OBJ-F,SC-01,normal,68,156,67,180,28,open,
2026-08-04T09:19:36.360,131640344,T0004,OBJ-F,SC-01,normal,68,156,67,180,28,open,
2026-08-04T09:19:36.380,131660812,T0004,OBJ-F,SC-01,normal,68,156,67,180,28,open,
2026-08-04T09:19:36.399,131680480,T0004,OBJ-F,SC-01,normal,68,156,67,180,28,open,
2026-08-04T09:19:36.420,131700752,T0004,OBJ-F,SC-01,normal,68,156,67,180,28,open,
2026-08-04T09:19:36.440,131720544,T0004,OBJ-F,SC-01,normal,68,156,67,180,28,open,
2026-08-04T09:19:36.460,131740692,T0004,OBJ-F,SC-01,normal,68,156,67,180,28,open,
2026-08-04T09:19:36.480,131760276,T0004,OBJ-F,SC-01,normal,68,156,67,180,28,open,
2026-08-04T09:19:36.500,131780632,T0004,OBJ-F,SC-01,normal,68,156,67,180,28,open,
2026-08-04T09:19:36.520,131800076,T0004,OBJ-F,SC-01,normal,69,156,67,180,28,open,
2026-08-04T09:19:36.540,131820556,T0004,OBJ-F,SC-01,normal,69,156,67,180,28,open,
2026-08-04T09:19:36.560,131840016,T0004,OBJ-F,SC-01,normal,69,156,67,180,28,open,
2026-08-04T09:19:36.580,131860496,T0004,OBJ-F,SC-01,normal,69,156,67,180,28,open,
2026-08-04T09:19:36.600,131880976,T0004,OBJ-F,SC-01,normal,69,156,67,180,28,open,
2026-08-04T09:19:36.620,131900432,T0004,OBJ-F,SC-01,normal,70,156,67,180,28,open,
2026-08-04T09:19:36.641,131920912,T0004,OBJ-F,SC-01,normal,70,156,67,180,28,open,
2026-08-04T09:19:36.660,131940372,T0004,OBJ-F,SC-01,normal,70,156,67,180,28,open,
2026-08-04T09:19:36.681,131960852,T0004,OBJ-F,SC-01,normal,70,156,67,180,28,open,
2026-08-04T09:19:36.700,131980312,T0004,OBJ-F,SC-01,normal,70,156,67,180,28,open,
2026-08-04T09:19:36.720,132000796,T0004,OBJ-F,SC-01,normal,70,156,67,180,28,open,
2026-08-04T09:19:36.740,132020236,T0004,OBJ-F,SC-01,normal,70,156,67,180,28,open,
2026-08-04T09:19:36.761,132040716,T0004,OBJ-F,SC-01,normal,70,156,67,180,28,open,
2026-08-04T09:19:36.780,132060176,T0004,OBJ-F,SC-01,normal,70,156,67,180,28,open,
2026-08-04T09:19:36.800,132080656,T0004,OBJ-F,SC-01,normal,70,156,67,180,28,open,
2026-08-04T09:19:36.819,132100116,T0004,OBJ-F,SC-01,normal,70,156,67,180,28,open,
2026-08-04T09:19:36.840,132120596,T0004,OBJ-F,SC-01,normal,70,156,67,180,28,open,
2026-08-04T09:19:36.860,132140056,T0004,OBJ-F,SC-01,normal,70,156,67,180,28,open,
2026-08-04T09:19:36.880,132160536,T0004,OBJ-F,SC-01,normal,70,156,67,180,28,open,
2026-08-04T09:19:36.900,132181012,T0004,OBJ-F,SC-01,normal,70,156,67,180,28,open,
2026-08-04T09:19:36.920,132200472,T0004,OBJ-F,SC-01,normal,70,156,67,180,28,open,
2026-08-04T09:19:36.941,132220952,T0004,OBJ-F,SC-01,normal,70,156,67,180,28,open,
2026-08-04T09:19:36.960,132240396,T0004,OBJ-F,SC-01,normal,70,156,67,180,28,open,
2026-08-04T09:19:36.980,132260876,T0004,OBJ-F,SC-01,normal,70,156,67,180,28,open,
2026-08-04T09:19:37.000,132280336,T0004,OBJ-F,SC-01,normal,70,156,67,180,28,open,
2026-08-04T09:19:37.020,132300816,T0004,OBJ-F,SC-01,normal,70,156,67,180,28,open,
2026-08-04T09:19:37.040,132320272,T0004,OBJ-F,SC-01,normal,70,156,67,180,28,open,
2026-08-04T09:19:37.060,132340752,T0004,OBJ-F,SC-01,normal,70,156,67,180,28,open,
2026-08-04T09:19:37.080,132360216,T0004,OBJ-F,SC-01,normal,70,156,67,180,28,open,
2026-08-04T09:19:37.100,132380696,T0004,OBJ-F,SC-01,normal,70,156,67,180,28,open,
2026-08-04T09:19:37.120,132400140,T0004,OBJ-F,SC-01,normal,70,156,67,180,28,open,
2026-08-04T09:19:37.140,132420620,T0004,OBJ-F,SC-01,normal,70,156,67,180,28,open,
2026-08-04T09:19:37.160,132440080,T0004,OBJ-F,SC-01,normal,70,156,67,180,28,open,
2026-08-04T09:19:37.180,132460560,T0004,OBJ-F,SC-01,normal,70,156,67,180,28,open,
2026-08-04T09:19:37.200,132480020,T0004,OBJ-F,SC-01,normal,70,156,67,180,28,open,
2026-08-04T09:19:37.220,132500496,T0004,OBJ-F,SC-01,normal,70,156,67,180,28,open,
2026-08-04T09:19:37.240,132520976,T0004,OBJ-F,SC-01,normal,70,156,67,180,28,open,
2026-08-04T09:19:37.260,132540436,T0004,OBJ-F,SC-01,normal,70,156,67,180,28,open,
2026-08-04T09:19:37.281,132560920,T0004,OBJ-F,SC-01,normal,70,156,67,180,28,open,
2026-08-04T09:19:37.300,132580376,T0004,OBJ-F,SC-01,normal,70,156,67,180,28,open,
2026-08-04T09:19:37.321,132600860,T0004,OBJ-F,SC-01,normal,70,156,67,180,28,open,
2026-08-04T09:19:37.340,132620304,T0004,OBJ-F,SC-01,normal,70,157,67,180,28,open,
2026-08-04T09:19:37.360,132640784,T0004,OBJ-F,SC-01,normal,70,157,67,180,28,open,
2026-08-04T09:19:37.380,132660244,T0004,OBJ-F,SC-01,normal,70,158,67,180,28,open,
2026-08-04T09:19:37.400,132680724,T0004,OBJ-F,SC-01,normal,70,158,67,180,28,open,
2026-08-04T09:19:37.420,132700184,T0004,OBJ-F,SC-01,normal,70,158,67,180,28,open,
2026-08-04T09:19:37.440,132720652,T0004,OBJ-F,SC-01,normal,70,158,67,180,28,open,
2026-08-04T09:19:37.459,132740108,T0004,OBJ-F,SC-01,normal,70,158,67,180,28,open,
2026-08-04T09:19:37.480,132760592,T0004,OBJ-F,SC-01,normal,70,158,67,180,28,open,
2026-08-04T09:19:37.500,132780052,T0004,OBJ-F,SC-01,normal,70,158,67,180,28,open,
2026-08-04T09:19:37.520,132800532,T0004,OBJ-F,SC-01,normal,70,158,67,180,28,open,
2026-08-04T09:19:37.540,132821012,T0004,OBJ-F,SC-01,normal,70,158,67,180,28,open,
2026-08-04T09:19:37.560,132840472,T0004,OBJ-F,SC-01,normal,70,158,67,180,28,open,
2026-08-04T09:19:37.581,132860956,T0004,OBJ-F,SC-01,normal,70,158,67,180,28,open,
2026-08-04T09:19:37.600,132880400,T0004,OBJ-F,SC-01,normal,70,158,67,180,28,open,
2026-08-04T09:19:37.620,132900880,T0004,OBJ-F,SC-01,normal,70,158,67,180,28,open,
2026-08-04T09:19:37.640,132920340,T0004,OBJ-F,SC-01,normal,70,158,67,180,28,open,
2026-08-04T09:19:37.661,132940820,T0004,OBJ-F,SC-01,normal,70,159,67,180,28,open,
2026-08-04T09:19:37.680,132960280,T0004,OBJ-F,SC-01,normal,70,159,67,180,28,open,
2026-08-04T09:19:37.700,132980760,T0004,OBJ-F,SC-01,normal,70,159,67,180,28,open,
2026-08-04T09:19:37.720,133000204,T0004,OBJ-F,SC-01,normal,70,159,67,180,28,open,
2026-08-04T09:19:37.741,133020684,T0004,OBJ-F,SC-01,normal,70,159,67,180,28,open,
2026-08-04T09:19:37.760,133040144,T0004,OBJ-F,SC-01,normal,70,159,67,180,28,open,
2026-08-04T09:19:37.780,133060628,T0004,OBJ-F,SC-01,normal,70,159,67,180,28,open,
2026-08-04T09:19:37.799,133080088,T0004,OBJ-F,SC-01,normal,70,159,67,180,28,open,
2026-08-04T09:19:37.820,133100568,T0004,OBJ-F,SC-01,normal,70,159,67,180,28,open,
2026-08-04T09:19:37.840,133120012,T0004,OBJ-F,SC-01,normal,70,159,67,180,28,open,
2026-08-04T09:19:37.860,133140492,T0004,OBJ-F,SC-01,normal,70,159,67,180,28,open,
2026-08-04T09:19:37.881,133160972,T0004,OBJ-F,SC-01,normal,70,159,67,180,28,open,
2026-08-04T09:19:37.900,133180428,T0004,OBJ-F,SC-01,normal,70,159,67,180,28,open,
2026-08-04T09:19:37.920,133200912,T0004,OBJ-F,SC-01,normal,70,159,67,180,28,open,
2026-08-04T09:19:37.940,133220372,T0004,OBJ-F,SC-01,normal,70,159,67,180,28,open,
2026-08-04T09:19:37.960,133240852,T0004,OBJ-F,SC-01,normal,70,159,67,180,28,open,
2026-08-04T09:19:37.980,133260312,T0004,OBJ-F,SC-01,normal,70,159,67,180,28,open,
2026-08-04T09:19:38.000,133280792,T0004,OBJ-F,SC-01,normal,70,159,67,180,28,open,
2026-08-04T09:19:38.020,133300236,T0004,OBJ-F,SC-01,normal,70,159,67,180,28,open,
2026-08-04T09:19:38.040,133320716,T0004,OBJ-F,SC-01,normal,70,159,67,180,28,open,
2026-08-04T09:19:38.060,133340180,T0004,OBJ-F,SC-01,normal,70,159,67,180,28,open,
2026-08-04T09:19:38.080,133360660,T0004,OBJ-F,SC-01,normal,70,159,67,180,28,open,
2026-08-04T09:19:38.100,133380120,T0004,OBJ-F,SC-01,normal,70,159,67,180,28,open,
2026-08-04T09:19:38.120,133400600,T0004,OBJ-F,SC-01,normal,70,159,67,180,28,open,
2026-08-04T09:19:38.140,133420044,T0004,OBJ-F,SC-01,normal,70,159,67,180,28,open,
2026-08-04T09:19:38.160,133440524,T0004,OBJ-F,SC-01,normal,70,159,67,180,28,open,
2026-08-04T09:19:38.180,133461004,T0004,OBJ-F,SC-01,normal,70,159,67,180,28,open,
2026-08-04T09:19:38.200,133480464,T0004,OBJ-F,SC-01,normal,70,159,67,180,28,open,
2026-08-04T09:19:38.220,133500948,T0004,OBJ-F,SC-01,normal,70,159,67,180,28,open,
2026-08-04T09:19:38.240,133520408,T0004,OBJ-F,SC-01,normal,70,159,67,180,28,open,
2026-08-04T09:19:38.261,133540888,T0004,OBJ-F,SC-01,normal,70,160,67,180,28,open,
2026-08-04T09:19:38.280,133560332,T0004,OBJ-F,SC-01,normal,70,160,67,180,28,open,
2026-08-04T09:19:38.300,133580812,T0004,OBJ-F,SC-01,normal,70,160,67,180,28,open,
2026-08-04T09:19:38.320,133600272,T0004,OBJ-F,SC-01,normal,70,160,67,180,28,open,
2026-08-04T09:19:38.340,133620752,T0004,OBJ-F,SC-01,normal,70,160,67,180,28,open,
2026-08-04T09:19:38.360,133640212,T0004,OBJ-F,SC-01,normal,70,161,67,180,28,open,
2026-08-04T09:19:38.380,133660692,T0004,OBJ-F,SC-01,normal,70,161,67,180,28,open,
2026-08-04T09:19:38.400,133680152,T0004,OBJ-F,SC-01,normal,70,161,67,180,28,open,
2026-08-04T09:19:38.420,133700632,T0004,OBJ-F,SC-01,normal,70,162,67,180,28,open,
2026-08-04T09:19:38.440,133720076,T0004,OBJ-F,SC-01,normal,70,162,67,180,28,open,
2026-08-04T09:19:38.460,133740556,T0004,OBJ-F,SC-01,normal,70,162,67,180,28,open,
2026-08-04T09:19:38.480,133760016,T0004,OBJ-F,SC-01,normal,70,162,67,180,28,open,
2026-08-04T09:19:38.500,133780492,T0004,OBJ-F,SC-01,normal,70,163,67,180,28,open,
2026-08-04T09:19:38.521,133800972,T0004,OBJ-F,SC-01,normal,70,163,67,180,28,open,
2026-08-04T09:19:38.540,133820428,T0004,OBJ-F,SC-01,normal,70,163,67,180,28,open,
2026-08-04T09:19:38.560,133840912,T0004,OBJ-F,SC-01,normal,70,164,67,180,28,open,
2026-08-04T09:19:38.580,133860372,T0004,OBJ-F,SC-01,normal,70,164,67,180,28,open,
2026-08-04T09:19:38.601,133880852,T0004,OBJ-F,SC-01,normal,70,164,67,180,28,open,
2026-08-04T09:19:38.620,133900312,T0004,OBJ-F,SC-01,normal,70,165,67,180,28,open,
2026-08-04T09:19:38.641,133920792,T0004,OBJ-F,SC-01,normal,70,165,67,180,28,open,
2026-08-04T09:19:38.660,133940236,T0004,OBJ-F,SC-01,normal,70,165,67,180,28,open,
2026-08-04T09:19:38.680,133960716,T0004,OBJ-F,SC-01,normal,70,165,67,180,28,open,
2026-08-04T09:19:38.700,133980176,T0004,OBJ-F,SC-01,normal,70,165,67,180,28,open,
2026-08-04T09:19:38.720,134000656,T0004,OBJ-F,SC-01,normal,70,165,67,180,28,open,
2026-08-04T09:19:38.740,134020116,T0004,OBJ-F,SC-01,normal,70,165,67,180,28,open,
2026-08-04T09:19:38.760,134040596,T0004,OBJ-F,SC-01,normal,70,165,67,180,28,open,
2026-08-04T09:19:38.780,134060056,T0004,OBJ-F,SC-01,normal,70,165,67,180,28,open,
2026-08-04T09:19:38.800,134080536,T0004,OBJ-F,SC-01,normal,70,165,67,180,28,open,
2026-08-04T09:19:38.819,134101016,T0004,OBJ-F,SC-01,normal,70,165,67,180,28,open,
2026-08-04T09:19:38.840,134120460,T0004,OBJ-F,SC-01,normal,70,166,67,180,28,open,
2026-08-04T09:19:38.860,134140944,T0004,OBJ-F,SC-01,normal,70,166,67,180,28,open,
2026-08-04T09:19:38.879,134160404,T0004,OBJ-F,SC-01,normal,70,166,67,180,28,open,
2026-08-04T09:19:38.901,134180884,T0004,OBJ-F,SC-01,normal,70,166,67,180,28,open,
2026-08-04T09:19:38.920,134200344,T0004,OBJ-F,SC-01,normal,70,166,67,180,28,open,
2026-08-04T09:19:38.940,134220828,T0004,OBJ-F,SC-01,normal,70,166,67,180,28,open,
2026-08-04T09:19:38.960,134240268,T0004,OBJ-F,SC-01,normal,70,167,67,180,28,open,
2026-08-04T09:19:38.980,134260748,T0004,OBJ-F,SC-01,normal,70,167,67,180,28,open,
2026-08-04T09:19:39.000,134280212,T0004,OBJ-F,SC-01,normal,70,167,67,180,28,open,
2026-08-04T09:19:39.020,134300692,T0004,OBJ-F,SC-01,normal,70,167,67,180,28,open,
2026-08-04T09:19:39.040,134320152,T0004,OBJ-F,SC-01,normal,70,167,67,180,28,open,
2026-08-04T09:19:39.060,134340636,T0004,OBJ-F,SC-01,normal,70,167,67,180,28,open,
2026-08-04T09:19:39.080,134360080,T0004,OBJ-F,SC-01,normal,70,167,67,180,28,open,
2026-08-04T09:19:39.100,134380560,T0004,OBJ-F,SC-01,normal,70,167,67,180,28,open,
2026-08-04T09:19:39.120,134400020,T0004,OBJ-F,SC-01,normal,70,168,67,180,28,open,
2026-08-04T09:19:39.140,134420496,T0004,OBJ-F,SC-01,normal,70,168,67,180,28,open,
2026-08-04T09:19:39.160,134440976,T0004,OBJ-F,SC-01,normal,70,168,67,180,28,open,
2026-08-04T09:19:39.180,134460432,T0004,OBJ-F,SC-01,normal,70,168,67,180,28,open,
2026-08-04T09:19:39.201,134480912,T0004,OBJ-F,SC-01,normal,70,168,67,180,28,open,
2026-08-04T09:19:39.220,134500372,T0004,OBJ-F,SC-01,normal,70,168,67,180,28,open,
2026-08-04T09:19:39.241,134520852,T0004,OBJ-F,SC-01,normal,70,168,67,180,28,open,
2026-08-04T09:19:39.260,134540312,T0004,OBJ-F,SC-01,normal,70,168,67,180,28,open,
2026-08-04T09:19:39.280,134560792,T0004,OBJ-F,SC-01,normal,70,168,67,180,28,open,
2026-08-04T09:19:39.300,134580236,T0004,OBJ-F,SC-01,normal,70,169,67,180,28,open,
2026-08-04T09:19:39.320,134600716,T0004,OBJ-F,SC-01,normal,70,169,67,180,28,open,
2026-08-04T09:19:39.340,134620176,T0004,OBJ-F,SC-01,normal,70,169,67,180,28,open,
2026-08-04T09:19:39.360,134640656,T0004,OBJ-F,SC-01,normal,70,169,67,180,28,open,
2026-08-04T09:19:39.380,134660116,T0004,OBJ-F,SC-01,normal,70,169,67,180,28,open,
2026-08-04T09:19:39.400,134680596,T0004,OBJ-F,SC-01,normal,70,170,67,180,28,open,
2026-08-04T09:19:39.420,134700056,T0004,OBJ-F,SC-01,normal,70,170,67,180,28,open,
2026-08-04T09:19:39.440,134720536,T0004,OBJ-F,SC-01,normal,70,170,67,180,28,open,
2026-08-04T09:19:39.460,134741016,T0004,OBJ-F,SC-01,normal,70,170,67,180,28,open,
2026-08-04T09:19:39.480,134760460,T0004,OBJ-F,SC-01,normal,70,170,67,180,28,open,
2026-08-04T09:19:39.501,134780956,T0004,OBJ-F,SC-01,normal,70,170,67,180,28,open,
2026-08-04T09:19:39.520,134800400,T0004,OBJ-F,SC-01,normal,70,170,67,180,28,open,
2026-08-04T09:19:39.540,134820880,T0004,OBJ-F,SC-01,normal,70,170,67,180,28,open,
2026-08-04T09:19:39.560,134840336,T0004,OBJ-F,SC-01,normal,70,170,67,180,28,open,
2026-08-04T09:19:39.580,134860816,T0004,OBJ-F,SC-01,normal,70,170,67,180,28,open,
2026-08-04T09:19:39.600,134880276,T0004,OBJ-F,SC-01,normal,70,171,67,180,28,open,
2026-08-04T09:19:39.620,134900756,T0004,OBJ-F,SC-01,normal,70,171,67,180,28,open,
2026-08-04T09:19:39.640,134920220,T0004,OBJ-F,SC-01,normal,70,171,67,180,28,open,
2026-08-04T09:19:39.660,134940684,T0004,OBJ-F,SC-01,normal,70,171,67,180,28,open,
2026-08-04T09:19:39.680,134960144,T0004,OBJ-F,SC-01,normal,70,171,67,180,28,open,
2026-08-04T09:19:39.701,134980624,T0004,OBJ-F,SC-01,normal,70,171,67,180,28,open,
2026-08-04T09:19:39.720,135000088,T0004,OBJ-F,SC-01,normal,70,171,67,180,28,open,
2026-08-04T09:19:39.740,135020568,T0004,OBJ-F,SC-01,normal,70,171,67,180,28,open,
2026-08-04T09:19:39.760,135040012,T0004,OBJ-F,SC-01,normal,70,171,67,180,28,open,
2026-08-04T09:19:39.780,135060492,T0004,OBJ-F,SC-01,normal,70,171,67,180,28,open,
2026-08-04T09:19:39.800,135080972,T0004,OBJ-F,SC-01,normal,70,171,67,180,28,open,
2026-08-04T09:19:39.820,135100432,T0004,OBJ-F,SC-01,normal,70,171,67,180,28,open,
2026-08-04T09:19:39.841,135120916,T0004,OBJ-F,SC-01,normal,70,171,67,180,28,open,
2026-08-04T09:19:39.860,135140376,T0004,OBJ-F,SC-01,normal,70,171,67,180,28,open,
2026-08-04T09:19:39.881,135160856,T0004,OBJ-F,SC-01,normal,70,171,67,180,28,open,
2026-08-04T09:19:39.900,135180304,T0004,OBJ-F,SC-01,normal,70,171,67,180,28,open,
2026-08-04T09:19:39.921,135200784,T0004,OBJ-F,SC-01,normal,70,171,67,180,28,open,
2026-08-04T09:19:39.940,135220244,T0004,OBJ-F,SC-01,normal,70,171,67,180,28,open,
2026-08-04T09:19:39.961,135240724,T0004,OBJ-F,SC-01,normal,70,171,67,180,28,open,
2026-08-04T09:19:39.980,135260184,T0004,OBJ-F,SC-01,normal,70,171,67,180,28,open,
2026-08-04T09:19:40.001,135280664,T0004,OBJ-F,SC-01,normal,70,171,67,180,28,open,
2026-08-04T09:19:40.021,135300120,T0004,OBJ-F,SC-01,normal,70,171,67,180,28,open,
2026-08-04T09:19:40.041,135320604,T0004,OBJ-F,SC-01,normal,70,171,67,180,28,open,
2026-08-04T09:19:40.061,135340048,T0004,OBJ-F,SC-01,normal,70,171,67,180,28,open,
2026-08-04T09:19:40.082,135360528,T0004,OBJ-F,SC-01,normal,70,171,67,180,28,open,
2026-08-04T09:19:40.102,135381008,T0004,OBJ-F,SC-01,normal,70,171,67,180,28,open,
2026-08-04T09:19:40.122,135400468,T0004,OBJ-F,SC-01,normal,70,171,67,180,28,open,
2026-08-04T09:19:40.142,135420948,T0004,OBJ-F,SC-01,normal,70,171,67,180,28,open,
2026-08-04T09:19:40.161,135440408,T0004,OBJ-F,SC-01,normal,70,171,67,180,28,open,
2026-08-04T09:19:40.182,135460892,T0004,OBJ-F,SC-01,normal,70,171,67,180,28,open,
2026-08-04T09:19:40.201,135480332,T0004,OBJ-F,SC-01,normal,70,171,67,180,28,open,
2026-08-04T09:19:40.222,135500812,T0004,OBJ-F,SC-01,normal,70,171,67,180,28,open,
2026-08-04T09:19:40.242,135520272,T0004,OBJ-F,SC-01,normal,70,171,67,180,28,open,
2026-08-04T09:19:40.262,135540756,T0004,OBJ-F,SC-01,normal,70,171,67,180,28,open,
2026-08-04T09:19:40.282,135560216,T0004,OBJ-F,SC-01,normal,70,171,67,180,28,open,
2026-08-04T09:19:40.302,135580700,T0004,OBJ-F,SC-01,normal,70,171,67,180,28,open,
2026-08-04T09:19:40.322,135600140,T0004,OBJ-F,SC-01,normal,70,171,67,180,28,open,
2026-08-04T09:19:40.343,135620624,T0004,OBJ-F,SC-01,normal,70,171,67,180,28,open,
2026-08-04T09:19:40.362,135640084,T0004,OBJ-F,SC-01,normal,70,171,67,180,28,open,
2026-08-04T09:19:40.383,135660564,T0004,OBJ-F,SC-01,normal,70,171,67,180,28,open,
2026-08-04T09:19:40.420,135680028,T0004,OBJ-F,SC-01,normal,70,171,67,180,28,open,
2026-08-04T09:19:40.422,135700504,T0004,OBJ-F,SC-01,normal,70,171,67,180,28,open,
2026-08-04T09:19:40.460,135720984,T0004,OBJ-F,SC-01,normal,70,171,67,180,28,open,
2026-08-04T09:19:40.463,135740428,T0004,OBJ-F,SC-01,normal,70,171,67,180,28,open,
2026-08-04T09:19:40.500,135760908,T0004,OBJ-F,SC-01,normal,70,171,67,180,28,open,
2026-08-04T09:19:40.503,135780368,T0004,OBJ-F,SC-01,normal,70,171,67,180,28,open,
2026-08-04T09:19:40.540,135800852,T0004,OBJ-F,SC-01,normal,70,171,67,180,28,open,
2026-08-04T09:19:40.543,135820312,T0004,OBJ-F,SC-01,normal,70,171,67,180,28,open,
2026-08-04T09:19:40.580,135840796,T0004,OBJ-F,SC-01,normal,70,171,67,180,28,open,
2026-08-04T09:19:40.583,135860236,T0004,OBJ-F,SC-01,normal,70,171,67,180,28,open,
2026-08-04T09:19:40.620,135880720,T0004,OBJ-F,SC-01,normal,70,171,67,180,28,open,
2026-08-04T09:19:40.640,135900180,T0004,OBJ-F,SC-01,normal,70,171,67,180,28,open,
2026-08-04T09:19:40.660,135920664,T0004,OBJ-F,SC-01,normal,70,171,67,180,28,open,
2026-08-04T09:19:40.680,135940124,T0004,OBJ-F,SC-01,normal,70,171,67,180,28,open,
2026-08-04T09:19:40.700,135960588,T0004,OBJ-F,SC-01,normal,70,171,67,180,28,open,
2026-08-04T09:19:40.721,135980068,T0004,OBJ-F,SC-01,normal,70,171,67,180,28,open,
2026-08-04T09:19:40.724,136000532,T0004,OBJ-F,SC-01,normal,70,171,67,180,28,open,
2026-08-04T09:19:40.760,136021012,T0004,OBJ-F,SC-01,normal,70,171,67,180,28,open,
2026-08-04T09:19:40.781,136040472,T0004,OBJ-F,SC-01,normal,70,171,67,180,28,open,
2026-08-04T09:19:40.799,136060952,T0004,OBJ-F,SC-01,normal,70,171,67,180,28,open,
2026-08-04T09:19:40.820,136080396,T0004,OBJ-F,SC-01,normal,70,171,67,180,28,open,
2026-08-04T09:19:40.840,136100876,T0004,OBJ-F,SC-01,normal,70,171,67,180,28,open,
2026-08-04T09:19:40.860,136120336,T0004,OBJ-F,SC-01,normal,70,171,67,180,28,open,
2026-08-04T09:19:40.880,136140816,T0004,OBJ-F,SC-01,normal,70,171,67,180,28,open,
2026-08-04T09:19:40.900,136160276,T0004,OBJ-F,SC-01,normal,70,171,67,180,28,open,
2026-08-04T09:19:40.919,136180756,T0004,OBJ-F,SC-01,normal,70,171,67,180,28,open,
2026-08-04T09:19:40.940,136200220,T0004,OBJ-F,SC-01,normal,70,171,67,180,28,open,
2026-08-04T09:19:40.960,136220700,T0004,OBJ-F,SC-01,normal,70,171,67,180,28,open,
2026-08-04T09:19:40.980,136240144,T0004,OBJ-F,SC-01,normal,70,171,67,179,28,open,
2026-08-04T09:19:41.000,136260624,T0004,OBJ-F,SC-01,normal,70,171,67,179,28,open,
2026-08-04T09:19:41.020,136280080,T0004,OBJ-F,SC-01,normal,70,171,67,178,28,open,
2026-08-04T09:19:41.040,136300568,T0004,OBJ-F,SC-01,normal,70,171,67,178,28,open,
2026-08-04T09:19:41.060,136320024,T0004,OBJ-F,SC-01,normal,70,171,67,177,28,open,
2026-08-04T09:19:41.081,136340508,T0004,OBJ-F,SC-01,normal,70,171,67,177,28,open,
2026-08-04T09:19:41.100,136360972,T0004,OBJ-F,SC-01,normal,70,171,67,176,28,open,
2026-08-04T09:19:41.121,136380428,T0004,OBJ-F,SC-01,normal,70,171,67,176,28,open,
2026-08-04T09:19:41.140,136400912,T0004,OBJ-F,SC-01,normal,70,171,67,175,28,open,
2026-08-04T09:19:41.161,136420368,T0004,OBJ-F,SC-01,normal,70,171,67,175,28,open,
2026-08-04T09:19:41.180,136440852,T0004,OBJ-F,SC-01,normal,70,171,67,175,28,open,
2026-08-04T09:19:41.201,136460312,T0004,OBJ-F,SC-01,normal,70,171,67,175,28,open,
2026-08-04T09:19:41.220,136480792,T0004,OBJ-F,SC-01,normal,70,171,67,175,28,open,
2026-08-04T09:19:41.240,136500252,T0004,OBJ-F,SC-01,normal,70,171,67,174,28,open,
2026-08-04T09:19:41.260,136520732,T0004,OBJ-F,SC-01,normal,70,171,67,174,28,open,
2026-08-04T09:19:41.280,136540200,T0004,OBJ-F,SC-01,normal,70,171,67,174,28,open,
2026-08-04T09:19:41.300,136560652,T0004,OBJ-F,SC-01,normal,70,171,67,174,28,open,
2026-08-04T09:19:41.320,136580108,T0004,OBJ-F,SC-01,normal,70,171,67,174,28,open,
2026-08-04T09:19:41.340,136600596,T0004,OBJ-F,SC-01,normal,70,171,67,174,28,open,
2026-08-04T09:19:41.361,136620048,T0004,OBJ-F,SC-01,normal,70,171,67,174,28,open,
2026-08-04T09:19:41.380,136640536,T0004,OBJ-F,SC-01,normal,70,171,67,174,28,open,
2026-08-04T09:19:41.400,136661016,T0004,OBJ-F,SC-01,normal,70,171,67,174,28,open,
2026-08-04T09:19:41.421,136680468,T0004,OBJ-F,SC-01,normal,70,171,67,174,28,open,
2026-08-04T09:19:41.440,136700960,T0004,OBJ-F,SC-01,normal,70,171,67,174,28,open,
2026-08-04T09:19:41.460,136720404,T0004,OBJ-F,SC-01,normal,70,171,67,175,28,open,
2026-08-04T09:19:41.479,136740876,T0004,OBJ-F,SC-01,normal,70,171,67,175,28,open,
2026-08-04T09:19:41.500,136760348,T0004,OBJ-F,SC-01,normal,70,171,67,176,28,open,
2026-08-04T09:19:41.520,136780812,T0004,OBJ-F,SC-01,normal,70,171,67,177,28,open,
2026-08-04T09:19:41.541,136800288,T0004,OBJ-F,SC-01,normal,70,171,67,178,28,open,
2026-08-04T09:19:41.560,136820756,T0004,OBJ-F,SC-01,normal,70,171,67,179,28,open,
2026-08-04T09:19:41.581,136840240,T0004,OBJ-F,SC-01,normal,70,171,67,180,28,open,
2026-08-04T09:19:41.600,136860696,T0004,OBJ-F,SC-01,normal,70,171,67,180,28,open,
2026-08-04T09:19:41.620,136880144,T0004,OBJ-F,SC-01,normal,70,171,67,180,28,open,
2026-08-04T09:19:41.640,136900632,T0004,OBJ-F,SC-01,normal,70,171,67,180,28,open,
2026-08-04T09:19:41.660,136920460,T0004,OBJ-F,SC-01,normal,70,171,67,180,28,open,
2026-08-04T09:19:41.680,136940872,T0004,OBJ-F,SC-01,normal,70,171,67,180,28,open,
2026-08-04T09:19:41.701,136960016,T0004,OBJ-F,SC-01,normal,70,171,67,180,28,open,
2026-08-04T09:19:41.721,136980496,T0004,OBJ-F,SC-01,normal,70,171,67,180,28,open,
2026-08-04T09:19:41.740,137000980,T0004,OBJ-F,SC-01,normal,70,171,67,180,28,open,
2026-08-04T09:19:41.761,137020556,T0004,OBJ-F,SC-01,normal,70,171,67,180,28,open,
2026-08-04T09:19:41.780,137041180,T0004,OBJ-F,SC-01,normal,70,171,67,180,28,open,
2026-08-04T09:19:41.800,137060376,T0004,OBJ-F,SC-01,normal,70,171,67,180,28,open,
2026-08-04T09:19:41.820,137080860,T0004,OBJ-F,SC-01,normal,70,171,67,180,28,open,
2026-08-04T09:19:41.840,137100304,T0004,OBJ-F,SC-01,normal,70,171,67,180,28,open,
2026-08-04T09:19:41.860,137120784,T0004,OBJ-F,SC-01,normal,70,171,67,180,28,open,
2026-08-04T09:19:41.880,137140240,T0004,OBJ-F,SC-01,normal,70,171,67,180,28,open,
2026-08-04T09:19:41.900,137160728,T0004,OBJ-F,SC-01,normal,70,171,67,180,28,open,
2026-08-04T09:19:41.920,137180184,T0004,OBJ-F,SC-01,normal,70,171,67,180,28,open,
2026-08-04T09:19:41.940,137200652,T0004,OBJ-F,SC-01,normal,70,171,67,180,28,open,
2026-08-04T09:19:41.960,137220108,T0004,OBJ-F,SC-01,normal,70,171,67,180,28,open,
2026-08-04T09:19:41.980,137240592,T0004,OBJ-F,SC-01,normal,70,171,67,180,28,open,
2026-08-04T09:19:42.000,137260048,T0004,OBJ-F,SC-01,normal,70,171,67,180,28,open,
2026-08-04T09:19:42.020,137280536,T0004,OBJ-F,SC-01,normal,70,171,67,180,28,open,
2026-08-04T09:19:42.040,137301016,T0004,OBJ-F,SC-01,normal,70,171,67,180,28,open,
2026-08-04T09:19:42.061,137320460,T0004,OBJ-F,SC-01,normal,70,171,67,180,28,open,
2026-08-04T09:19:42.080,137340940,T0004,OBJ-F,SC-01,normal,70,171,67,180,28,open,
2026-08-04T09:19:42.100,137360400,T0004,OBJ-F,SC-01,normal,70,171,67,180,28,open,
2026-08-04T09:19:42.120,137380880,T0004,OBJ-F,SC-01,normal,70,171,67,180,28,open,
2026-08-04T09:19:42.140,137400340,T0004,OBJ-F,SC-01,normal,70,171,67,180,28,open,
2026-08-04T09:19:42.160,137420824,T0004,OBJ-F,SC-01,normal,70,171,67,180,28,open,
2026-08-04T09:19:42.180,137440276,T0004,OBJ-F,SC-01,normal,70,171,67,180,28,open,
2026-08-04T09:19:42.200,137460748,T0004,OBJ-F,SC-01,normal,70,171,67,180,28,open,
2026-08-04T09:19:42.221,137480204,T0004,OBJ-F,SC-01,normal,70,171,67,180,28,open,
2026-08-04T09:19:42.240,137500692,T0004,OBJ-F,SC-01,normal,70,171,67,180,28,open,
2026-08-04T09:19:42.261,137520148,T0004,OBJ-F,SC-01,normal,70,171,67,180,28,open,
2026-08-04T09:19:42.280,137540636,T0004,OBJ-F,SC-01,normal,70,171,67,180,28,open,
2026-08-04T09:19:42.300,137560092,T0004,OBJ-F,SC-01,normal,70,171,67,180,28,open,
2026-08-04T09:19:42.319,137580560,T0004,OBJ-F,SC-01,normal,70,171,67,180,28,open,
2026-08-04T09:19:42.340,137600020,T0004,OBJ-F,SC-01,normal,70,171,67,180,28,open,
2026-08-04T09:19:42.361,137620504,T0004,OBJ-F,SC-01,normal,70,171,67,180,28,open,
2026-08-04T09:19:42.381,137640984,T0004,OBJ-F,SC-01,normal,70,171,67,180,28,open,
2026-08-04T09:19:42.400,137660428,T0004,OBJ-F,SC-01,normal,70,171,67,180,28,open,
2026-08-04T09:19:42.420,137680908,T0004,OBJ-F,SC-01,normal,70,171,67,178,28,open,
2026-08-04T09:19:42.441,137700384,T0004,OBJ-F,SC-01,normal,70,171,67,177,28,open,
2026-08-04T09:19:42.460,137720848,T0004,OBJ-F,SC-01,normal,70,171,67,175,28,open,
2026-08-04T09:19:42.481,137740304,T0004,OBJ-F,SC-01,normal,70,171,67,174,28,open,
2026-08-04T09:19:42.500,137760792,T0004,OBJ-F,SC-01,normal,70,171,67,173,28,open,
2026-08-04T09:19:42.520,137780248,T0004,OBJ-F,SC-01,normal,70,171,67,171,28,open,
2026-08-04T09:19:42.540,137800716,T0004,OBJ-F,SC-01,normal,70,171,67,170,28,open,
2026-08-04T09:19:42.561,137820172,T0004,OBJ-F,SC-01,normal,70,171,67,169,28,open,
2026-08-04T09:19:42.580,137840656,T0004,OBJ-F,SC-01,normal,70,171,67,168,28,open,
2026-08-04T09:19:42.600,137860112,T0004,OBJ-F,SC-01,normal,70,171,67,167,28,open,
2026-08-04T09:19:42.619,137880596,T0004,OBJ-F,SC-01,normal,70,171,67,166,28,open,
2026-08-04T09:19:42.640,137900052,T0004,OBJ-F,SC-01,normal,70,171,67,164,28,open,
2026-08-04T09:19:42.660,137920524,T0004,OBJ-F,SC-01,normal,70,171,67,162,28,open,
2026-08-04T09:19:42.680,137941004,T0004,OBJ-F,SC-01,normal,70,171,67,162,28,open,
2026-08-04T09:19:42.701,137960464,T0004,OBJ-F,SC-01,normal,70,171,67,162,28,open,
2026-08-04T09:19:42.720,137980948,T0004,OBJ-F,SC-01,normal,70,171,67,162,28,open,
2026-08-04T09:19:42.741,138000404,T0004,OBJ-F,SC-01,normal,70,171,67,162,28,open,
2026-08-04T09:19:42.760,138020888,T0004,OBJ-F,SC-01,normal,70,171,67,162,28,open,
2026-08-04T09:19:42.780,138040344,T0004,OBJ-F,SC-01,normal,70,171,67,162,28,open,
2026-08-04T09:19:42.800,138060812,T0004,OBJ-F,SC-01,normal,70,171,67,162,28,open,
2026-08-04T09:19:42.820,138080284,T0004,OBJ-F,SC-01,normal,70,171,67,162,28,open,
2026-08-04T09:19:42.840,138100752,T0004,OBJ-F,SC-01,normal,70,171,67,162,28,open,
2026-08-04T09:19:42.860,138120208,T0004,OBJ-F,SC-01,normal,70,171,67,162,28,open,
2026-08-04T09:19:42.880,138140692,T0004,OBJ-F,SC-01,normal,70,171,67,161,28,open,
2026-08-04T09:19:42.900,138160148,T0004,OBJ-F,SC-01,normal,70,171,67,160,28,open,
2026-08-04T09:19:42.919,138180620,T0004,OBJ-F,SC-01,normal,70,171,67,158,28,open,
2026-08-04T09:19:42.940,138200076,T0004,OBJ-F,SC-01,normal,70,171,67,157,28,open,
2026-08-04T09:19:42.959,138220564,T0004,OBJ-F,SC-01,normal,70,171,67,155,28,open,
2026-08-04T09:19:42.980,138240024,T0004,OBJ-F,SC-01,normal,70,171,67,153,28,holding,
2026-08-04T09:19:43.000,138260500,T0004,OBJ-F,SC-01,normal,70,171,67,152,28,holding,
2026-08-04T09:19:43.020,138280972,T0004,OBJ-F,SC-01,normal,70,171,67,151,28,holding,
2026-08-04T09:19:43.041,138300436,T0004,OBJ-F,SC-01,normal,70,171,67,150,28,holding,
2026-08-04T09:19:43.060,138320916,T0004,OBJ-F,SC-01,normal,70,171,67,149,28,holding,
2026-08-04T09:19:43.081,138340364,T0004,OBJ-F,SC-01,normal,70,171,67,148,28,holding,
2026-08-04T09:19:43.100,138360844,T0004,OBJ-F,SC-01,normal,70,171,67,147,28,holding,
2026-08-04T09:19:43.120,138380312,T0004,OBJ-F,SC-01,normal,70,171,67,146,28,holding,
2026-08-04T09:19:43.140,138400792,T0004,OBJ-F,SC-01,normal,70,171,67,145,28,holding,
2026-08-04T09:19:43.160,138420240,T0004,OBJ-F,SC-01,normal,70,171,67,144,28,holding,
2026-08-04T09:19:43.180,138440720,T0004,OBJ-F,SC-01,normal,70,171,67,143,28,holding,
2026-08-04T09:19:43.200,138460188,T0004,OBJ-F,SC-01,normal,70,171,67,142,28,holding,
2026-08-04T09:19:43.220,138480664,T0004,OBJ-F,SC-01,normal,70,171,67,141,28,holding,
2026-08-04T09:19:43.240,138500112,T0004,OBJ-F,SC-01,normal,70,171,67,140,28,holding,
2026-08-04T09:19:43.260,138520592,T0004,OBJ-F,SC-01,normal,70,171,67,139,28,holding,
2026-08-04T09:19:43.280,138540060,T0004,OBJ-F,SC-01,normal,70,171,67,139,28,holding,
2026-08-04T09:19:43.300,138560556,T0004,OBJ-F,SC-01,normal,70,171,67,139,28,holding,
2026-08-04T09:19:43.320,138581012,T0004,OBJ-F,SC-01,normal,70,171,67,139,28,holding,
2026-08-04T09:19:43.341,138600460,T0004,OBJ-F,SC-01,normal,70,171,67,139,28,holding,
2026-08-04T09:19:43.360,138620940,T0004,OBJ-F,SC-01,normal,70,171,67,139,28,holding,
2026-08-04T09:19:43.380,138640408,T0004,OBJ-F,SC-01,normal,70,171,67,139,28,holding,
2026-08-04T09:19:43.400,138660888,T0004,OBJ-F,SC-01,normal,70,171,67,139,28,holding,
2026-08-04T09:19:43.420,138680332,T0004,OBJ-F,SC-01,normal,70,171,67,139,28,holding,
2026-08-04T09:19:43.440,138700812,T0004,OBJ-F,SC-01,normal,70,171,67,139,28,holding,
2026-08-04T09:19:43.461,138720280,T0004,OBJ-F,SC-01,normal,70,171,67,139,28,holding,
2026-08-04T09:19:43.480,138740760,T0004,OBJ-F,SC-01,normal,70,171,67,139,28,holding,
2026-08-04T09:19:43.500,138760208,T0004,OBJ-F,SC-01,normal,70,171,67,138,28,holding,
2026-08-04T09:19:43.520,138780688,T0004,OBJ-F,SC-01,normal,70,171,67,137,28,holding,
2026-08-04T09:19:43.540,138800152,T0004,OBJ-F,SC-01,normal,70,171,67,135,28,holding,
2026-08-04T09:19:43.560,138820636,T0004,OBJ-F,SC-01,normal,70,171,67,133,28,holding,
2026-08-04T09:19:43.580,138840084,T0004,OBJ-F,SC-01,normal,70,171,67,130,28,closing,
2026-08-04T09:19:43.599,138860560,T0004,OBJ-F,SC-01,normal,70,171,67,128,28,holding,
2026-08-04T09:19:43.620,138880012,T0004,OBJ-F,SC-01,normal,70,171,67,126,28,holding,
2026-08-04T09:19:43.640,138900500,T0004,OBJ-F,SC-01,normal,70,171,67,125,28,holding,
2026-08-04T09:19:43.660,138920980,T0004,OBJ-F,SC-01,normal,70,171,67,124,28,holding,
2026-08-04T09:19:43.681,138940428,T0004,OBJ-F,SC-01,normal,70,171,67,123,28,holding,
2026-08-04T09:19:43.700,138960908,T0004,OBJ-F,SC-01,normal,70,171,67,123,28,holding,
2026-08-04T09:19:43.721,138980376,T0004,OBJ-F,SC-01,normal,70,171,67,123,28,holding,
2026-08-04T09:19:43.740,139000856,T0004,OBJ-F,SC-01,normal,70,171,67,122,28,holding,
2026-08-04T09:19:43.760,139020304,T0004,OBJ-F,SC-01,normal,70,171,67,123,28,holding,
2026-08-04T09:19:43.780,139040784,T0004,OBJ-F,SC-01,normal,70,171,67,123,28,holding,
2026-08-04T09:19:43.800,139060248,T0004,OBJ-F,SC-01,normal,70,171,67,123,28,holding,
2026-08-04T09:19:43.820,139080728,T0004,OBJ-F,SC-01,normal,70,171,67,123,28,holding,
2026-08-04T09:19:43.840,139100176,T0004,OBJ-F,SC-01,normal,70,171,67,123,28,holding,
2026-08-04T09:19:43.860,139120656,T0004,OBJ-F,SC-01,normal,70,171,67,123,28,holding,
2026-08-04T09:19:43.880,139140124,T0004,OBJ-F,SC-01,normal,70,171,67,123,28,holding,
2026-08-04T09:19:43.900,139160600,T0004,OBJ-F,SC-01,normal,70,171,67,122,28,holding,
2026-08-04T09:19:43.920,139180052,T0004,OBJ-F,SC-01,normal,70,171,67,122,28,holding,
2026-08-04T09:19:43.940,139200528,T0004,OBJ-F,SC-01,normal,70,171,67,120,28,holding,
2026-08-04T09:19:43.960,139221008,T0004,OBJ-F,SC-01,normal,70,171,67,119,28,holding,
2026-08-04T09:19:43.981,139240476,T0004,OBJ-F,SC-01,normal,70,171,67,117,28,holding,
2026-08-04T09:19:44.000,139260956,T0004,OBJ-F,SC-01,normal,70,171,67,115,28,holding,
2026-08-04T09:19:44.021,139280408,T0004,OBJ-F,SC-01,normal,70,171,67,114,28,holding,
2026-08-04T09:19:44.040,139300884,T0004,OBJ-F,SC-01,normal,70,171,67,113,28,holding,
2026-08-04T09:19:44.061,139320332,T0004,OBJ-F,SC-01,normal,70,171,67,112,28,holding,
2026-08-04T09:19:44.080,139340828,T0004,OBJ-F,SC-01,normal,70,171,67,111,28,holding,
2026-08-04T09:19:44.100,139360276,T0004,OBJ-F,SC-01,normal,70,171,67,110,28,holding,
2026-08-04T09:19:44.120,139380756,T0004,OBJ-F,SC-01,normal,70,171,67,109,28,holding,
2026-08-04T09:19:44.140,139400220,T0004,OBJ-F,SC-01,normal,70,171,67,109,28,holding,
2026-08-04T09:19:44.159,139420716,T0004,OBJ-F,SC-01,normal,70,171,67,109,28,holding,
2026-08-04T09:19:44.180,139440148,T0004,OBJ-F,SC-01,normal,70,171,67,109,28,holding,
2026-08-04T09:19:44.199,139460620,T0004,OBJ-F,SC-01,normal,70,171,67,109,28,holding,
2026-08-04T09:19:44.220,139480076,T0004,OBJ-F,SC-01,normal,70,171,67,109,28,holding,
2026-08-04T09:19:44.240,139500568,T0004,OBJ-F,SC-01,normal,70,171,67,109,28,holding,
2026-08-04T09:19:44.260,139520020,T0004,OBJ-F,SC-01,normal,70,171,67,109,28,holding,
2026-08-04T09:19:44.281,139540492,T0004,OBJ-F,SC-01,normal,70,171,67,109,28,holding,
2026-08-04T09:19:44.300,139560972,T0004,OBJ-F,SC-01,normal,70,171,67,109,28,holding,
2026-08-04T09:19:44.321,139580436,T0004,OBJ-F,SC-01,normal,70,171,67,109,28,holding,
2026-08-04T09:19:44.340,139600916,T0004,OBJ-F,SC-01,normal,70,171,67,109,28,holding,
2026-08-04T09:19:44.361,139620364,T0004,OBJ-F,SC-01,normal,70,171,67,109,28,holding,
2026-08-04T09:19:44.380,139640844,T0004,OBJ-F,SC-01,normal,70,171,67,109,28,holding,
2026-08-04T09:19:44.400,139660308,T0004,OBJ-F,SC-01,normal,70,171,67,109,28,holding,
2026-08-04T09:19:44.420,139680788,T0004,OBJ-F,SC-01,normal,70,171,67,109,28,holding,
2026-08-04T09:19:44.441,139700236,T0004,OBJ-F,SC-01,normal,70,171,67,108,28,closed,
2026-08-04T09:19:44.460,139720752,T0004,OBJ-F,SC-01,normal,70,171,67,107,28,closed,
2026-08-04T09:19:44.480,139740184,T0004,OBJ-F,SC-01,normal,70,171,67,106,28,closed,
2026-08-04T09:19:44.500,139760660,T0004,OBJ-F,SC-01,normal,70,171,67,105,28,closed,
2026-08-04T09:19:44.520,139780112,T0004,OBJ-F,SC-01,normal,70,171,67,103,28,closed,
2026-08-04T09:19:44.540,139800588,T0004,OBJ-F,SC-01,normal,70,171,67,102,28,closed,
2026-08-04T09:19:44.560,139820044,T0004,OBJ-F,SC-01,normal,70,171,67,102,28,closed,
2026-08-04T09:19:44.580,139840536,T0004,OBJ-F,SC-01,normal,70,171,67,101,28,closed,
2026-08-04T09:19:44.600,139861016,T0004,OBJ-F,SC-01,normal,70,171,67,101,28,closed,
2026-08-04T09:19:44.621,139880464,T0004,OBJ-F,SC-01,normal,70,171,67,100,28,closed,
2026-08-04T09:19:44.640,139900948,T0004,OBJ-F,SC-01,normal,70,171,67,100,28,closed,
2026-08-04T09:19:44.661,139920396,T0004,OBJ-F,SC-01,normal,70,171,67,100,28,closed,
2026-08-04T09:19:44.680,139940876,T0004,OBJ-F,SC-01,normal,70,171,67,100,28,closed,
2026-08-04T09:19:44.701,139960344,T0004,OBJ-F,SC-01,normal,70,171,67,100,28,closed,
2026-08-04T09:19:44.720,139980824,T0004,OBJ-F,SC-01,normal,70,171,67,100,28,closed,
2026-08-04T09:19:44.741,140000272,T0004,OBJ-F,SC-01,normal,70,171,67,100,28,closed,
2026-08-04T09:19:44.760,140020748,T0004,OBJ-F,SC-01,normal,70,171,67,100,28,closed,
2026-08-04T09:19:44.780,140040204,T0004,OBJ-F,SC-01,normal,70,171,67,100,28,closed,
2026-08-04T09:19:44.800,140060696,T0004,OBJ-F,SC-01,normal,70,171,67,100,28,closed,
2026-08-04T09:19:44.820,140080152,T0004,OBJ-F,SC-01,normal,70,171,67,100,28,closed,
2026-08-04T09:19:44.840,140100628,T0004,OBJ-F,SC-01,normal,70,171,67,100,28,closed,
2026-08-04T09:19:44.860,140120092,T0004,OBJ-F,SC-01,normal,70,171,67,99,28,closed,
2026-08-04T09:19:44.880,140140556,T0004,OBJ-F,SC-01,normal,70,171,67,98,28,closed,
2026-08-04T09:19:44.900,140160016,T0004,OBJ-F,SC-01,normal,70,171,67,97,28,closed,
2026-08-04T09:19:44.921,140180496,T0004,OBJ-F,SC-01,normal,70,171,67,96,28,closed,
2026-08-04T09:19:44.940,140200984,T0004,OBJ-F,SC-01,normal,70,171,67,95,28,closed,
2026-08-04T09:19:44.960,140220440,T0004,OBJ-F,SC-01,normal,70,171,67,95,28,closed,
2026-08-04T09:19:44.980,140240912,T0004,OBJ-F,SC-01,normal,70,171,67,95,28,closed,
2026-08-04T09:19:45.000,140260368,T0004,OBJ-F,SC-01,normal,70,171,67,94,28,closed,
2026-08-04T09:19:45.019,140280872,T0004,OBJ-F,SC-01,normal,70,171,67,94,28,closed,
2026-08-04T09:19:45.040,140300312,T0004,OBJ-F,SC-01,normal,70,171,67,94,28,closed,
2026-08-04T09:19:45.060,140320792,T0004,OBJ-F,SC-01,normal,70,171,67,94,28,closed,
2026-08-04T09:19:45.080,140340236,T0004,OBJ-F,SC-01,normal,70,171,67,94,28,closed,
2026-08-04T09:19:45.100,140360720,T0004,OBJ-F,SC-01,normal,70,171,67,94,28,closed,
2026-08-04T09:19:45.120,140380180,T0004,OBJ-F,SC-01,normal,70,171,67,94,28,closed,
2026-08-04T09:19:45.140,140400664,T0004,OBJ-F,SC-01,normal,70,171,67,94,28,closed,
2026-08-04T09:19:45.160,140420124,T0004,OBJ-F,SC-01,normal,70,171,67,94,28,closed,
2026-08-04T09:19:45.180,140440588,T0004,OBJ-F,SC-01,normal,70,171,67,94,28,closed,
2026-08-04T09:19:45.200,140460048,T0004,OBJ-F,SC-01,normal,70,171,67,94,28,closed,
2026-08-04T09:19:45.220,140480532,T0004,OBJ-F,SC-01,normal,70,171,67,94,28,closed,
2026-08-04T09:19:45.241,140501020,T0004,OBJ-F,SC-01,normal,70,171,67,94,28,closed,
2026-08-04T09:19:45.261,140520476,T0004,OBJ-F,SC-01,normal,70,171,67,94,28,closed,
2026-08-04T09:19:45.281,140540944,T0004,OBJ-F,SC-01,normal,70,171,67,93,28,closed,
2026-08-04T09:19:45.301,140560404,T0004,OBJ-F,SC-01,normal,70,171,67,93,28,closed,
2026-08-04T09:19:45.321,140580908,T0004,OBJ-F,SC-01,normal,70,171,67,92,28,closed,
2026-08-04T09:19:45.341,140600348,T0004,OBJ-F,SC-01,normal,70,171,67,91,28,closed,
2026-08-04T09:19:45.361,140620812,T0004,OBJ-F,SC-01,normal,70,171,67,91,28,closed,
2026-08-04T09:19:45.381,140640272,T0004,OBJ-F,SC-01,normal,70,171,67,91,28,closed,
2026-08-04T09:19:45.401,140660752,T0004,OBJ-F,SC-01,normal,70,171,67,91,28,closed,
2026-08-04T09:19:45.421,140680216,T0004,OBJ-F,SC-01,normal,70,171,67,91,28,closed,
2026-08-04T09:19:45.441,140700700,T0004,OBJ-F,SC-01,normal,70,171,67,91,28,closed,
2026-08-04T09:19:45.460,140720144,T0004,OBJ-F,SC-01,normal,70,171,67,91,28,closed,
2026-08-04T09:19:45.481,140740628,T0004,OBJ-F,SC-01,normal,70,171,67,91,28,closed,
2026-08-04T09:19:45.501,140760088,T0004,OBJ-F,SC-01,normal,70,171,67,91,28,closed,
2026-08-04T09:19:45.522,140780556,T0004,OBJ-F,SC-01,normal,70,171,67,91,28,closed,
2026-08-04T09:19:45.541,140800016,T0004,OBJ-F,SC-01,normal,70,171,67,91,28,closed,
2026-08-04T09:19:45.561,140820496,T0004,OBJ-F,SC-01,normal,70,171,67,91,28,closed,
2026-08-04T09:19:45.582,140840984,T0004,OBJ-F,SC-01,normal,70,171,67,91,28,closed,
2026-08-04T09:19:45.601,140860436,T0004,OBJ-F,SC-01,normal,70,171,67,91,28,closed,
2026-08-04T09:19:45.622,140880920,T0004,OBJ-F,SC-01,normal,70,171,67,91,28,closed,
2026-08-04T09:19:45.642,140900364,T0004,OBJ-F,SC-01,normal,70,171,67,91,28,closed,
2026-08-04T09:19:45.663,140920848,T0004,OBJ-F,SC-01,normal,70,171,67,91,28,closed,
2026-08-04T09:19:45.682,140940308,T0004,OBJ-F,SC-01,normal,70,171,67,91,28,closed,
2026-08-04T09:19:45.720,140960788,T0004,OBJ-F,SC-01,normal,70,171,67,91,28,closed,
2026-08-04T09:19:45.722,140980248,T0004,OBJ-F,SC-01,normal,70,171,67,91,28,closed,
2026-08-04T09:19:45.760,141000728,T0004,OBJ-F,SC-01,normal,70,171,67,91,28,closed,
2026-08-04T09:19:45.762,141020172,T0004,OBJ-F,SC-01,normal,70,171,67,91,28,closed,
2026-08-04T09:19:45.800,141040656,T0004,OBJ-F,SC-01,normal,70,171,67,91,28,closed,
2026-08-04T09:19:45.802,141060116,T0004,OBJ-F,SC-01,normal,70,171,67,90,28,closed,
2026-08-04T09:19:45.840,141080596,T0004,OBJ-F,SC-01,normal,70,171,67,91,28,closed,
2026-08-04T09:19:45.842,141100056,T0004,OBJ-F,SC-01,normal,70,171,67,91,28,closed,
2026-08-04T09:19:45.880,141120524,T0004,OBJ-F,SC-01,normal,70,171,67,91,28,closed,
2026-08-04T09:19:45.883,141141028,T0004,OBJ-F,SC-01,normal,70,171,67,91,28,closed,
2026-08-04T09:19:45.903,141160464,T0004,OBJ-F,SC-01,normal,70,171,67,91,28,closed,
2026-08-04T09:19:45.940,141180948,T0004,OBJ-F,SC-01,normal,70,171,67,91,28,closed,
2026-08-04T09:19:45.943,141200408,T0004,OBJ-F,SC-01,normal,70,171,67,91,28,closed,
2026-08-04T09:19:45.981,141220888,T0004,OBJ-F,SC-01,normal,70,171,67,91,28,closed,
2026-08-04T09:19:45.983,141240332,T0004,OBJ-F,SC-01,normal,70,171,67,91,28,closed,
2026-08-04T09:19:46.020,141260816,T0004,OBJ-F,SC-01,normal,70,171,67,91,28,closed,
2026-08-04T09:19:46.023,141280276,T0004,OBJ-F,SC-01,normal,70,171,67,91,28,closed,
2026-08-04T09:19:46.060,141300756,T0004,OBJ-F,SC-01,normal,70,171,67,91,28,closed,
2026-08-04T09:19:46.063,141320204,T0004,OBJ-F,SC-01,normal,70,171,67,91,28,closed,
2026-08-04T09:19:46.100,141340684,T0004,OBJ-F,SC-01,normal,70,171,67,91,28,closed,
2026-08-04T09:19:46.103,141360144,T0004,OBJ-F,SC-01,normal,70,171,67,91,28,closed,
2026-08-04T09:19:46.140,141380628,T0004,OBJ-F,SC-01,normal,70,170,67,91,28,closed,
2026-08-04T09:19:46.144,141400088,T0004,OBJ-F,SC-01,normal,70,170,67,91,28,closed,
2026-08-04T09:19:46.180,141420568,T0004,OBJ-F,SC-01,normal,70,169,67,91,28,closed,
2026-08-04T09:19:46.184,141440012,T0004,OBJ-F,SC-01,normal,70,168,67,91,28,closed,
2026-08-04T09:19:46.220,141460492,T0004,OBJ-F,SC-01,normal,70,168,67,91,28,closed,
2026-08-04T09:19:46.241,141480972,T0004,OBJ-F,SC-01,normal,70,167,67,91,28,closed,
2026-08-04T09:19:46.244,141500432,T0004,OBJ-F,SC-01,normal,70,167,67,91,28,closed,
2026-08-04T09:19:46.281,141520916,T0004,OBJ-F,SC-01,normal,70,166,67,91,28,closed,
2026-08-04T09:19:46.300,141540380,T0004,OBJ-F,SC-01,normal,70,166,67,91,28,closed,
2026-08-04T09:19:46.321,141560844,T0004,OBJ-F,SC-01,normal,70,165,67,91,28,closed,
2026-08-04T09:19:46.339,141580304,T0004,OBJ-F,SC-01,normal,70,165,67,91,28,closed,
2026-08-04T09:19:46.360,141600784,T0004,OBJ-F,SC-01,normal,70,165,67,91,28,closed,
2026-08-04T09:19:46.380,141620244,T0004,OBJ-F,SC-01,normal,70,164,67,91,28,closed,
2026-08-04T09:19:46.400,141640724,T0004,OBJ-F,SC-01,normal,70,164,67,91,28,closed,
2026-08-04T09:19:46.420,141660184,T0004,OBJ-F,SC-01,normal,70,164,67,91,28,closed,
2026-08-04T09:19:46.440,141680668,T0004,OBJ-F,SC-01,normal,70,164,67,91,28,closed,
2026-08-04T09:19:46.460,141700108,T0004,OBJ-F,SC-01,normal,70,164,67,91,28,closed,
2026-08-04T09:19:46.480,141720592,T0004,OBJ-F,SC-01,normal,70,164,67,91,28,closed,
2026-08-04T09:19:46.500,141740052,T0004,OBJ-F,SC-01,normal,70,164,67,91,28,closed,
2026-08-04T09:19:46.520,141760536,T0004,OBJ-F,SC-01,normal,70,164,67,91,28,closed,
2026-08-04T09:19:46.541,141781016,T0004,OBJ-F,SC-01,normal,70,164,67,91,28,closed,
2026-08-04T09:19:46.560,141800460,T0004,OBJ-F,SC-01,normal,70,164,67,91,28,closed,
2026-08-04T09:19:46.581,141820940,T0004,OBJ-F,SC-01,normal,70,164,67,91,28,closed,
2026-08-04T09:19:46.600,141840404,T0004,OBJ-F,SC-01,normal,70,164,67,91,28,closed,
2026-08-04T09:19:46.620,141860876,T0004,OBJ-F,SC-01,normal,70,164,67,91,28,closed,
2026-08-04T09:19:46.640,141880344,T0004,OBJ-F,SC-01,normal,70,164,67,91,28,closed,
2026-08-04T09:19:46.660,141900820,T0004,OBJ-F,SC-01,normal,70,164,67,91,28,closed,
2026-08-04T09:19:46.680,141920268,T0004,OBJ-F,SC-01,normal,70,164,67,91,28,closed,
2026-08-04T09:19:46.701,141940772,T0004,OBJ-F,SC-01,normal,70,164,67,91,28,closed,
2026-08-04T09:19:46.720,141960212,T0004,OBJ-F,SC-01,normal,70,164,67,91,28,closed,
2026-08-04T09:19:46.740,141980708,T0004,OBJ-F,SC-01,normal,70,164,67,91,28,closed,
2026-08-04T09:19:46.760,142000140,T0004,OBJ-F,SC-01,normal,70,164,67,91,28,closed,
2026-08-04T09:19:46.780,142020640,T0004,OBJ-F,SC-01,normal,70,164,67,91,28,closed,
2026-08-04T09:19:46.800,142040084,T0004,OBJ-F,SC-01,normal,70,164,67,91,28,closed,
2026-08-04T09:19:46.820,142060576,T0004,OBJ-F,SC-01,normal,70,164,67,91,28,closed,
2026-08-04T09:19:46.841,142080028,T0004,OBJ-F,SC-01,normal,70,164,67,91,28,closed,
2026-08-04T09:19:46.860,142100508,T0004,OBJ-F,SC-01,normal,70,164,67,91,28,closed,
2026-08-04T09:19:46.881,142120980,T0004,OBJ-F,SC-01,normal,70,164,67,91,28,closed,
2026-08-04T09:19:46.900,142140432,T0004,OBJ-F,SC-01,normal,70,164,67,91,28,closed,
2026-08-04T09:19:46.921,142160916,T0004,OBJ-F,SC-01,normal,70,164,67,91,28,closed,
2026-08-04T09:19:46.940,142180384,T0004,OBJ-F,SC-01,normal,70,164,67,91,28,closed,
2026-08-04T09:19:46.960,142200844,T0004,OBJ-F,SC-01,normal,70,164,67,91,28,closed,
2026-08-04T09:19:46.980,142220308,T0004,OBJ-F,SC-01,normal,70,164,67,91,28,closed,
2026-08-04T09:19:47.000,142241136,T0004,OBJ-F,SC-01,normal,70,164,67,91,28,closed,
2026-08-04T09:19:47.020,142260244,T0004,OBJ-F,SC-01,normal,70,164,67,91,28,closed,
2026-08-04T09:19:47.040,142280728,T0004,OBJ-F,SC-01,normal,70,164,67,91,28,closed,
2026-08-04T09:19:47.059,142300180,T0004,OBJ-F,SC-01,normal,70,164,67,91,28,closed,
2026-08-04T09:19:47.080,142320656,T0004,OBJ-F,SC-01,normal,70,164,67,91,28,closed,
2026-08-04T09:19:47.099,142340108,T0004,OBJ-F,SC-01,normal,70,164,67,91,28,closed,
2026-08-04T09:19:47.120,142360600,T0004,OBJ-F,SC-01,normal,70,164,67,91,28,closed,
2026-08-04T09:19:47.140,142380052,T0004,OBJ-F,SC-01,normal,70,164,67,91,28,closed,
2026-08-04T09:19:47.160,142400524,T0004,OBJ-F,SC-01,normal,70,164,67,91,28,closed,
2026-08-04T09:19:47.180,142421004,T0004,OBJ-F,SC-01,normal,70,164,67,91,28,closed,
2026-08-04T09:19:47.200,142440464,T0004,OBJ-F,SC-01,normal,70,164,67,91,28,closed,
2026-08-04T09:19:47.220,142460948,T0004,OBJ-F,SC-01,normal,70,164,67,90,28,closed,
2026-08-04T09:19:47.240,142480740,T0004,OBJ-F,SC-01,normal,70,164,67,91,28,closed,
2026-08-04T09:19:47.261,142500892,T0004,OBJ-F,SC-01,normal,70,164,67,91,28,closed,
2026-08-04T09:19:47.280,142520564,T0004,OBJ-F,SC-01,normal,70,164,67,91,28,closed,
2026-08-04T09:19:47.300,142540816,T0004,OBJ-F,SC-01,normal,70,164,67,91,28,closed,
2026-08-04T09:19:47.320,142560400,T0004,OBJ-F,SC-01,normal,70,164,67,91,28,closed,
2026-08-04T09:19:47.340,142580756,T0004,OBJ-F,SC-01,normal,70,164,67,91,28,closed,
2026-08-04T09:19:47.360,142600220,T0004,OBJ-F,SC-01,normal,70,164,67,91,28,closed,
2026-08-04T09:19:47.380,142620684,T0004,OBJ-F,SC-01,normal,70,164,67,90,28,closed,
2026-08-04T09:19:47.400,142640144,T0004,OBJ-F,SC-01,normal,70,163,67,90,28,closed,
2026-08-04T09:19:47.420,142660624,T0004,OBJ-F,SC-01,normal,70,164,67,90,28,closed,
2026-08-04T09:19:47.440,142680088,T0004,OBJ-F,SC-01,normal,70,164,67,90,28,closed,
2026-08-04T09:19:47.460,142700568,T0004,OBJ-F,SC-01,normal,70,164,67,89,28,closed,
2026-08-04T09:19:47.481,142720032,T0004,OBJ-F,SC-01,normal,70,164,67,89,28,closed,
2026-08-04T09:19:47.500,142740496,T0004,OBJ-F,SC-01,normal,70,164,67,89,28,closed,
2026-08-04T09:19:47.521,142760976,T0004,OBJ-F,SC-01,normal,70,164,67,88,28,closed,
2026-08-04T09:19:47.540,142780436,T0004,OBJ-F,SC-01,normal,70,164,67,88,28,closed,
2026-08-04T09:19:47.561,142800920,T0004,OBJ-F,SC-01,normal,70,164,67,87,28,closed,
2026-08-04T09:19:47.580,142820364,T0004,OBJ-F,SC-01,normal,70,164,67,87,28,closed,
2026-08-04T09:19:47.600,142840844,T0004,OBJ-F,SC-01,normal,70,164,67,87,28,closed,
2026-08-04T09:19:47.620,142860308,T0004,OBJ-F,SC-01,normal,70,164,67,87,28,closed,
2026-08-04T09:19:47.640,142880792,T0004,OBJ-F,SC-01,normal,70,164,67,86,28,closed,
2026-08-04T09:19:47.660,142900252,T0004,OBJ-F,SC-01,normal,70,164,67,86,28,closed,
2026-08-04T09:19:47.680,142920716,T0004,OBJ-F,SC-01,normal,70,164,67,86,28,closed,
2026-08-04T09:19:47.700,142940176,T0004,OBJ-F,SC-01,normal,70,164,67,86,28,closed,
2026-08-04T09:19:47.721,142960660,T0004,OBJ-F,SC-01,normal,70,163,67,85,28,closed,
2026-08-04T09:19:47.740,142980120,T0004,OBJ-F,SC-01,normal,70,164,67,85,28,closed,
2026-08-04T09:19:47.760,143000600,T0004,OBJ-F,SC-01,normal,70,164,67,85,28,closed,
2026-08-04T09:19:47.780,143020048,T0004,OBJ-F,SC-01,normal,70,164,67,85,28,closed,
2026-08-04T09:19:47.800,143040528,T0004,OBJ-F,SC-01,normal,70,164,67,84,28,closed,
2026-08-04T09:19:47.820,143061012,T0004,OBJ-F,SC-01,normal,70,164,67,84,28,closed,
2026-08-04T09:19:47.840,143080472,T0004,OBJ-F,SC-01,normal,70,164,67,84,28,closed,
2026-08-04T09:19:47.860,143100956,T0004,OBJ-F,SC-01,normal,70,164,67,84,28,closed,
2026-08-04T09:19:47.880,143120400,T0004,OBJ-F,SC-01,normal,70,164,67,84,28,closed,
2026-08-04T09:19:47.901,143140880,T0004,OBJ-F,SC-01,normal,70,164,67,84,28,closed,
2026-08-04T09:19:47.920,143160344,T0004,OBJ-F,SC-01,normal,70,164,67,84,28,closed,
2026-08-04T09:19:47.941,143180824,T0004,OBJ-F,SC-01,normal,70,164,67,84,28,closed,
2026-08-04T09:19:47.960,143200268,T0004,OBJ-F,SC-01,normal,70,164,67,84,28,closed,
2026-08-04T09:19:47.980,143220752,T0004,OBJ-F,SC-01,normal,70,164,67,84,28,closed,
2026-08-04T09:19:48.000,143240212,T0004,OBJ-F,SC-01,normal,70,164,67,84,28,closed,
2026-08-04T09:19:48.020,143260696,T0004,OBJ-F,SC-01,normal,70,164,67,84,28,closed,
2026-08-04T09:19:48.040,143280140,T0004,OBJ-F,SC-01,normal,70,164,67,84,28,closed,
2026-08-04T09:19:48.060,143300624,T0004,OBJ-F,SC-01,normal,70,164,67,84,28,closed,
2026-08-04T09:19:48.080,143320088,T0004,OBJ-F,SC-01,normal,70,164,67,84,28,closed,
2026-08-04T09:19:48.100,143340568,T0004,OBJ-F,SC-01,normal,70,164,67,84,28,closed,
2026-08-04T09:19:48.121,143360016,T0004,OBJ-F,SC-01,normal,70,164,67,84,28,closed,
2026-08-04T09:19:48.140,143380492,T0004,OBJ-F,SC-01,normal,70,164,67,84,28,closed,
2026-08-04T09:19:48.161,143400972,T0004,OBJ-F,SC-01,normal,70,164,67,84,28,closed,
2026-08-04T09:19:48.180,143420432,T0004,OBJ-F,SC-01,normal,70,164,67,84,28,closed,
2026-08-04T09:19:48.201,143440912,T0004,OBJ-F,SC-01,normal,70,164,67,84,28,closed,
2026-08-04T09:19:48.220,143460372,T0004,OBJ-F,SC-01,normal,70,164,67,84,28,closed,
2026-08-04T09:19:48.240,143480856,T0004,OBJ-F,SC-01,normal,70,164,67,84,28,closed,
2026-08-04T09:19:48.260,143500300,T0004,OBJ-F,SC-01,normal,70,164,67,84,28,closed,
2026-08-04T09:19:48.281,143520780,T0004,OBJ-F,SC-01,normal,70,164,67,84,28,closed,
2026-08-04T09:19:48.300,143540244,T0004,OBJ-F,SC-01,normal,70,164,67,84,28,closed,
2026-08-04T09:19:48.320,143560724,T0004,OBJ-F,SC-01,normal,70,164,67,84,28,closed,
2026-08-04T09:19:48.340,143580200,T0004,OBJ-F,SC-01,normal,70,164,67,84,28,closed,
2026-08-04T09:19:48.360,143600664,T0004,OBJ-F,SC-01,normal,70,164,67,84,28,closed,
2026-08-04T09:19:48.380,143620112,T0004,OBJ-F,SC-01,normal,70,164,67,84,28,closed,
2026-08-04T09:19:48.400,143640588,T0004,OBJ-F,SC-01,normal,70,164,67,84,28,closed,
2026-08-04T09:19:48.419,143660052,T0004,OBJ-F,SC-01,normal,70,164,67,84,28,closed,
2026-08-04T09:19:48.440,143680532,T0004,OBJ-F,SC-01,normal,70,164,67,84,28,closed,
2026-08-04T09:19:48.460,143701016,T0004,OBJ-F,SC-01,normal,70,164,67,84,28,closed,
2026-08-04T09:19:48.480,143720476,T0004,OBJ-F,SC-01,normal,70,163,67,84,28,closed,
2026-08-04T09:19:48.501,143740940,T0004,OBJ-F,SC-01,normal,70,163,67,84,28,closed,
2026-08-04T09:19:48.520,143760400,T0004,OBJ-F,SC-01,normal,70,162,67,84,28,closed,
2026-08-04T09:19:48.540,143780880,T0004,OBJ-F,SC-01,normal,70,162,67,84,28,closed,
2026-08-04T09:19:48.559,143800340,T0004,OBJ-F,SC-01,normal,70,161,67,84,28,closed,
2026-08-04T09:19:48.581,143820824,T0004,OBJ-F,SC-01,normal,70,161,67,84,28,closed,
2026-08-04T09:19:48.600,143840284,T0004,OBJ-F,SC-01,normal,70,160,67,84,28,closed,
2026-08-04T09:19:48.620,143860748,T0004,OBJ-F,SC-01,normal,70,160,67,84,28,closed,
2026-08-04T09:19:48.640,143880212,T0004,OBJ-F,SC-01,normal,70,159,67,84,28,closed,
2026-08-04T09:19:48.660,143900692,T0004,OBJ-F,SC-01,normal,70,159,67,84,28,closed,
2026-08-04T09:19:48.680,143920140,T0004,OBJ-F,SC-01,normal,70,159,67,84,28,closed,
2026-08-04T09:19:48.700,143940620,T0004,OBJ-F,SC-01,normal,70,159,67,84,28,closed,
2026-08-04T09:19:48.720,143960084,T0004,OBJ-F,SC-01,normal,70,159,67,84,28,closed,
2026-08-04T09:19:48.740,143980564,T0004,OBJ-F,SC-01,normal,70,159,67,84,28,closed,
2026-08-04T09:19:48.761,144000012,T0004,OBJ-F,SC-01,normal,70,159,67,84,28,closed,
2026-08-04T09:19:48.780,144020508,T0004,OBJ-F,SC-01,normal,70,159,67,84,28,closed,
2026-08-04T09:19:48.800,144040972,T0004,OBJ-F,SC-01,normal,70,159,67,84,28,closed,
2026-08-04T09:19:48.820,144060432,T0004,OBJ-F,SC-01,normal,70,159,67,84,28,closed,
2026-08-04T09:19:48.840,144080912,T0004,OBJ-F,SC-01,normal,70,159,67,84,28,closed,
2026-08-04T09:19:48.860,144100372,T0004,OBJ-F,SC-01,normal,70,159,67,84,28,closed,
2026-08-04T09:19:48.880,144120856,T0004,OBJ-F,SC-01,normal,70,159,67,84,28,closed,
2026-08-04T09:19:48.900,144140300,T0004,OBJ-F,SC-01,normal,70,159,67,84,28,closed,
2026-08-04T09:19:48.920,144160784,T0004,OBJ-F,SC-01,normal,70,159,67,84,28,closed,
2026-08-04T09:19:48.940,144180248,T0004,OBJ-F,SC-01,normal,70,159,67,84,28,closed,
2026-08-04T09:19:48.960,144200724,T0004,OBJ-F,SC-01,normal,70,158,67,84,28,closed,
2026-08-04T09:19:48.979,144220184,T0004,OBJ-F,SC-01,normal,70,158,67,84,28,closed,
2026-08-04T09:19:49.000,144240664,T0004,OBJ-F,SC-01,normal,70,157,67,84,28,closed,
2026-08-04T09:19:49.019,144260108,T0004,OBJ-F,SC-01,normal,70,156,67,84,28,closed,
2026-08-04T09:19:49.040,144280604,T0004,OBJ-F,SC-01,normal,70,156,67,84,28,closed,
2026-08-04T09:19:49.059,144300048,T0004,OBJ-F,SC-01,normal,70,155,67,84,28,closed,
2026-08-04T09:19:49.080,144320528,T0004,OBJ-F,SC-01,normal,70,155,67,84,28,closed,
2026-08-04T09:19:49.100,144341008,T0004,OBJ-F,SC-01,normal,70,155,67,84,28,closed,
2026-08-04T09:19:49.120,144360468,T0004,OBJ-F,SC-01,normal,70,155,67,84,28,closed,
2026-08-04T09:19:49.140,144380948,T0004,OBJ-F,SC-01,normal,70,155,67,84,28,closed,
2026-08-04T09:19:49.160,144400412,T0004,OBJ-F,SC-01,normal,70,154,67,84,28,closed,
2026-08-04T09:19:49.180,144420892,T0004,OBJ-F,SC-01,normal,70,154,67,84,28,closed,
2026-08-04T09:19:49.200,144440352,T0004,OBJ-F,SC-01,normal,70,154,67,84,28,closed,
2026-08-04T09:19:49.221,144460816,T0004,OBJ-F,SC-01,normal,70,154,67,84,28,closed,
2026-08-04T09:19:49.240,144480276,T0004,OBJ-F,SC-01,normal,70,154,67,84,28,closed,
2026-08-04T09:19:49.260,144500756,T0004,OBJ-F,SC-01,normal,70,154,67,84,28,closed,
2026-08-04T09:19:49.280,144520220,T0004,OBJ-F,SC-01,normal,70,154,67,84,28,closed,
2026-08-04T09:19:49.300,144540696,T0004,OBJ-F,SC-01,normal,70,154,67,84,28,closed,
2026-08-04T09:19:49.320,144560144,T0004,OBJ-F,SC-01,normal,70,153,67,84,28,closed,
2026-08-04T09:19:49.340,144580620,T0004,OBJ-F,SC-01,normal,70,153,67,84,28,closed,
2026-08-04T09:19:49.359,144600084,T0004,OBJ-F,SC-01,normal,70,153,67,84,28,closed,
2026-08-04T09:19:49.380,144620564,T0004,OBJ-F,SC-01,normal,70,152,67,84,28,closed,
2026-08-04T09:19:49.400,144640024,T0004,OBJ-F,SC-01,normal,70,151,67,84,28,closed,
2026-08-04T09:19:49.420,144660500,T0004,OBJ-F,SC-01,normal,70,151,67,84,28,closed,
2026-08-04T09:19:49.441,144680980,T0004,OBJ-F,SC-01,normal,70,150,67,84,28,closed,
2026-08-04T09:19:49.460,144700440,T0004,OBJ-F,SC-01,normal,70,150,67,84,28,closed,
2026-08-04T09:19:49.481,144720920,T0004,OBJ-F,SC-01,normal,70,149,67,84,28,closed,
2026-08-04T09:19:49.500,144740380,T0004,OBJ-F,SC-01,normal,70,149,67,84,28,closed,
2026-08-04T09:19:49.520,144760848,T0004,OBJ-F,SC-01,normal,70,148,67,84,28,closed,
2026-08-04T09:19:49.540,144780308,T0004,OBJ-F,SC-01,normal,70,148,67,84,28,closed,
2026-08-04T09:19:49.560,144800788,T0004,OBJ-F,SC-01,normal,70,147,67,84,28,closed,
2026-08-04T09:19:49.580,144820236,T0004,OBJ-F,SC-01,normal,70,147,67,84,28,closed,
2026-08-04T09:19:49.600,144840732,T0004,OBJ-F,SC-01,normal,70,146,67,84,28,closed,
2026-08-04T09:19:49.620,144860176,T0004,OBJ-F,SC-01,normal,70,145,67,84,28,closed,
2026-08-04T09:19:49.640,144880656,T0004,OBJ-F,SC-01,normal,70,145,67,84,28,closed,
2026-08-04T09:19:49.660,144900120,T0004,OBJ-F,SC-01,normal,70,145,67,84,28,closed,
2026-08-04T09:19:49.680,144920596,T0004,OBJ-F,SC-01,normal,70,144,67,84,28,closed,
2026-08-04T09:19:49.700,144940060,T0004,OBJ-F,SC-01,normal,70,143,67,84,28,closed,
2026-08-04T09:19:49.720,144960540,T0004,OBJ-F,SC-01,normal,70,143,67,84,28,closed,
2026-08-04T09:19:49.741,144981020,T0004,OBJ-F,SC-01,normal,70,142,67,84,28,closed,
2026-08-04T09:19:49.760,145000464,T0004,OBJ-F,SC-01,normal,70,141,67,84,28,closed,
2026-08-04T09:19:49.781,145020944,T0004,OBJ-F,SC-01,normal,70,141,67,84,28,closed,
2026-08-04T09:19:49.800,145040408,T0004,OBJ-F,SC-01,normal,70,140,67,84,28,closed,
2026-08-04T09:19:49.821,145060884,T0004,OBJ-F,SC-01,normal,70,139,67,84,28,closed,
2026-08-04T09:19:49.840,145080348,T0004,OBJ-F,SC-01,normal,70,139,67,84,28,closed,
2026-08-04T09:19:49.861,145100824,T0004,OBJ-F,SC-01,normal,70,138,67,84,28,closed,
2026-08-04T09:19:49.880,145120268,T0004,OBJ-F,SC-01,normal,70,138,67,84,28,closed,
2026-08-04T09:19:49.900,145140748,T0004,OBJ-F,SC-01,normal,70,137,67,84,28,closed,
2026-08-04T09:19:49.920,145160212,T0004,OBJ-F,SC-01,normal,70,137,67,84,28,closed,
2026-08-04T09:19:49.940,145180692,T0004,OBJ-F,SC-01,normal,70,136,67,84,28,closed,
2026-08-04T09:19:49.960,145200140,T0004,OBJ-F,SC-01,normal,70,135,67,84,28,closed,
2026-08-04T09:19:49.980,145220636,T0004,OBJ-F,SC-01,normal,70,135,67,84,28,closed,
2026-08-04T09:19:50.000,145240080,T0004,OBJ-F,SC-01,normal,70,134,67,84,28,closed,
2026-08-04T09:19:50.020,145260560,T0004,OBJ-F,SC-01,normal,70,134,67,84,28,closed,
2026-08-04T09:19:50.041,145280024,T0004,OBJ-F,SC-01,normal,70,134,67,84,28,closed,
2026-08-04T09:19:50.060,145300504,T0004,OBJ-F,SC-01,normal,70,134,67,84,28,closed,
2026-08-04T09:19:50.081,145320984,T0004,OBJ-F,SC-01,normal,70,134,67,84,28,closed,
2026-08-04T09:19:50.100,145340432,T0004,OBJ-F,SC-01,normal,70,134,67,84,28,closed,
2026-08-04T09:19:50.120,145360912,T0004,OBJ-F,SC-01,normal,70,134,67,84,28,closed,
2026-08-04T09:19:50.140,145380376,T0004,OBJ-F,SC-01,normal,70,134,67,84,28,closed,
2026-08-04T09:19:50.160,145400856,T0004,OBJ-F,SC-01,normal,70,134,67,84,28,closed,
2026-08-04T09:19:50.180,145420304,T0004,OBJ-F,SC-01,normal,70,134,67,84,28,closed,
2026-08-04T09:19:50.200,145440784,T0004,OBJ-F,SC-01,normal,70,134,67,84,28,closed,
2026-08-04T09:19:50.219,145460244,T0004,OBJ-F,SC-01,normal,70,134,67,84,28,closed,
2026-08-04T09:19:50.240,145480724,T0004,OBJ-F,SC-01,normal,70,134,67,84,28,closed,
2026-08-04T09:19:50.259,145500172,T0004,OBJ-F,SC-01,normal,70,134,67,84,28,closed,
2026-08-04T09:19:50.280,145520668,T0004,OBJ-F,SC-01,normal,70,134,67,84,28,closed,
2026-08-04T09:19:50.300,145540112,T0004,OBJ-F,SC-01,normal,70,133,67,84,28,closed,
2026-08-04T09:19:50.320,145560592,T0004,OBJ-F,SC-01,normal,70,133,67,84,28,closed,
2026-08-04T09:19:50.340,145580056,T0004,OBJ-F,SC-01,normal,70,132,67,84,28,closed,
2026-08-04T09:19:50.359,145600552,T0004,OBJ-F,SC-01,normal,70,131,67,84,28,closed,
2026-08-04T09:19:50.380,145621016,T0004,OBJ-F,SC-01,normal,70,130,67,84,28,closed,
2026-08-04T09:19:50.400,145640464,T0004,OBJ-F,SC-01,normal,70,130,67,84,28,closed,
2026-08-04T09:19:50.420,145660940,T0004,OBJ-F,SC-01,normal,70,130,67,84,28,closed,
2026-08-04T09:19:50.440,145680404,T0004,OBJ-F,SC-01,normal,70,129,67,84,28,closed,
2026-08-04T09:19:50.460,145700884,T0004,OBJ-F,SC-01,normal,70,129,67,84,28,closed,
2026-08-04T09:19:50.480,145720344,T0004,OBJ-F,SC-01,normal,70,128,67,84,28,closed,
2026-08-04T09:19:50.500,145740824,T0004,OBJ-F,SC-01,normal,70,128,67,84,28,closed,
2026-08-04T09:19:50.519,145760268,T0004,OBJ-F,SC-01,normal,70,128,67,84,28,closed,
2026-08-04T09:19:50.540,145780748,T0004,OBJ-F,SC-01,normal,70,127,67,84,28,closed,
2026-08-04T09:19:50.559,145800212,T0004,OBJ-F,SC-01,normal,70,127,67,84,28,closed,
2026-08-04T09:19:50.580,145820692,T0004,OBJ-F,SC-01,normal,70,126,67,84,28,closed,
2026-08-04T09:19:50.600,145840156,T0004,OBJ-F,SC-01,normal,70,126,67,84,28,closed,
2026-08-04T09:19:50.620,145860632,T0004,OBJ-F,SC-01,normal,70,126,67,84,28,closed,
2026-08-04T09:19:50.640,145880080,T0004,OBJ-F,SC-01,normal,70,126,67,84,28,closed,
2026-08-04T09:19:50.660,145900560,T0004,OBJ-F,SC-01,normal,70,126,67,84,28,closed,
2026-08-04T09:19:50.681,145920020,T0004,OBJ-F,SC-01,normal,70,126,67,84,28,closed,
2026-08-04T09:19:50.700,145940500,T0004,OBJ-F,SC-01,normal,70,126,67,84,28,closed,
2026-08-04T09:19:50.721,145960976,T0004,OBJ-F,SC-01,normal,70,126,67,84,28,closed,
2026-08-04T09:19:50.740,145980440,T0004,OBJ-F,SC-01,normal,70,126,67,84,28,closed,
2026-08-04T09:19:50.761,146000920,T0004,OBJ-F,SC-01,normal,70,126,67,84,28,closed,
2026-08-04T09:19:50.780,146020364,T0004,OBJ-F,SC-01,normal,70,126,67,84,28,closed,
2026-08-04T09:19:50.801,146040844,T0004,OBJ-F,SC-01,normal,70,126,67,84,28,closed,
2026-08-04T09:19:50.820,146060308,T0004,OBJ-F,SC-01,normal,70,126,67,84,28,closed,
2026-08-04T09:19:50.841,146080784,T0004,OBJ-F,SC-01,normal,70,125,67,84,28,closed,
2026-08-04T09:19:50.861,146100248,T0004,OBJ-F,SC-01,normal,70,124,67,84,28,closed,
2026-08-04T09:19:50.881,146120728,T0004,OBJ-F,SC-01,normal,70,124,67,84,28,closed,
2026-08-04T09:19:50.901,146140176,T0004,OBJ-F,SC-01,normal,70,122,67,84,28,closed,
2026-08-04T09:19:50.921,146160656,T0004,OBJ-F,SC-01,normal,70,121,67,84,28,closed,
2026-08-04T09:19:50.941,146180120,T0004,OBJ-F,SC-01,normal,70,121,67,84,28,closed,
2026-08-04T09:19:50.962,146200600,T0004,OBJ-F,SC-01,normal,70,120,67,84,28,closed,
2026-08-04T09:19:50.981,146220044,T0004,OBJ-F,SC-01,normal,70,120,67,84,28,closed,
2026-08-04T09:19:51.002,146240524,T0004,OBJ-F,SC-01,normal,70,119,67,84,28,closed,
2026-08-04T09:19:51.022,146261004,T0004,OBJ-F,SC-01,normal,70,118,67,84,28,closed,
2026-08-04T09:19:51.041,146280468,T0004,OBJ-F,SC-01,normal,70,118,67,84,28,closed,
2026-08-04T09:19:51.062,146300944,T0004,OBJ-F,SC-01,normal,70,118,67,84,28,closed,
2026-08-04T09:19:51.082,146320408,T0004,OBJ-F,SC-01,normal,70,117,67,84,28,closed,
2026-08-04T09:19:51.102,146340888,T0004,OBJ-F,SC-01,normal,70,117,67,84,28,closed,
2026-08-04T09:19:51.121,146360336,T0004,OBJ-F,SC-01,normal,70,116,67,84,28,closed,
2026-08-04T09:19:51.142,146380812,T0004,OBJ-F,SC-01,normal,70,116,67,84,28,closed,
2026-08-04T09:19:51.161,146400276,T0004,OBJ-F,SC-01,normal,70,115,67,84,28,closed,
2026-08-04T09:19:51.182,146420756,T0004,OBJ-F,SC-01,normal,70,115,67,84,28,closed,
2026-08-04T09:19:51.201,146440204,T0004,OBJ-F,SC-01,normal,70,114,67,84,28,closed,
2026-08-04T09:19:51.223,146460700,T0004,OBJ-F,SC-01,normal,70,114,67,84,28,closed,
2026-08-04T09:19:51.242,146480148,T0004,OBJ-F,SC-01,normal,70,114,67,84,28,closed,
2026-08-04T09:19:51.263,146500628,T0004,OBJ-F,SC-01,normal,70,113,67,84,28,closed,
2026-08-04T09:19:51.282,146520088,T0004,OBJ-F,SC-01,normal,70,113,67,84,28,closed,
2026-08-04T09:19:51.303,146540572,T0004,OBJ-F,SC-01,normal,70,113,67,84,28,closed,
2026-08-04T09:19:51.322,146560016,T0004,OBJ-F,SC-01,normal,70,113,67,84,28,closed,
2026-08-04T09:19:51.361,146580496,T0004,OBJ-F,SC-01,normal,70,112,67,84,28,closed,
2026-08-04T09:19:51.363,146600976,T0004,OBJ-F,SC-01,normal,70,112,67,84,28,closed,
2026-08-04T09:19:51.400,146620436,T0004,OBJ-F,SC-01,normal,70,112,67,84,28,closed,
2026-08-04T09:19:51.403,146640916,T0004,OBJ-F,SC-01,normal,70,111,67,84,28,closed,
2026-08-04T09:19:51.440,146660364,T0004,OBJ-F,SC-01,normal,70,111,67,84,28,closed,
2026-08-04T09:19:51.443,146680844,T0004,OBJ-F,SC-01,normal,70,111,67,84,28,closed,
2026-08-04T09:19:51.481,146700308,T0004,OBJ-F,SC-01,normal,70,111,67,84,28,closed,
2026-08-04T09:19:51.484,146720788,T0004,OBJ-F,SC-01,normal,70,110,67,84,28,closed,
2026-08-04T09:19:51.520,146740252,T0004,OBJ-F,SC-01,normal,70,110,67,84,28,closed,
2026-08-04T09:19:51.540,146760716,T0004,OBJ-F,SC-01,normal,70,109,67,84,28,closed,
2026-08-04T09:19:51.543,146780176,T0004,OBJ-F,SC-01,normal,70,109,67,84,28,closed,
2026-08-04T09:19:51.580,146800660,T0004,OBJ-F,SC-01,normal,70,109,67,84,28,closed,
2026-08-04T09:19:51.600,146820116,T0004,OBJ-F,SC-01,normal,70,108,67,84,28,closed,
2026-08-04T09:19:51.619,146840600,T0004,OBJ-F,SC-01,normal,70,108,67,84,28,closed,
2026-08-04T09:19:51.640,146860044,T0004,OBJ-F,SC-01,normal,70,108,67,84,28,closed,
2026-08-04T09:19:51.661,146880524,T0004,OBJ-F,SC-01,normal,70,107,67,84,28,closed,
2026-08-04T09:19:51.680,146901020,T0004,OBJ-F,SC-01,normal,70,106,67,84,28,closed,
2026-08-04T09:19:51.701,146920464,T0004,OBJ-F,SC-01,normal,70,106,67,84,28,closed,
2026-08-04T09:19:51.720,146940944,T0004,OBJ-F,SC-01,normal,70,106,67,84,28,closed,
2026-08-04T09:19:51.741,146960408,T0004,OBJ-F,SC-01,normal,70,105,67,84,28,closed,
2026-08-04T09:19:51.760,146980888,T0004,OBJ-F,SC-01,normal,70,105,67,84,28,closed,
2026-08-04T09:19:51.781,147000332,T0004,OBJ-F,SC-01,normal,70,105,67,84,28,closed,
2026-08-04T09:19:51.800,147020828,T0004,OBJ-F,SC-01,normal,70,105,67,84,28,closed,
2026-08-04T09:19:51.820,147040272,T0004,OBJ-F,SC-01,normal,70,104,67,84,28,closed,
2026-08-04T09:19:51.839,147060756,T0004,OBJ-F,SC-01,normal,70,104,67,84,28,closed,
2026-08-04T09:19:51.860,147080216,T0004,OBJ-F,SC-01,normal,70,104,67,84,28,closed,
2026-08-04T09:19:51.880,147100696,T0004,OBJ-F,SC-01,normal,70,104,67,84,28,closed,
2026-08-04T09:19:51.900,147120140,T0004,OBJ-F,SC-01,normal,70,104,67,84,28,closed,
2026-08-04T09:19:51.920,147140624,T0004,OBJ-F,SC-01,normal,70,104,67,84,28,closed,
2026-08-04T09:19:51.940,147160084,T0004,OBJ-F,SC-01,normal,70,104,67,84,28,closed,
2026-08-04T09:19:51.961,147180564,T0004,OBJ-F,SC-01,normal,70,104,67,84,28,closed,
2026-08-04T09:19:51.980,147200028,T0004,OBJ-F,SC-01,normal,70,104,67,84,28,closed,
2026-08-04T09:19:52.001,147220508,T0004,OBJ-F,SC-01,normal,70,104,67,84,28,closed,
2026-08-04T09:19:52.020,147240984,T0004,OBJ-F,SC-01,normal,70,104,67,84,28,closed,
2026-08-04T09:19:52.040,147260428,T0004,OBJ-F,SC-01,normal,70,104,67,84,28,closed,
2026-08-04T09:19:52.060,147280908,T0004,OBJ-F,SC-01,normal,70,104,67,84,28,closed,
2026-08-04T09:19:52.081,147300368,T0004,OBJ-F,SC-01,normal,70,103,67,84,28,closed,
2026-08-04T09:19:52.100,147320864,T0004,OBJ-F,SC-01,normal,70,103,67,84,28,closed,
2026-08-04T09:19:52.120,147340312,T0004,OBJ-F,SC-01,normal,70,103,67,84,28,closed,
2026-08-04T09:19:52.140,147360792,T0004,OBJ-F,SC-01,normal,70,103,67,84,28,closed,
2026-08-04T09:19:52.160,147380236,T0004,OBJ-F,SC-01,normal,70,102,67,84,28,closed,
2026-08-04T09:19:52.180,147400720,T0004,OBJ-F,SC-01,normal,70,102,67,84,28,closed,
2026-08-04T09:19:52.201,147420192,T0004,OBJ-F,SC-01,normal,70,102,67,84,28,closed,
2026-08-04T09:19:52.220,147440660,T0004,OBJ-F,SC-01,normal,70,101,67,84,28,closed,
2026-08-04T09:19:52.240,147460124,T0004,OBJ-F,SC-01,normal,70,101,67,84,28,closed,
2026-08-04T09:19:52.260,147480596,T0004,OBJ-F,SC-01,normal,70,101,67,84,28,closed,
2026-08-04T09:19:52.280,147500044,T0004,OBJ-F,SC-01,normal,70,101,67,84,28,closed,
2026-08-04T09:19:52.301,147520536,T0004,OBJ-F,SC-01,normal,70,100,67,84,28,closed,
2026-08-04T09:19:52.320,147541020,T0004,OBJ-F,SC-01,normal,70,100,67,84,28,closed,
2026-08-04T09:19:52.341,147560476,T0004,OBJ-F,SC-01,normal,70,100,67,84,28,closed,
2026-08-04T09:19:52.360,147580956,T0004,OBJ-F,SC-01,normal,70,100,67,84,28,closed,
2026-08-04T09:19:52.381,147600416,T0004,OBJ-F,SC-01,normal,70,100,67,84,28,closed,
2026-08-04T09:19:52.400,147620892,T0004,OBJ-F,SC-01,normal,70,99,67,84,28,closed,
2026-08-04T09:19:52.420,147640356,T0004,OBJ-F,SC-01,normal,70,99,67,84,28,closed,
2026-08-04T09:19:52.440,147660812,T0004,OBJ-F,SC-01,normal,70,99,67,84,28,closed,
2026-08-04T09:19:52.460,147680276,T0004,OBJ-F,SC-01,normal,70,99,67,84,28,closed,
2026-08-04T09:19:52.479,147700756,T0004,OBJ-F,SC-01,normal,70,99,67,84,28,closed,
2026-08-04T09:19:52.500,147720208,T0004,OBJ-F,SC-01,normal,70,98,67,84,28,closed,
2026-08-04T09:19:52.520,147740700,T0004,OBJ-F,SC-01,normal,70,98,67,84,28,closed,
2026-08-04T09:19:52.541,147760152,T0004,OBJ-F,SC-01,normal,70,98,67,84,28,closed,
2026-08-04T09:19:52.560,147780876,T0004,OBJ-F,SC-01,normal,70,98,67,84,28,closed,
2026-08-04T09:19:52.580,147800088,T0004,OBJ-F,SC-01,normal,70,98,67,84,28,closed,
2026-08-04T09:19:52.601,147820560,T0004,OBJ-F,SC-01,normal,70,98,67,84,28,closed,
2026-08-04T09:19:52.620,147840028,T0004,OBJ-F,SC-01,normal,70,98,67,84,28,closed,
2026-08-04T09:19:52.640,147860500,T0004,OBJ-F,SC-01,normal,70,98,67,84,28,closed,
2026-08-04T09:19:52.660,147880984,T0004,OBJ-F,SC-01,normal,70,98,67,84,28,closed,
2026-08-04T09:19:52.680,147900436,T0004,OBJ-F,SC-01,normal,70,98,67,84,28,closed,
2026-08-04T09:19:52.700,147920924,T0004,OBJ-F,SC-01,normal,70,98,67,84,28,closed,
2026-08-04T09:19:52.721,147940372,T0004,OBJ-F,SC-01,normal,70,98,67,84,28,closed,
2026-08-04T09:19:52.740,147960844,T0004,OBJ-F,SC-01,normal,70,98,67,84,28,closed,
2026-08-04T09:19:52.761,147980308,T0004,OBJ-F,SC-01,normal,70,98,67,84,28,closed,
2026-08-04T09:19:52.780,148000780,T0004,OBJ-F,SC-01,normal,70,98,67,84,28,closed,
2026-08-04T09:19:52.800,148020244,T0004,OBJ-F,SC-01,normal,70,98,67,84,28,closed,
2026-08-04T09:19:52.819,148040732,T0004,OBJ-F,SC-01,normal,70,98,67,84,28,closed,
2026-08-04T09:19:52.840,148060180,T0004,OBJ-F,SC-01,normal,70,98,67,84,28,closed,
2026-08-04T09:19:52.860,148080664,T0004,OBJ-F,SC-01,normal,70,98,67,84,28,closed,
2026-08-04T09:19:52.880,148100112,T0004,OBJ-F,SC-01,normal,70,98,67,84,28,closed,
2026-08-04T09:19:52.900,148120600,T0004,OBJ-F,SC-01,normal,70,98,67,84,28,closed,
2026-08-04T09:19:52.920,148140048,T0004,OBJ-F,SC-01,normal,70,98,67,84,28,closed,
2026-08-04T09:19:52.941,148160536,T0004,OBJ-F,SC-01,normal,70,98,67,84,28,closed,
2026-08-04T09:19:52.960,148181020,T0004,OBJ-F,SC-01,normal,70,98,66,84,28,closed,
2026-08-04T09:19:52.980,148200472,T0004,OBJ-F,SC-01,normal,70,98,66,84,28,closed,
2026-08-04T09:19:53.000,148220940,T0004,OBJ-F,SC-01,normal,70,98,65,84,28,closed,
2026-08-04T09:19:53.020,148240408,T0004,OBJ-F,SC-01,normal,70,98,65,84,28,closed,
2026-08-04T09:19:53.040,148260876,T0004,OBJ-F,SC-01,normal,70,98,65,84,28,closed,
2026-08-04T09:19:53.061,148280344,T0004,OBJ-F,SC-01,normal,70,98,64,84,28,closed,
2026-08-04T09:19:53.079,148300812,T0004,OBJ-F,SC-01,normal,70,98,64,84,28,closed,
2026-08-04T09:19:53.100,148320276,T0004,OBJ-F,SC-01,normal,70,98,63,84,28,closed,
2026-08-04T09:19:53.120,148340764,T0004,OBJ-F,SC-01,normal,70,98,62,84,28,closed,
2026-08-04T09:19:53.140,148360212,T0004,OBJ-F,SC-01,normal,70,98,62,84,28,closed,
2026-08-04T09:19:53.160,148380684,T0004,OBJ-F,SC-01,normal,70,98,62,84,28,closed,
2026-08-04T09:19:53.180,148400148,T0004,OBJ-F,SC-01,normal,70,98,61,84,28,closed,
2026-08-04T09:19:53.200,148420620,T0004,OBJ-F,SC-01,normal,70,98,61,84,28,closed,
2026-08-04T09:19:53.220,148440084,T0004,OBJ-F,SC-01,normal,70,98,61,84,28,closed,
2026-08-04T09:19:53.240,148460556,T0004,OBJ-F,SC-01,normal,70,98,61,84,28,closed,
2026-08-04T09:19:53.260,148480024,T0004,OBJ-F,SC-01,normal,70,98,61,84,28,closed,
2026-08-04T09:19:53.280,148500504,T0004,OBJ-F,SC-01,normal,70,98,61,84,28,closed,
2026-08-04T09:19:53.300,148520972,T0004,OBJ-F,SC-01,normal,70,98,61,84,28,closed,
2026-08-04T09:19:53.320,148540440,T0004,OBJ-F,SC-01,normal,70,98,61,84,28,closed,
2026-08-04T09:19:53.340,148560908,T0004,OBJ-F,SC-01,normal,70,98,61,84,28,closed,
2026-08-04T09:19:53.360,148580372,T0004,OBJ-F,SC-01,normal,70,98,61,84,28,closed,
2026-08-04T09:19:53.380,148600844,T0004,OBJ-F,SC-01,normal,70,98,61,84,28,closed,
2026-08-04T09:19:53.400,148620308,T0004,OBJ-F,SC-01,normal,70,98,61,84,28,closed,
2026-08-04T09:19:53.420,148640780,T0004,OBJ-F,SC-01,normal,70,98,61,84,28,closed,
2026-08-04T09:19:53.440,148660244,T0004,OBJ-F,SC-01,normal,70,98,61,84,28,closed,
2026-08-04T09:19:53.460,148680716,T0004,OBJ-F,SC-01,normal,70,98,61,84,28,closed,
2026-08-04T09:19:53.480,148700184,T0004,OBJ-F,SC-01,normal,70,98,61,84,28,closed,
2026-08-04T09:19:53.500,148720652,T0004,OBJ-F,SC-01,normal,70,98,62,84,28,closed,
2026-08-04T09:19:53.520,148740116,T0004,OBJ-F,SC-01,normal,70,98,63,84,28,closed,
2026-08-04T09:19:53.540,148760588,T0004,OBJ-F,SC-01,normal,70,98,64,84,28,closed,
2026-08-04T09:19:53.560,148780056,T0004,OBJ-F,SC-01,normal,70,98,64,84,28,closed,
2026-08-04T09:19:53.581,148800524,T0004,OBJ-F,SC-01,normal,70,98,65,84,28,closed,
2026-08-04T09:19:53.600,148821012,T0004,OBJ-F,SC-01,normal,70,98,65,84,28,closed,
2026-08-04T09:19:53.620,148840460,T0004,OBJ-F,SC-01,normal,70,98,65,84,28,closed,
2026-08-04T09:19:53.640,148860944,T0004,OBJ-F,SC-01,normal,70,98,66,84,28,closed,
2026-08-04T09:19:53.661,148880412,T0004,OBJ-F,SC-01,normal,70,98,67,84,28,closed,
2026-08-04T09:19:53.680,148900880,T0004,OBJ-F,SC-01,normal,70,98,67,84,28,closed,
2026-08-04T09:19:53.701,148920348,T0004,OBJ-F,SC-01,normal,70,98,68,84,28,closed,
2026-08-04T09:19:53.720,148940816,T0004,OBJ-F,SC-01,normal,70,98,69,84,28,closed,
2026-08-04T09:19:53.740,148960280,T0004,OBJ-F,SC-01,normal,70,98,70,84,28,closed,
2026-08-04T09:19:53.760,148980752,T0004,OBJ-F,SC-01,normal,70,98,70,84,28,closed,
2026-08-04T09:19:53.780,149000216,T0004,OBJ-F,SC-01,normal,70,98,71,84,28,closed,
2026-08-04T09:19:53.800,149020688,T0004,OBJ-F,SC-01,normal,70,98,72,84,28,closed,
2026-08-04T09:19:53.820,149040156,T0004,OBJ-F,SC-01,normal,70,98,73,84,28,closed,
2026-08-04T09:19:53.840,149060624,T0004,OBJ-F,SC-01,normal,70,98,73,84,28,closed,
2026-08-04T09:19:53.860,149080076,T0004,OBJ-F,SC-01,normal,70,98,74,84,28,closed,
2026-08-04T09:19:53.881,149100564,T0004,OBJ-F,SC-01,normal,70,98,75,84,28,closed,
2026-08-04T09:19:53.900,149120012,T0004,OBJ-F,SC-01,normal,70,98,75,84,28,closed,
2026-08-04T09:19:53.921,149140496,T0004,OBJ-F,SC-01,normal,70,98,76,84,28,closed,
2026-08-04T09:19:53.940,149160984,T0004,OBJ-F,SC-01,normal,70,98,77,84,28,closed,
2026-08-04T09:19:53.960,149180432,T0004,OBJ-F,SC-01,normal,70,98,77,84,28,closed,
2026-08-04T09:19:53.980,149200920,T0004,OBJ-F,SC-01,normal,70,98,78,84,28,closed,
2026-08-04T09:19:54.000,149220368,T0004,OBJ-F,SC-01,normal,70,98,79,84,28,closed,
2026-08-04T09:19:54.020,149240856,T0004,OBJ-F,SC-01,normal,70,98,79,84,28,closed,
2026-08-04T09:19:54.040,149260304,T0004,OBJ-F,SC-01,normal,70,98,80,84,28,closed,
2026-08-04T09:19:54.060,149280792,T0004,OBJ-F,SC-01,normal,70,98,81,84,28,closed,
2026-08-04T09:19:54.080,149300240,T0004,OBJ-F,SC-01,normal,70,98,81,84,28,closed,
2026-08-04T09:19:54.100,149320728,T0004,OBJ-F,SC-01,normal,70,98,82,84,28,closed,
2026-08-04T09:19:54.120,149340176,T0004,OBJ-F,SC-01,normal,70,98,82,84,28,closed,
2026-08-04T09:19:54.140,149360664,T0004,OBJ-F,SC-01,normal,70,98,83,84,28,closed,
2026-08-04T09:19:54.160,149380112,T0004,OBJ-F,SC-01,normal,70,98,83,84,28,closed,
2026-08-04T09:19:54.180,149400600,T0004,OBJ-F,SC-01,normal,70,98,84,84,28,closed,
2026-08-04T09:19:54.200,149420052,T0004,OBJ-F,SC-01,normal,70,98,84,84,28,closed,
2026-08-04T09:19:54.221,149440524,T0004,OBJ-F,SC-01,normal,70,98,85,84,28,closed,
2026-08-04T09:19:54.240,149461012,T0004,OBJ-F,SC-01,normal,70,98,86,84,28,closed,
2026-08-04T09:19:54.261,149480460,T0004,OBJ-F,SC-01,normal,70,98,86,84,28,closed,
2026-08-04T09:19:54.280,149500948,T0004,OBJ-F,SC-01,normal,70,98,86,84,28,closed,
2026-08-04T09:19:54.301,149520396,T0004,OBJ-F,SC-01,normal,70,98,87,84,28,closed,
2026-08-04T09:19:54.320,149540884,T0004,OBJ-F,SC-01,normal,70,98,87,84,28,closed,
2026-08-04T09:19:54.340,149560332,T0004,OBJ-F,SC-01,normal,70,98,87,84,28,closed,
2026-08-04T09:19:54.360,149580820,T0004,OBJ-F,SC-01,normal,70,98,88,84,28,closed,
2026-08-04T09:19:54.381,149600268,T0004,OBJ-F,SC-01,normal,70,98,89,84,28,closed,
2026-08-04T09:19:54.400,149620752,T0004,OBJ-F,SC-01,normal,70,98,89,84,28,closed,
2026-08-04T09:19:54.420,149640204,T0004,OBJ-F,SC-01,normal,70,98,90,84,28,closed,
2026-08-04T09:19:54.440,149660688,T0004,OBJ-F,SC-01,normal,70,98,90,84,28,closed,
2026-08-04T09:19:54.460,149680156,T0004,OBJ-F,SC-01,normal,70,98,90,84,28,closed,
2026-08-04T09:19:54.480,149700624,T0004,OBJ-F,SC-01,normal,70,98,91,84,28,closed,
2026-08-04T09:19:54.500,149720076,T0004,OBJ-F,SC-01,normal,70,98,91,84,28,closed,
2026-08-04T09:19:54.520,149740564,T0004,OBJ-F,SC-01,normal,70,98,92,84,28,closed,
2026-08-04T09:19:54.540,149760012,T0004,OBJ-F,SC-01,normal,70,98,92,84,28,closed,
2026-08-04T09:19:54.560,149780500,T0004,OBJ-F,SC-01,normal,70,98,93,84,28,closed,
2026-08-04T09:19:54.580,149800984,T0004,OBJ-F,SC-01,normal,70,98,93,84,28,closed,
2026-08-04T09:19:54.601,149820436,T0004,OBJ-F,SC-01,normal,70,98,93,84,28,closed,
2026-08-04T09:19:54.620,149840924,T0004,OBJ-F,SC-01,normal,70,98,94,84,28,closed,
2026-08-04T09:19:54.640,149860372,T0004,OBJ-F,SC-01,normal,70,98,94,84,28,closed,
2026-08-04T09:19:54.660,149880860,T0004,OBJ-F,SC-01,normal,70,98,95,84,28,closed,
2026-08-04T09:19:54.680,149900308,T0004,OBJ-F,SC-01,normal,70,98,95,84,28,closed,
2026-08-04T09:19:54.700,149920780,T0004,OBJ-F,SC-01,normal,70,98,96,84,28,closed,
2026-08-04T09:19:54.720,149940248,T0004,OBJ-F,SC-01,normal,70,98,96,84,28,closed,
2026-08-04T09:19:54.740,149960716,T0004,OBJ-F,SC-01,normal,70,98,97,84,28,closed,
2026-08-04T09:19:54.760,149980184,T0004,OBJ-F,SC-01,normal,70,98,97,84,28,closed,
2026-08-04T09:19:54.780,150000656,T0004,OBJ-F,SC-01,normal,70,98,97,84,28,closed,
2026-08-04T09:19:54.800,150020120,T0004,OBJ-F,SC-01,normal,70,98,97,84,28,closed,
2026-08-04T09:19:54.820,150040592,T0004,OBJ-F,SC-01,normal,70,98,97,84,28,closed,
2026-08-04T09:19:54.840,150060060,T0004,OBJ-F,SC-01,normal,70,98,97,84,28,closed,
2026-08-04T09:19:54.861,150080528,T0004,OBJ-F,SC-01,normal,70,98,97,84,28,closed,
2026-08-04T09:19:54.880,150101016,T0004,OBJ-F,SC-01,normal,70,98,97,84,28,closed,
2026-08-04T09:19:54.901,150120464,T0004,OBJ-F,SC-01,normal,70,98,97,84,28,closed,
2026-08-04T09:19:54.920,150140952,T0004,OBJ-F,SC-01,normal,70,98,97,84,28,closed,
2026-08-04T09:19:54.941,150160404,T0004,OBJ-F,SC-01,normal,70,98,97,84,28,closed,
2026-08-04T09:19:54.960,150180892,T0004,OBJ-F,SC-01,normal,70,98,97,84,28,closed,
2026-08-04T09:19:54.980,150200340,T0004,OBJ-F,SC-01,normal,70,98,97,84,28,closed,
2026-08-04T09:19:55.000,150220828,T0004,OBJ-F,SC-01,normal,70,98,97,84,28,closed,
2026-08-04T09:19:55.020,150240276,T0004,OBJ-F,SC-01,normal,70,98,97,84,28,closed,
2026-08-04T09:19:55.040,150260748,T0004,OBJ-F,SC-01,normal,70,98,97,84,28,closed,
2026-08-04T09:19:55.060,150280216,T0004,OBJ-F,SC-01,normal,70,98,97,84,28,closed,
2026-08-04T09:19:55.080,150300688,T0004,OBJ-F,SC-01,normal,70,98,97,84,28,closed,
2026-08-04T09:19:55.100,150320156,T0004,OBJ-F,SC-01,normal,70,98,97,84,28,closed,
2026-08-04T09:19:55.120,150340628,T0004,OBJ-F,SC-01,normal,70,98,97,84,28,closed,
2026-08-04T09:19:55.140,150360076,T0004,OBJ-F,SC-01,normal,70,98,97,84,28,closed,
2026-08-04T09:19:55.161,150380564,T0004,OBJ-F,SC-01,normal,70,98,97,84,28,closed,
2026-08-04T09:19:55.180,150400016,T0004,OBJ-F,SC-01,normal,70,98,97,84,28,closed,
2026-08-04T09:19:55.200,150420504,T0004,OBJ-F,SC-01,normal,70,98,97,84,28,closed,
2026-08-04T09:19:55.220,150440972,T0004,OBJ-F,SC-01,normal,70,98,97,84,28,closed,
2026-08-04T09:19:55.240,150460440,T0004,OBJ-F,SC-01,normal,70,98,97,84,28,closed,
2026-08-04T09:19:55.259,150480912,T0004,OBJ-F,SC-01,normal,70,98,97,84,28,closed,
2026-08-04T09:19:55.280,150500376,T0004,OBJ-F,SC-01,normal,70,98,97,84,28,closed,
2026-08-04T09:19:55.300,150520848,T0004,OBJ-F,SC-01,normal,70,98,97,84,28,closed,
2026-08-04T09:19:55.320,150540300,T0004,OBJ-F,SC-01,normal,70,98,97,84,28,closed,
2026-08-04T09:19:55.340,150560788,T0004,OBJ-F,SC-01,normal,70,98,97,84,28,closed,
2026-08-04T09:19:55.360,150580236,T0004,OBJ-F,SC-01,normal,70,98,97,84,28,closed,
2026-08-04T09:19:55.380,150600724,T0004,OBJ-F,SC-01,normal,70,98,97,84,28,closed,
2026-08-04T09:19:55.400,150620176,T0004,OBJ-F,SC-01,normal,70,98,97,84,28,closed,
2026-08-04T09:19:55.420,150640664,T0004,OBJ-F,SC-01,normal,70,98,97,84,28,closed,
2026-08-04T09:19:55.440,150660112,T0004,OBJ-F,SC-01,normal,70,98,97,84,28,closed,
2026-08-04T09:19:55.460,150680600,T0004,OBJ-F,SC-01,normal,70,98,97,84,28,closed,
2026-08-04T09:19:55.480,150700052,T0004,OBJ-F,SC-01,normal,70,98,97,84,28,closed,
2026-08-04T09:19:55.501,150720524,T0004,OBJ-F,SC-01,normal,70,98,97,84,28,closed,
2026-08-04T09:19:55.520,150741012,T0004,OBJ-F,SC-01,normal,70,98,97,84,28,closed,
2026-08-04T09:19:55.541,150760460,T0004,OBJ-F,SC-01,normal,70,98,97,84,28,closed,
2026-08-04T09:19:55.560,150780948,T0004,OBJ-F,SC-01,normal,70,98,97,84,28,closed,
2026-08-04T09:19:55.581,150800400,T0004,OBJ-F,SC-01,normal,70,98,97,84,28,closed,
2026-08-04T09:19:55.600,150820884,T0004,OBJ-F,SC-01,normal,70,98,97,84,28,closed,
2026-08-04T09:19:55.620,150840332,T0004,OBJ-F,SC-01,normal,70,98,97,84,28,closed,
2026-08-04T09:19:55.640,150860820,T0004,OBJ-F,SC-01,normal,70,98,97,84,28,closed,
2026-08-04T09:19:55.660,150880268,T0004,OBJ-F,SC-01,normal,70,98,97,84,28,closed,
2026-08-04T09:19:55.680,150900756,T0004,OBJ-F,SC-01,normal,70,98,97,84,28,closed,
2026-08-04T09:19:55.700,150920208,T0004,OBJ-F,SC-01,normal,70,98,97,84,28,closed,
2026-08-04T09:19:55.720,150940692,T0004,OBJ-F,SC-01,normal,70,98,97,84,28,closed,
2026-08-04T09:19:55.740,150960144,T0004,OBJ-F,SC-01,normal,71,98,97,84,28,closed,
2026-08-04T09:19:55.760,150980632,T0004,OBJ-F,SC-01,normal,71,98,97,84,28,closed,
2026-08-04T09:19:55.780,151000084,T0004,OBJ-F,SC-01,normal,72,98,97,84,28,closed,
2026-08-04T09:19:55.800,151020572,T0004,OBJ-F,SC-01,normal,73,98,97,84,28,closed,
2026-08-04T09:19:55.820,151040020,T0004,OBJ-F,SC-01,normal,73,98,97,84,28,closed,
2026-08-04T09:19:55.840,151060508,T0004,OBJ-F,SC-01,normal,74,98,97,84,28,closed,
2026-08-04T09:19:55.860,151080976,T0004,OBJ-F,SC-01,normal,74,98,97,84,28,closed,
2026-08-04T09:19:55.881,151100444,T0004,OBJ-F,SC-01,normal,74,98,97,84,28,closed,
2026-08-04T09:19:55.900,151120916,T0004,OBJ-F,SC-01,normal,75,98,97,84,28,closed,
2026-08-04T09:19:55.921,151140364,T0004,OBJ-F,SC-01,normal,75,98,97,84,28,closed,
2026-08-04T09:19:55.940,151160852,T0004,OBJ-F,SC-01,normal,76,98,97,84,28,closed,
2026-08-04T09:19:55.960,151180304,T0004,OBJ-F,SC-01,normal,76,98,97,84,28,closed,
2026-08-04T09:19:55.980,151200792,T0004,OBJ-F,SC-01,normal,76,98,97,84,28,closed,
2026-08-04T09:19:56.000,151220244,T0004,OBJ-F,SC-01,normal,77,98,97,84,28,closed,
2026-08-04T09:19:56.020,151240732,T0004,OBJ-F,SC-01,normal,77,98,97,84,28,closed,
2026-08-04T09:19:56.040,151260180,T0004,OBJ-F,SC-01,normal,78,98,97,84,28,closed,
2026-08-04T09:19:56.060,151280668,T0004,OBJ-F,SC-01,normal,78,98,97,84,28,closed,
2026-08-04T09:19:56.080,151300116,T0004,OBJ-F,SC-01,normal,78,98,97,84,28,closed,
2026-08-04T09:19:56.100,151320588,T0004,OBJ-F,SC-01,normal,79,98,97,84,28,closed,
2026-08-04T09:19:56.120,151340056,T0004,OBJ-F,SC-01,normal,79,98,97,84,28,closed,
2026-08-04T09:19:56.141,151360528,T0004,OBJ-F,SC-01,normal,80,98,97,84,28,closed,
2026-08-04T09:19:56.161,151381016,T0004,OBJ-F,SC-01,normal,80,98,97,84,28,closed,
2026-08-04T09:19:56.180,151400464,T0004,OBJ-F,SC-01,normal,81,98,97,84,28,closed,
2026-08-04T09:19:56.201,151420952,T0004,OBJ-F,SC-01,normal,81,98,97,84,28,closed,
2026-08-04T09:19:56.221,151440404,T0004,OBJ-F,SC-01,normal,82,98,97,84,28,closed,
2026-08-04T09:19:56.241,151460892,T0004,OBJ-F,SC-01,normal,82,98,97,84,28,closed,
2026-08-04T09:19:56.260,151480340,T0004,OBJ-F,SC-01,normal,83,98,97,84,28,closed,
2026-08-04T09:19:56.281,151500812,T0004,OBJ-F,SC-01,normal,83,98,97,84,28,closed,
2026-08-04T09:19:56.300,151520280,T0004,OBJ-F,SC-01,normal,84,98,97,84,28,closed,
2026-08-04T09:19:56.321,151540748,T0004,OBJ-F,SC-01,normal,85,98,97,84,28,closed,
2026-08-04T09:19:56.341,151560220,T0004,OBJ-F,SC-01,normal,86,98,97,84,28,closed,
2026-08-04T09:19:56.361,151580688,T0004,OBJ-F,SC-01,normal,86,98,97,84,28,closed,
2026-08-04T09:19:56.380,151600156,T0004,OBJ-F,SC-01,normal,87,98,97,84,28,closed,
2026-08-04T09:19:56.402,151620624,T0004,OBJ-F,SC-01,normal,88,98,97,84,28,closed,
2026-08-04T09:19:56.420,151640076,T0004,OBJ-F,SC-01,normal,88,98,97,84,28,closed,
2026-08-04T09:19:56.441,151660564,T0004,OBJ-F,SC-01,normal,89,98,97,84,28,closed,
2026-08-04T09:19:56.460,151680012,T0004,OBJ-F,SC-01,normal,90,98,97,84,28,closed,
2026-08-04T09:19:56.482,151700500,T0004,OBJ-F,SC-01,normal,91,98,97,84,28,closed,
2026-08-04T09:19:56.502,151720984,T0004,OBJ-F,SC-01,normal,92,98,97,84,28,closed,
2026-08-04T09:19:56.522,151740436,T0004,OBJ-F,SC-01,normal,92,98,97,84,28,closed,
2026-08-04T09:19:56.542,151760908,T0004,OBJ-F,SC-01,normal,93,98,97,84,28,closed,
2026-08-04T09:19:56.561,151780372,T0004,OBJ-F,SC-01,normal,94,98,97,84,28,closed,
2026-08-04T09:19:56.601,151800844,T0004,OBJ-F,SC-01,normal,95,98,97,84,28,closed,
2026-08-04T09:19:56.602,151820312,T0004,OBJ-F,SC-01,normal,96,98,97,84,28,closed,
2026-08-04T09:19:56.640,151840784,T0004,OBJ-F,SC-01,normal,96,98,97,84,28,closed,
2026-08-04T09:19:56.642,151860252,T0004,OBJ-F,SC-01,normal,97,98,97,84,28,closed,
2026-08-04T09:19:56.680,151880724,T0004,OBJ-F,SC-01,normal,98,98,97,84,28,closed,
2026-08-04T09:19:56.682,151900172,T0004,OBJ-F,SC-01,normal,98,98,97,84,28,closed,
2026-08-04T09:19:56.720,151920660,T0004,OBJ-F,SC-01,normal,99,98,97,84,28,closed,
2026-08-04T09:19:56.722,151940124,T0004,OBJ-F,SC-01,normal,100,98,97,84,28,closed,
2026-08-04T09:19:56.760,151960588,T0004,OBJ-F,SC-01,normal,100,98,97,84,28,closed,
2026-08-04T09:19:56.762,151980052,T0004,OBJ-F,SC-01,normal,101,98,97,84,28,closed,
2026-08-04T09:19:56.783,152000536,T0004,OBJ-F,SC-01,normal,102,98,97,84,28,closed,
2026-08-04T09:19:56.820,152021016,T0004,OBJ-F,SC-01,normal,103,98,97,84,28,closed,
2026-08-04T09:19:56.822,152040464,T0004,OBJ-F,SC-01,normal,103,98,97,84,28,closed,
2026-08-04T09:19:56.861,152060944,T0004,OBJ-F,SC-01,normal,104,98,97,84,28,closed,
2026-08-04T09:19:56.863,152080408,T0004,OBJ-F,SC-01,normal,105,98,97,84,28,closed,
2026-08-04T09:19:56.900,152100888,T0004,OBJ-F,SC-01,normal,106,98,97,84,28,closed,
2026-08-04T09:19:56.903,152120348,T0004,OBJ-F,SC-01,normal,107,98,97,84,28,closed,
2026-08-04T09:19:56.940,152140812,T0004,OBJ-F,SC-01,normal,108,98,97,84,28,closed,
2026-08-04T09:19:56.943,152160272,T0004,OBJ-F,SC-01,normal,108,98,97,84,28,closed,
2026-08-04T09:19:56.980,152180752,T0004,OBJ-F,SC-01,normal,109,98,97,84,28,closed,
2026-08-04T09:19:56.983,152200216,T0004,OBJ-F,SC-01,normal,110,98,97,84,28,closed,
2026-08-04T09:19:57.020,152220700,T0004,OBJ-F,SC-01,normal,111,98,97,84,28,closed,
2026-08-04T09:19:57.023,152240144,T0004,OBJ-F,SC-01,normal,111,98,97,84,28,closed,
2026-08-04T09:19:57.060,152260624,T0004,OBJ-F,SC-01,normal,112,98,97,84,28,closed,
2026-08-04T09:19:57.063,152280088,T0004,OBJ-F,SC-01,normal,113,98,97,84,28,closed,
2026-08-04T09:19:57.100,152300568,T0004,OBJ-F,SC-01,normal,113,98,97,84,28,closed,
2026-08-04T09:19:57.120,152320016,T0004,OBJ-F,SC-01,normal,114,98,97,84,28,closed,
2026-08-04T09:19:57.140,152340496,T0004,OBJ-F,SC-01,normal,115,98,97,84,28,closed,
2026-08-04T09:19:57.161,152360976,T0004,OBJ-F,SC-01,normal,115,98,97,84,28,closed,
2026-08-04T09:19:57.180,152380436,T0004,OBJ-F,SC-01,normal,115,98,97,84,28,closed,
2026-08-04T09:19:57.201,152400920,T0004,OBJ-F,SC-01,normal,116,98,97,84,28,closed,
2026-08-04T09:19:57.220,152420364,T0004,OBJ-F,SC-01,normal,116,98,97,84,28,closed,
2026-08-04T09:19:57.241,152440844,T0004,OBJ-F,SC-01,normal,116,98,97,84,28,closed,
2026-08-04T09:19:57.260,152460308,T0004,OBJ-F,SC-01,normal,117,98,97,84,28,closed,
2026-08-04T09:19:57.280,152480788,T0004,OBJ-F,SC-01,normal,117,98,97,84,28,closed,
2026-08-04T09:19:57.299,152500252,T0004,OBJ-F,SC-01,normal,117,98,97,84,28,closed,
2026-08-04T09:19:57.320,152520716,T0004,OBJ-F,SC-01,normal,117,98,97,84,28,closed,
2026-08-04T09:19:57.339,152540180,T0004,OBJ-F,SC-01,normal,117,98,97,84,28,closed,
2026-08-04T09:19:57.360,152560660,T0004,OBJ-F,SC-01,normal,117,98,97,84,28,closed,
2026-08-04T09:19:57.380,152580120,T0004,OBJ-F,SC-01,normal,118,98,97,84,28,closed,
2026-08-04T09:19:57.400,152600604,T0004,OBJ-F,SC-01,normal,118,98,97,84,28,closed,
2026-08-04T09:19:57.421,152620048,T0004,OBJ-F,SC-01,normal,118,98,97,84,28,closed,
2026-08-04T09:19:57.440,152640528,T0004,OBJ-F,SC-01,normal,118,98,97,84,28,closed,
2026-08-04T09:19:57.461,152661012,T0004,OBJ-F,SC-01,normal,118,98,97,84,28,closed,
2026-08-04T09:19:57.480,152680472,T0004,OBJ-F,SC-01,normal,118,98,97,84,28,closed,
2026-08-04T09:19:57.501,152700952,T0004,OBJ-F,SC-01,normal,118,98,97,84,28,closed,
2026-08-04T09:19:57.520,152720396,T0004,OBJ-F,SC-01,normal,118,98,97,84,28,closed,
2026-08-04T09:19:57.540,152740880,T0004,OBJ-F,SC-01,normal,118,98,97,84,28,closed,
2026-08-04T09:19:57.560,152760340,T0004,OBJ-F,SC-01,normal,118,98,97,84,28,closed,
2026-08-04T09:19:57.580,152780820,T0004,OBJ-F,SC-01,normal,118,98,97,84,28,closed,
2026-08-04T09:19:57.600,152800284,T0004,OBJ-F,SC-01,normal,118,98,97,84,28,closed,
2026-08-04T09:19:57.620,152820752,T0004,OBJ-F,SC-01,normal,118,98,97,84,28,closed,
2026-08-04T09:19:57.640,152840208,T0004,OBJ-F,SC-01,normal,118,98,97,84,28,closed,
2026-08-04T09:19:57.660,152860700,T0004,OBJ-F,SC-01,normal,118,98,97,84,28,closed,
2026-08-04T09:19:57.680,152880152,T0004,OBJ-F,SC-01,normal,118,98,97,84,28,closed,
2026-08-04T09:19:57.700,152900632,T0004,OBJ-F,SC-01,normal,118,98,97,84,28,closed,
2026-08-04T09:19:57.720,152920080,T0004,OBJ-F,SC-01,normal,119,98,97,84,28,closed,
2026-08-04T09:19:57.740,152940564,T0004,OBJ-F,SC-01,normal,119,98,97,84,28,closed,
2026-08-04T09:19:57.761,152960028,T0004,OBJ-F,SC-01,normal,120,98,97,84,28,closed,
2026-08-04T09:19:57.780,152980508,T0004,OBJ-F,SC-01,normal,120,98,97,84,28,closed,
2026-08-04T09:19:57.800,153000976,T0004,OBJ-F,SC-01,normal,121,98,97,84,28,closed,
2026-08-04T09:19:57.820,153020448,T0004,OBJ-F,SC-01,normal,121,98,97,84,28,closed,
2026-08-04T09:19:57.841,153040916,T0004,OBJ-F,SC-01,normal,122,98,97,84,28,closed,
2026-08-04T09:19:57.860,153060376,T0004,OBJ-F,SC-01,normal,122,98,97,84,28,closed,
2026-08-04T09:19:57.881,153080852,T0004,OBJ-F,SC-01,normal,123,98,97,84,28,closed,
2026-08-04T09:19:57.900,153100312,T0004,OBJ-F,SC-01,normal,123,98,97,84,28,closed,
2026-08-04T09:19:57.920,153121040,T0004,OBJ-F,SC-01,normal,124,98,97,84,28,closed,
2026-08-04T09:19:57.940,153140240,T0004,OBJ-F,SC-01,normal,124,98,97,84,28,closed,
2026-08-04T09:19:57.960,153160724,T0004,OBJ-F,SC-01,normal,125,98,97,84,28,closed,
2026-08-04T09:19:57.980,153180184,T0004,OBJ-F,SC-01,normal,125,98,97,84,28,closed,
2026-08-04T09:19:58.000,153200652,T0004,OBJ-F,SC-01,normal,126,98,97,84,28,closed,
2026-08-04T09:19:58.020,153220124,T0004,OBJ-F,SC-01,normal,126,98,97,84,28,closed,
2026-08-04T09:19:58.040,153240596,T0004,OBJ-F,SC-01,normal,127,98,97,84,28,closed,
2026-08-04T09:19:58.061,153260052,T0004,OBJ-F,SC-01,normal,127,98,97,84,28,closed,
2026-08-04T09:19:58.080,153280528,T0004,OBJ-F,SC-01,normal,127,98,97,84,28,closed,
2026-08-04T09:19:58.100,153301008,T0004,OBJ-F,SC-01,normal,128,98,97,84,28,closed,
2026-08-04T09:19:58.120,153320460,T0004,OBJ-F,SC-01,normal,128,98,97,84,28,closed,
2026-08-04T09:19:58.140,153340956,T0004,OBJ-F,SC-01,normal,128,98,97,84,28,closed,
2026-08-04T09:19:58.160,153360680,T0004,OBJ-F,SC-01,normal,129,98,97,84,28,closed,
2026-08-04T09:19:58.180,153380884,T0004,OBJ-F,SC-01,normal,129,98,97,84,28,closed,
2026-08-04T09:19:58.200,153400468,T0004,OBJ-F,SC-01,normal,129,98,97,84,28,closed,
2026-08-04T09:19:58.221,153420828,T0004,OBJ-F,SC-01,normal,129,98,97,84,28,closed,
2026-08-04T09:19:58.240,153440272,T0004,OBJ-F,SC-01,normal,129,98,97,84,28,closed,
2026-08-04T09:19:58.261,153460756,T0004,OBJ-F,SC-01,normal,129,98,97,84,28,closed,
2026-08-04T09:19:58.280,153480268,T0004,OBJ-F,SC-01,normal,129,98,97,84,28,closed,
2026-08-04T09:19:58.300,153500684,T0004,OBJ-F,SC-01,normal,129,98,97,84,28,closed,
2026-08-04T09:19:58.320,153520148,T0004,OBJ-F,SC-01,normal,129,98,97,84,28,closed,
2026-08-04T09:19:58.340,153540628,T0004,OBJ-F,SC-01,normal,129,98,97,84,28,closed,
2026-08-04T09:19:58.361,153560076,T0004,OBJ-F,SC-01,normal,129,98,97,84,28,closed,
2026-08-04T09:19:58.380,153580560,T0004,OBJ-F,SC-01,normal,129,98,97,84,28,closed,
2026-08-04T09:19:58.401,153600024,T0004,OBJ-F,SC-01,normal,129,98,97,84,28,closed,
2026-08-04T09:19:58.420,153620500,T0004,OBJ-F,SC-01,normal,129,98,97,84,28,closed,
2026-08-04T09:19:58.441,153640980,T0004,OBJ-F,SC-01,normal,129,98,97,84,28,closed,
2026-08-04T09:19:58.460,153660440,T0004,OBJ-F,SC-01,normal,129,98,97,84,28,closed,
2026-08-04T09:19:58.481,153680924,T0004,OBJ-F,SC-01,normal,129,98,97,84,28,closed,
2026-08-04T09:19:58.500,153700364,T0004,OBJ-F,SC-01,normal,129,98,97,84,28,closed,
2026-08-04T09:19:58.520,153720848,T0004,OBJ-F,SC-01,normal,129,98,97,84,28,closed,
2026-08-04T09:19:58.540,153740308,T0004,OBJ-F,SC-01,normal,129,98,97,84,28,closed,
2026-08-04T09:19:58.560,153760788,T0004,OBJ-F,SC-01,normal,129,98,97,84,28,closed,
2026-08-04T09:19:58.580,153780252,T0004,OBJ-F,SC-01,normal,129,98,97,84,28,closed,
2026-08-04T09:19:58.600,153800732,T0004,OBJ-F,SC-01,normal,129,98,97,84,28,closed,
2026-08-04T09:19:58.620,153820176,T0004,OBJ-F,SC-01,normal,129,98,97,84,28,closed,
2026-08-04T09:19:58.640,153840656,T0004,OBJ-F,SC-01,normal,129,98,97,84,28,closed,
2026-08-04T09:19:58.660,153860116,T0004,OBJ-F,SC-01,normal,129,98,97,84,28,closed,
2026-08-04T09:19:58.680,153880600,T0004,OBJ-F,SC-01,normal,129,98,97,84,28,closed,
2026-08-04T09:19:58.701,153900044,T0004,OBJ-F,SC-01,normal,129,98,97,84,28,closed,
2026-08-04T09:19:58.720,153920524,T0004,OBJ-F,SC-01,normal,129,98,97,84,28,closed,
2026-08-04T09:19:58.740,153941008,T0004,OBJ-F,SC-01,normal,129,98,97,84,28,closed,
2026-08-04T09:19:58.760,153960468,T0004,OBJ-F,SC-01,normal,129,98,97,84,28,closed,
2026-08-04T09:19:58.780,153980948,T0004,OBJ-F,SC-01,normal,129,98,97,84,28,closed,
2026-08-04T09:19:58.800,154000396,T0004,OBJ-F,SC-01,normal,129,98,97,84,28,closed,
2026-08-04T09:19:58.820,154020876,T0004,OBJ-F,SC-01,normal,129,98,97,84,28,closed,
2026-08-04T09:19:58.840,154040336,T0004,OBJ-F,SC-01,normal,129,98,97,84,28,closed,
2026-08-04T09:19:58.861,154060816,T0004,OBJ-F,SC-01,normal,129,98,97,84,28,closed,
2026-08-04T09:19:58.880,154080276,T0004,OBJ-F,SC-01,normal,129,98,97,84,28,closed,
2026-08-04T09:19:58.900,154100760,T0004,OBJ-F,SC-01,normal,129,98,97,84,28,closed,
2026-08-04T09:19:58.920,154120204,T0004,OBJ-F,SC-01,normal,129,99,97,84,28,closed,
2026-08-04T09:19:58.940,154140684,T0004,OBJ-F,SC-01,normal,129,99,97,84,28,closed,
2026-08-04T09:19:58.960,154160144,T0004,OBJ-F,SC-01,normal,129,99,97,84,28,closed,
2026-08-04T09:19:58.980,154180620,T0004,OBJ-F,SC-01,normal,129,100,97,84,28,closed,
2026-08-04T09:19:59.000,154200076,T0004,OBJ-F,SC-01,normal,129,100,97,84,28,closed,
2026-08-04T09:19:59.020,154220568,T0004,OBJ-F,SC-01,normal,129,101,97,84,28,closed,
2026-08-04T09:19:59.041,154240024,T0004,OBJ-F,SC-01,normal,129,101,97,84,28,closed,
2026-08-04T09:19:59.060,154260500,T0004,OBJ-F,SC-01,normal,129,102,97,84,28,closed,
2026-08-04T09:19:59.081,154280972,T0004,OBJ-F,SC-01,normal,129,102,97,84,28,closed,
2026-08-04T09:19:59.100,154300428,T0004,OBJ-F,SC-01,normal,129,103,97,84,28,closed,
2026-08-04T09:19:59.120,154320920,T0004,OBJ-F,SC-01,normal,129,103,97,84,28,closed,
2026-08-04T09:19:59.140,154340376,T0004,OBJ-F,SC-01,normal,129,103,97,84,28,closed,
2026-08-04T09:19:59.160,154360852,T0004,OBJ-F,SC-01,normal,129,103,97,84,28,closed,
2026-08-04T09:19:59.180,154380308,T0004,OBJ-F,SC-01,normal,129,104,97,84,28,closed,
2026-08-04T09:19:59.200,154400784,T0004,OBJ-F,SC-01,normal,129,104,97,84,28,closed,
2026-08-04T09:19:59.220,154420240,T0004,OBJ-F,SC-01,normal,129,104,97,84,28,closed,
2026-08-04T09:19:59.240,154440732,T0004,OBJ-F,SC-01,normal,129,104,97,84,28,closed,
2026-08-04T09:19:59.260,154460184,T0004,OBJ-F,SC-01,normal,129,104,97,84,28,closed,
2026-08-04T09:19:59.280,154480660,T0004,OBJ-F,SC-01,normal,129,105,97,84,28,closed,
2026-08-04T09:19:59.300,154500116,T0004,OBJ-F,SC-01,normal,129,105,97,84,28,closed,
2026-08-04T09:19:59.320,154520592,T0004,OBJ-F,SC-01,normal,129,105,97,84,28,closed,
2026-08-04T09:19:59.340,154540048,T0004,OBJ-F,SC-01,normal,129,105,97,84,28,closed,
2026-08-04T09:19:59.359,154560524,T0004,OBJ-F,SC-01,normal,129,106,97,84,28,closed,
2026-08-04T09:19:59.380,154581020,T0004,OBJ-F,SC-01,normal,129,106,97,84,28,closed,
2026-08-04T09:19:59.400,154600476,T0004,OBJ-F,SC-01,normal,129,107,97,84,28,closed,
2026-08-04T09:19:59.420,154620952,T0004,OBJ-F,SC-01,normal,129,107,97,84,28,closed,
2026-08-04T09:19:59.440,154640408,T0004,OBJ-F,SC-01,normal,129,107,97,84,28,closed,
2026-08-04T09:19:59.460,154660884,T0004,OBJ-F,SC-01,normal,129,108,97,84,28,closed,
2026-08-04T09:19:59.480,154680340,T0004,OBJ-F,SC-01,normal,129,108,97,84,28,closed,
2026-08-04T09:19:59.500,154700816,T0004,OBJ-F,SC-01,normal,129,109,97,84,28,closed,
2026-08-04T09:19:59.520,154720272,T0004,OBJ-F,SC-01,normal,129,109,97,84,28,closed,
2026-08-04T09:19:59.541,154740748,T0004,OBJ-F,SC-01,normal,129,110,97,84,28,closed,
2026-08-04T09:19:59.560,154760204,T0004,OBJ-F,SC-01,normal,129,110,97,84,28,closed,
2026-08-04T09:19:59.580,154780696,T0004,OBJ-F,SC-01,normal,129,111,97,84,28,closed,
2026-08-04T09:19:59.600,154800152,T0004,OBJ-F,SC-01,normal,129,111,97,84,28,closed,
2026-08-04T09:19:59.620,154820628,T0004,OBJ-F,SC-01,normal,129,111,97,84,28,closed,
2026-08-04T09:19:59.640,154840084,T0004,OBJ-F,SC-01,normal,129,112,97,84,28,closed,
2026-08-04T09:19:59.660,154860560,T0004,OBJ-F,SC-01,normal,129,112,97,84,28,closed,
2026-08-04T09:19:59.680,154880016,T0004,OBJ-F,SC-01,normal,129,113,97,84,28,closed,
2026-08-04T09:19:59.700,154900492,T0004,OBJ-F,SC-01,normal,129,113,97,84,28,closed,
2026-08-04T09:19:59.721,154920984,T0004,OBJ-F,SC-01,normal,129,113,97,84,28,closed,
2026-08-04T09:19:59.740,154940440,T0004,OBJ-F,SC-01,normal,129,114,97,84,28,closed,
2026-08-04T09:19:59.761,154960916,T0004,OBJ-F,SC-01,normal,129,114,97,84,28,closed,
2026-08-04T09:19:59.780,154980372,T0004,OBJ-F,SC-01,normal,129,115,97,84,28,closed,
2026-08-04T09:19:59.800,155000848,T0004,OBJ-F,SC-01,normal,129,115,97,84,28,closed,
2026-08-04T09:19:59.820,155020304,T0004,OBJ-F,SC-01,normal,129,115,97,84,28,closed,
2026-08-04T09:19:59.840,155040780,T0004,OBJ-F,SC-01,normal,129,115,97,84,28,closed,
2026-08-04T09:19:59.860,155060236,T0004,OBJ-F,SC-01,normal,129,116,97,84,28,closed,
2026-08-04T09:19:59.881,155080728,T0004,OBJ-F,SC-01,normal,129,116,97,84,28,closed,
2026-08-04T09:19:59.899,155100184,T0004,OBJ-F,SC-01,normal,129,116,97,84,28,closed,
2026-08-04T09:19:59.920,155120664,T0004,OBJ-F,SC-01,normal,129,117,97,84,28,closed,
2026-08-04T09:19:59.940,155140120,T0004,OBJ-F,SC-01,normal,129,117,97,84,28,closed,
2026-08-04T09:19:59.960,155160596,T0004,OBJ-F,SC-01,normal,129,117,97,84,28,closed,
2026-08-04T09:19:59.981,155180052,T0004,OBJ-F,SC-01,normal,129,117,97,84,28,closed,
2026-08-04T09:20:00.000,155200532,T0004,OBJ-F,SC-01,normal,129,117,97,84,28,closed,
2026-08-04T09:20:00.021,155221008,T0004,OBJ-F,SC-01,normal,129,117,97,84,28,closed,
2026-08-04T09:20:00.040,155240460,T0004,OBJ-F,SC-01,normal,129,118,97,84,28,closed,
2026-08-04T09:20:00.060,155260956,T0004,OBJ-F,SC-01,normal,129,118,97,84,28,closed,
2026-08-04T09:20:00.080,155280412,T0004,OBJ-F,SC-01,normal,129,118,97,84,28,closed,
2026-08-04T09:20:00.101,155300888,T0004,OBJ-F,SC-01,normal,129,118,97,84,28,closed,
2026-08-04T09:20:00.120,155320340,T0004,OBJ-F,SC-01,normal,129,118,97,84,28,closed,
2026-08-04T09:20:00.140,155340816,T0004,OBJ-F,SC-01,normal,129,118,97,84,28,closed,
2026-08-04T09:20:00.160,155360272,T0004,OBJ-F,SC-01,normal,129,118,97,84,28,closed,
2026-08-04T09:20:00.180,155380748,T0004,OBJ-F,SC-01,normal,129,118,97,84,28,closed,
2026-08-04T09:20:00.200,155400204,T0004,OBJ-F,SC-01,normal,129,118,97,84,28,closed,
2026-08-04T09:20:00.220,155420696,T0004,OBJ-F,SC-01,normal,129,118,97,84,28,closed,
2026-08-04T09:20:00.240,155440156,T0004,OBJ-F,SC-01,normal,129,119,97,84,28,closed,
2026-08-04T09:20:00.260,155460632,T0004,OBJ-F,SC-01,normal,129,119,97,84,28,closed,
2026-08-04T09:20:00.280,155480088,T0004,OBJ-F,SC-01,normal,129,119,97,84,28,closed,
2026-08-04T09:20:00.300,155500568,T0004,OBJ-F,SC-01,normal,129,120,97,84,28,closed,
2026-08-04T09:20:00.321,155520024,T0004,OBJ-F,SC-01,normal,129,120,97,84,28,closed,
2026-08-04T09:20:00.340,155540500,T0004,OBJ-F,SC-01,normal,129,120,97,84,28,closed,
2026-08-04T09:20:00.361,155560976,T0004,OBJ-F,SC-01,normal,129,120,97,84,28,closed,
2026-08-04T09:20:00.380,155580432,T0004,OBJ-F,SC-01,normal,129,120,97,84,28,closed,
2026-08-04T09:20:00.401,155600912,T0004,OBJ-F,SC-01,normal,129,120,97,84,28,closed,
2026-08-04T09:20:00.420,155620368,T0004,OBJ-F,SC-01,normal,129,120,97,84,28,closed,
2026-08-04T09:20:00.440,155640844,T0004,OBJ-F,SC-01,normal,129,120,97,84,28,closed,
2026-08-04T09:20:00.460,155660304,T0004,OBJ-F,SC-01,normal,129,120,97,84,28,closed,
2026-08-04T09:20:00.480,155680780,T0004,OBJ-F,SC-01,normal,129,120,97,84,28,closed,
2026-08-04T09:20:00.500,155700236,T0004,OBJ-F,SC-01,normal,129,120,97,84,28,closed,
2026-08-04T09:20:00.520,155720728,T0004,OBJ-F,SC-01,normal,129,120,97,84,28,closed,
2026-08-04T09:20:00.540,155740184,T0004,OBJ-F,SC-01,normal,129,120,97,84,28,closed,
2026-08-04T09:20:00.560,155760660,T0004,OBJ-F,SC-01,normal,129,120,97,84,28,closed,
2026-08-04T09:20:00.579,155780116,T0004,OBJ-F,SC-01,normal,129,120,97,84,28,closed,
2026-08-04T09:20:00.600,155800592,T0004,OBJ-F,SC-01,normal,129,120,97,84,28,closed,
2026-08-04T09:20:00.621,155820048,T0004,OBJ-F,SC-01,normal,129,120,97,84,28,closed,
2026-08-04T09:20:00.640,155840524,T0004,OBJ-F,SC-01,normal,129,120,97,84,28,closed,
2026-08-04T09:20:00.660,155861020,T0004,OBJ-F,SC-01,normal,129,120,97,84,28,closed,
2026-08-04T09:20:00.680,155880476,T0004,OBJ-F,SC-01,normal,129,120,97,84,28,closed,
2026-08-04T09:20:00.701,155900952,T0004,OBJ-F,SC-01,normal,129,120,97,84,28,closed,
2026-08-04T09:20:00.720,155920408,T0004,OBJ-F,SC-01,normal,129,120,97,84,28,closed,
2026-08-04T09:20:00.741,155940884,T0004,OBJ-F,SC-01,normal,129,120,97,84,28,closed,
2026-08-04T09:20:00.760,155960340,T0004,OBJ-F,SC-01,normal,129,120,98,84,28,closed,
2026-08-04T09:20:00.780,155980820,T0004,OBJ-F,SC-01,normal,129,120,98,84,28,closed,
2026-08-04T09:20:00.800,156000272,T0004,OBJ-F,SC-01,normal,129,120,99,84,28,closed,
2026-08-04T09:20:00.820,156020748,T0004,OBJ-F,SC-01,normal,129,120,99,84,28,closed,
2026-08-04T09:20:00.840,156040216,T0004,OBJ-F,SC-01,normal,129,120,100,84,28,closed,
2026-08-04T09:20:00.861,156060688,T0004,OBJ-F,SC-01,normal,129,120,100,84,28,closed,
2026-08-04T09:20:00.880,156080156,T0004,OBJ-F,SC-01,normal,129,120,101,84,28,closed,
2026-08-04T09:20:00.900,156100624,T0004,OBJ-F,SC-01,normal,129,120,101,84,28,closed,
2026-08-04T09:20:00.921,156120076,T0004,OBJ-F,SC-01,normal,129,120,102,84,28,closed,
2026-08-04T09:20:00.940,156140564,T0004,OBJ-F,SC-01,normal,129,120,102,84,28,closed,
2026-08-04T09:20:00.961,156160016,T0004,OBJ-F,SC-01,normal,129,120,103,84,28,closed,
2026-08-04T09:20:00.980,156180500,T0004,OBJ-F,SC-01,normal,129,120,103,84,28,closed,
2026-08-04T09:20:01.001,156200988,T0004,OBJ-F,SC-01,normal,129,120,104,84,28,closed,
2026-08-04T09:20:01.020,156220436,T0004,OBJ-F,SC-01,normal,129,120,104,84,28,closed,
2026-08-04T09:20:01.041,156240908,T0004,OBJ-F,SC-01,normal,129,120,104,84,28,closed,
2026-08-04T09:20:01.060,156260372,T0004,OBJ-F,SC-01,normal,129,120,104,84,28,closed,
2026-08-04T09:20:01.080,156280844,T0004,OBJ-F,SC-01,normal,129,120,104,84,28,closed,
2026-08-04T09:20:01.100,156300312,T0004,OBJ-F,SC-01,normal,129,120,104,84,28,closed,
2026-08-04T09:20:01.120,156320784,T0004,OBJ-F,SC-01,normal,129,120,104,84,28,closed,
2026-08-04T09:20:01.140,156340252,T0004,OBJ-F,SC-01,normal,129,120,104,84,28,closed,
2026-08-04T09:20:01.160,156360720,T0004,OBJ-F,SC-01,normal,129,120,104,84,28,closed,
2026-08-04T09:20:01.180,156380172,T0004,OBJ-F,SC-01,normal,129,120,104,84,28,closed,
2026-08-04T09:20:01.201,156400660,T0004,OBJ-F,SC-01,normal,129,120,104,84,28,closed,
2026-08-04T09:20:01.220,156420108,T0004,OBJ-F,SC-01,normal,129,120,104,84,28,closed,
2026-08-04T09:20:01.240,156440600,T0004,OBJ-F,SC-01,normal,129,120,103,84,28,closed,
2026-08-04T09:20:01.261,156460048,T0004,OBJ-F,SC-01,normal,129,120,102,84,28,closed,
2026-08-04T09:20:01.280,156480540,T0004,OBJ-F,SC-01,normal,129,120,102,84,28,closed,
2026-08-04T09:20:01.301,156501008,T0004,OBJ-F,SC-01,normal,129,120,101,84,28,closed,
2026-08-04T09:20:01.319,156520464,T0004,OBJ-F,SC-01,normal,129,120,99,84,28,closed,
2026-08-04T09:20:01.340,156540940,T0004,OBJ-F,SC-01,normal,129,120,98,84,28,closed,
2026-08-04T09:20:01.360,156560396,T0004,OBJ-F,SC-01,normal,129,120,97,84,28,closed,
2026-08-04T09:20:01.380,156580876,T0004,OBJ-F,SC-01,normal,129,120,96,84,28,closed,
2026-08-04T09:20:01.399,156600332,T0004,OBJ-F,SC-01,normal,129,120,95,84,28,closed,
2026-08-04T09:20:01.420,156620824,T0004,OBJ-F,SC-01,normal,129,120,94,84,28,closed,
2026-08-04T09:20:01.440,156640280,T0004,OBJ-F,SC-01,normal,129,120,93,84,28,closed,
2026-08-04T09:20:01.460,156660760,T0004,OBJ-F,SC-01,normal,129,120,92,84,28,closed,
2026-08-04T09:20:01.480,156680216,T0004,OBJ-F,SC-01,normal,129,120,91,84,28,closed,
2026-08-04T09:20:01.500,156700692,T0004,OBJ-F,SC-01,normal,129,120,90,84,28,closed,
2026-08-04T09:20:01.520,156720148,T0004,OBJ-F,SC-01,normal,129,120,89,84,28,closed,
2026-08-04T09:20:01.540,156740624,T0004,OBJ-F,SC-01,normal,129,120,88,84,28,closed,
2026-08-04T09:20:01.560,156760080,T0004,OBJ-F,SC-01,normal,129,120,87,84,28,closed,
2026-08-04T09:20:01.580,156780556,T0004,OBJ-F,SC-01,normal,129,120,86,84,28,closed,
2026-08-04T09:20:01.601,156800016,T0004,OBJ-F,SC-01,normal,129,120,85,84,28,closed,
2026-08-04T09:20:01.620,156820508,T0004,OBJ-F,SC-01,normal,129,120,84,84,28,closed,
2026-08-04T09:20:01.641,156840984,T0004,OBJ-F,SC-01,normal,129,120,83,84,28,closed,
2026-08-04T09:20:01.660,156860436,T0004,OBJ-F,SC-01,normal,129,120,83,84,28,closed,
2026-08-04T09:20:01.681,156880916,T0004,OBJ-F,SC-01,normal,129,120,82,84,28,closed,
2026-08-04T09:20:01.700,156900368,T0004,OBJ-F,SC-01,normal,129,120,82,84,28,closed,
2026-08-04T09:20:01.721,156920844,T0004,OBJ-F,SC-01,normal,129,120,81,84,28,closed,
2026-08-04T09:20:01.740,156940300,T0004,OBJ-F,SC-01,normal,129,120,81,84,28,closed,
2026-08-04T09:20:01.762,156960780,T0004,OBJ-F,SC-01,normal,129,120,81,84,28,closed,
2026-08-04T09:20:01.781,156980252,T0004,OBJ-F,SC-01,normal,129,120,81,84,28,closed,
2026-08-04T09:20:01.801,157000728,T0004,OBJ-F,SC-01,normal,129,120,81,84,28,closed,
2026-08-04T09:20:01.821,157020184,T0004,OBJ-F,SC-01,normal,129,120,81,84,28,closed,
2026-08-04T09:20:01.842,157040660,T0004,OBJ-F,SC-01,normal,129,120,81,84,28,closed,
2026-08-04T09:20:01.861,157060116,T0004,OBJ-F,SC-01,normal,129,120,81,84,28,closed,
2026-08-04T09:20:01.881,157080592,T0004,OBJ-F,SC-01,normal,129,120,81,84,28,closed,
2026-08-04T09:20:01.901,157100048,T0004,OBJ-F,SC-01,normal,129,120,81,84,28,closed,
2026-08-04T09:20:01.922,157120528,T0004,OBJ-F,SC-01,normal,129,120,81,84,28,closed,
2026-08-04T09:20:01.942,157141004,T0004,OBJ-F,SC-01,normal,129,120,81,84,28,closed,
2026-08-04T09:20:01.962,157160460,T0004,OBJ-F,SC-01,normal,129,120,81,84,28,closed,
2026-08-04T09:20:01.982,157180956,T0004,OBJ-F,SC-01,normal,129,120,81,84,28,closed,
2026-08-04T09:20:02.002,157200396,T0004,OBJ-F,SC-01,normal,129,120,80,84,28,closed,
2026-08-04T09:20:02.023,157220888,T0004,OBJ-F,SC-01,normal,129,120,80,84,28,closed,
2026-08-04T09:20:02.042,157240344,T0004,OBJ-F,SC-01,normal,129,120,79,84,28,closed,
2026-08-04T09:20:02.063,157260824,T0004,OBJ-F,SC-01,normal,129,120,78,84,28,closed,
2026-08-04T09:20:02.082,157280280,T0004,OBJ-F,SC-01,normal,129,120,77,84,28,closed,
2026-08-04T09:20:02.103,157300756,T0004,OBJ-F,SC-01,normal,129,120,77,84,28,closed,
2026-08-04T09:20:02.122,157320212,T0004,OBJ-F,SC-01,normal,129,120,76,84,28,closed,
2026-08-04T09:20:02.142,157340688,T0004,OBJ-F,SC-01,normal,129,120,75,84,28,closed,
2026-08-04T09:20:02.180,157360144,T0004,OBJ-F,SC-01,normal,129,120,75,84,28,closed,
2026-08-04T09:20:02.183,157380620,T0004,OBJ-F,SC-01,normal,129,120,74,84,28,closed,
2026-08-04T09:20:02.202,157400076,T0004,OBJ-F,SC-01,normal,129,120,74,84,28,closed,
2026-08-04T09:20:02.223,157420568,T0004,OBJ-F,SC-01,normal,129,120,73,84,28,closed,
2026-08-04T09:20:02.242,157440024,T0004,OBJ-F,SC-01,normal,129,120,72,84,28,closed,
2026-08-04T09:20:02.280,157460496,T0004,OBJ-F,SC-01,normal,129,120,72,84,28,closed,
2026-08-04T09:20:02.284,157480972,T0004,OBJ-F,SC-01,normal,129,120,71,84,28,closed,
2026-08-04T09:20:02.320,157500428,T0004,OBJ-F,SC-01,normal,129,120,71,84,28,closed,
2026-08-04T09:20:02.324,157520920,T0004,OBJ-F,SC-01,normal,129,120,70,84,28,closed,
2026-08-04T09:20:02.360,157540376,T0004,OBJ-F,SC-01,normal,129,120,69,84,28,closed,
2026-08-04T09:20:02.379,157560852,T0004,OBJ-F,SC-01,normal,129,120,69,84,28,closed,
2026-08-04T09:20:02.400,157580308,T0004,OBJ-F,SC-01,normal,129,120,68,84,28,closed,
2026-08-04T09:20:02.420,157600784,T0004,OBJ-F,SC-01,normal,129,120,68,84,28,closed,
2026-08-04T09:20:02.423,157620240,T0004,OBJ-F,SC-01,normal,129,120,67,84,28,closed,
2026-08-04T09:20:02.460,157640716,T0004,OBJ-F,SC-01,normal,129,120,67,84,28,closed,
2026-08-04T09:20:02.480,157660172,T0004,OBJ-F,SC-01,normal,129,120,67,84,28,closed,
2026-08-04T09:20:02.500,157680664,T0004,OBJ-F,SC-01,normal,129,120,66,84,28,closed,
2026-08-04T09:20:02.521,157700120,T0004,OBJ-F,SC-01,normal,129,120,66,84,28,closed,
2026-08-04T09:20:02.541,157720592,T0004,OBJ-F,SC-01,normal,129,120,65,84,28,closed,
2026-08-04T09:20:02.544,157740048,T0004,OBJ-F,SC-01,normal,129,120,65,84,28,closed,
2026-08-04T09:20:02.580,157760524,T0004,OBJ-F,SC-01,normal,129,120,65,84,28,closed,
2026-08-04T09:20:02.600,157781016,T0004,OBJ-F,SC-01,normal,129,120,65,84,28,closed,
2026-08-04T09:20:02.621,157800472,T0004,OBJ-F,SC-01,normal,129,120,64,84,28,closed,
2026-08-04T09:20:02.640,157820948,T0004,OBJ-F,SC-01,normal,129,120,64,84,28,closed,
2026-08-04T09:20:02.661,157840400,T0004,OBJ-F,SC-01,normal,129,120,64,84,28,closed,
2026-08-04T09:20:02.680,157860876,T0004,OBJ-F,SC-01,normal,129,120,63,84,28,closed,
2026-08-04T09:20:02.700,157880332,T0004,OBJ-F,SC-01,normal,129,120,63,84,28,closed,
2026-08-04T09:20:02.720,157900824,T0004,OBJ-F,SC-01,normal,129,120,63,84,28,closed,
2026-08-04T09:20:02.741,157920276,T0004,OBJ-F,SC-01,normal,129,120,63,84,28,closed,
2026-08-04T09:20:02.760,157940752,T0004,OBJ-F,SC-01,normal,129,120,63,84,28,closed,
2026-08-04T09:20:02.780,157960208,T0004,OBJ-F,SC-01,normal,129,120,63,84,28,closed,
2026-08-04T09:20:02.800,157980684,T0004,OBJ-F,SC-01,normal,129,120,63,84,28,closed,
2026-08-04T09:20:02.820,158000140,T0004,OBJ-F,SC-01,normal,129,120,63,84,28,closed,
2026-08-04T09:20:02.840,158020636,T0004,OBJ-F,SC-01,normal,129,120,63,84,28,closed,
2026-08-04T09:20:02.860,158040088,T0004,OBJ-F,SC-01,normal,129,120,63,84,28,closed,
2026-08-04T09:20:02.881,158060564,T0004,OBJ-F,SC-01,normal,129,120,63,84,28,closed,
2026-08-04T09:20:02.900,158080020,T0004,OBJ-F,SC-01,normal,129,120,63,84,28,closed,
2026-08-04T09:20:02.920,158100496,T0004,OBJ-F,SC-01,normal,129,120,63,84,28,closed,
2026-08-04T09:20:02.940,158120972,T0004,OBJ-F,SC-01,normal,129,120,63,84,28,closed,
2026-08-04T09:20:02.961,158140444,T0004,OBJ-F,SC-01,normal,129,120,63,84,28,closed,
2026-08-04T09:20:02.980,158160920,T0004,OBJ-F,SC-01,normal,129,120,63,84,28,closed,
2026-08-04T09:20:03.000,158180376,T0004,OBJ-F,SC-01,normal,129,120,63,84,28,closed,
2026-08-04T09:20:03.020,158200852,T0004,OBJ-F,SC-01,normal,129,120,63,84,28,closed,
2026-08-04T09:20:03.040,158220308,T0004,OBJ-F,SC-01,normal,129,120,63,84,28,closed,
2026-08-04T09:20:03.060,158240784,T0004,OBJ-F,SC-01,normal,129,120,63,84,28,closed,
2026-08-04T09:20:03.080,158260240,T0004,OBJ-F,SC-01,normal,129,120,63,84,28,closed,
2026-08-04T09:20:03.100,158280732,T0004,OBJ-F,SC-01,normal,129,120,63,84,28,closed,
2026-08-04T09:20:03.120,158300176,T0004,OBJ-F,SC-01,normal,129,120,63,84,28,closed,
2026-08-04T09:20:03.140,158320664,T0004,OBJ-F,SC-01,normal,129,120,63,84,28,closed,
2026-08-04T09:20:03.160,158340124,T0004,OBJ-F,SC-01,normal,129,120,63,84,28,closed,
2026-08-04T09:20:03.181,158360592,T0004,OBJ-F,SC-01,normal,129,120,63,84,28,closed,
2026-08-04T09:20:03.200,158380052,T0004,OBJ-F,SC-01,normal,129,120,63,84,28,closed,
2026-08-04T09:20:03.220,158400548,T0004,OBJ-F,SC-01,normal,129,119,63,84,28,closed,
2026-08-04T09:20:03.240,158421020,T0004,OBJ-F,SC-01,normal,129,119,63,84,28,closed,
2026-08-04T09:20:03.261,158440472,T0004,OBJ-F,SC-01,normal,129,119,63,84,28,closed,
2026-08-04T09:20:03.280,158460940,T0004,OBJ-F,SC-01,normal,129,118,63,84,28,closed,
2026-08-04T09:20:03.300,158480400,T0004,OBJ-F,SC-01,normal,129,118,63,84,28,closed,
2026-08-04T09:20:03.320,158500880,T0004,OBJ-F,SC-01,normal,128,118,63,84,28,closed,
2026-08-04T09:20:03.340,158520348,T0004,OBJ-F,SC-01,normal,129,117,63,84,28,closed,
2026-08-04T09:20:03.360,158540812,T0004,OBJ-F,SC-01,normal,128,117,63,84,28,closed,
2026-08-04T09:20:03.381,158560272,T0004,OBJ-F,SC-01,normal,129,116,63,84,28,closed,
2026-08-04T09:20:03.399,158580756,T0004,OBJ-F,SC-01,normal,129,115,63,84,28,closed,
2026-08-04T09:20:03.420,158600220,T0004,OBJ-F,SC-01,normal,129,114,63,84,28,closed,
2026-08-04T09:20:03.439,158621040,T0004,OBJ-F,SC-01,normal,129,113,63,84,28,closed,
2026-08-04T09:20:03.460,158640428,T0004,OBJ-F,SC-01,normal,129,113,63,84,28,closed,
2026-08-04T09:20:03.481,158660920,T0004,OBJ-F,SC-01,normal,129,113,63,84,28,closed,
2026-08-04T09:20:03.500,158680088,T0004,OBJ-F,SC-01,normal,129,113,63,84,28,closed,
2026-08-04T09:20:03.521,158700696,T0004,OBJ-F,SC-01,normal,129,113,63,84,28,closed,
2026-08-04T09:20:03.541,158720016,T0004,OBJ-F,SC-01,normal,129,113,63,84,28,closed,
2026-08-04T09:20:03.560,158740836,T0004,OBJ-F,SC-01,normal,129,113,63,84,28,closed,
2026-08-04T09:20:03.580,158760976,T0004,OBJ-F,SC-01,normal,129,113,63,84,28,closed,
2026-08-04T09:20:03.600,158780432,T0004,OBJ-F,SC-01,normal,129,113,63,84,28,closed,
2026-08-04T09:20:03.620,158800908,T0004,OBJ-F,SC-01,normal,129,113,63,84,28,closed,
2026-08-04T09:20:03.641,158820380,T0004,OBJ-F,SC-01,normal,129,113,63,84,28,closed,
2026-08-04T09:20:03.660,158840856,T0004,OBJ-F,SC-01,normal,129,113,63,84,28,closed,
2026-08-04T09:20:03.680,158860312,T0004,OBJ-F,SC-01,normal,129,113,63,84,28,closed,
2026-08-04T09:20:03.700,158880788,T0004,OBJ-F,SC-01,normal,129,112,63,84,28,closed,
2026-08-04T09:20:03.720,158900244,T0004,OBJ-F,SC-01,normal,129,112,63,84,28,closed,
2026-08-04T09:20:03.740,158920720,T0004,OBJ-F,SC-01,normal,129,112,63,84,28,closed,
2026-08-04T09:20:03.760,158940172,T0004,OBJ-F,SC-01,normal,129,112,63,84,28,closed,
2026-08-04T09:20:03.780,158960668,T0004,OBJ-F,SC-01,normal,129,112,63,84,28,closed,
2026-08-04T09:20:03.800,158980120,T0004,OBJ-F,SC-01,normal,128,112,63,84,28,closed,
2026-08-04T09:20:03.821,159000596,T0004,OBJ-F,SC-01,normal,129,112,63,84,28,closed,
2026-08-04T09:20:03.840,159020192,T0004,OBJ-F,SC-01,normal,129,112,63,84,28,closed,
2026-08-04T09:20:03.861,159040528,T0004,OBJ-F,SC-01,normal,129,112,63,84,28,closed,
2026-08-04T09:20:03.880,159061020,T0004,OBJ-F,SC-01,normal,129,112,63,84,28,closed,
2026-08-04T09:20:03.901,159080476,T0004,OBJ-F,SC-01,normal,128,113,63,84,28,closed,
2026-08-04T09:20:03.920,159100952,T0004,OBJ-F,SC-01,normal,129,113,63,84,28,closed,
2026-08-04T09:20:03.941,159120408,T0004,OBJ-F,SC-01,normal,129,114,63,84,28,closed,
2026-08-04T09:20:03.960,159140884,T0004,OBJ-F,SC-01,normal,129,115,63,84,28,closed,
2026-08-04T09:20:03.980,159160340,T0004,OBJ-F,SC-01,normal,128,116,63,84,28,closed,
2026-08-04T09:20:04.000,159180816,T0004,OBJ-F,SC-01,normal,129,117,63,84,28,closed,
2026-08-04T09:20:04.021,159200272,T0004,OBJ-F,SC-01,normal,129,118,63,84,28,closed,
2026-08-04T09:20:04.040,159220748,T0004,OBJ-F,SC-01,normal,129,120,63,84,28,closed,
2026-08-04T09:20:04.060,159240204,T0004,OBJ-F,SC-01,normal,129,121,63,84,28,closed,
2026-08-04T09:20:04.080,159260696,T0004,OBJ-F,SC-01,normal,129,122,63,84,28,closed,
2026-08-04T09:20:04.100,159280152,T0004,OBJ-F,SC-01,normal,129,124,63,84,28,closed,
2026-08-04T09:20:04.121,159300628,T0004,OBJ-F,SC-01,normal,129,125,63,84,28,closed,
2026-08-04T09:20:04.140,159320084,T0004,OBJ-F,SC-01,normal,129,126,63,84,28,closed,
2026-08-04T09:20:04.161,159340560,T0004,OBJ-F,SC-01,normal,129,127,63,84,28,closed,
2026-08-04T09:20:04.180,159360016,T0004,OBJ-F,SC-01,normal,128,128,63,84,28,closed,
2026-08-04T09:20:04.201,159380492,T0004,OBJ-F,SC-01,normal,129,129,63,84,28,closed,
2026-08-04T09:20:04.220,159400984,T0004,OBJ-F,SC-01,normal,129,130,63,84,28,closed,
2026-08-04T09:20:04.241,159420440,T0004,OBJ-F,SC-01,normal,129,130,63,84,28,closed,
2026-08-04T09:20:04.260,159440916,T0004,OBJ-F,SC-01,normal,129,130,63,84,28,closed,
2026-08-04T09:20:04.280,159460372,T0004,OBJ-F,SC-01,normal,129,130,63,84,28,closed,
2026-08-04T09:20:04.300,159480848,T0004,OBJ-F,SC-01,normal,129,130,63,84,28,closed,
2026-08-04T09:20:04.320,159500304,T0004,OBJ-F,SC-01,normal,129,130,63,84,28,closed,
2026-08-04T09:20:04.340,159520784,T0004,OBJ-F,SC-01,normal,129,130,63,84,28,closed,
2026-08-04T09:20:04.360,159540240,T0004,OBJ-F,SC-01,normal,129,130,63,84,28,closed,
2026-08-04T09:20:04.380,159560716,T0004,OBJ-F,SC-01,normal,129,130,63,84,28,closed,
2026-08-04T09:20:04.400,159580172,T0004,OBJ-F,SC-01,normal,129,130,63,84,28,closed,
2026-08-04T09:20:04.420,159600664,T0004,OBJ-F,SC-01,normal,129,130,63,84,28,closed,
2026-08-04T09:20:04.440,159620120,T0004,OBJ-F,SC-01,normal,129,130,63,84,28,closed,
2026-08-04T09:20:04.461,159640600,T0004,OBJ-F,SC-01,normal,129,130,63,84,28,closed,
2026-08-04T09:20:04.480,159660056,T0004,OBJ-F,SC-01,normal,129,130,63,84,28,closed,
2026-08-04T09:20:04.501,159680532,T0004,OBJ-F,SC-01,normal,129,130,63,84,28,closed,
2026-08-04T09:20:04.520,159701008,T0004,OBJ-F,SC-01,normal,129,131,63,84,28,closed,
2026-08-04T09:20:04.541,159720468,T0004,OBJ-F,SC-01,normal,129,132,63,84,28,closed,
2026-08-04T09:20:04.559,159740944,T0004,OBJ-F,SC-01,normal,129,132,63,84,28,closed,
2026-08-04T09:20:04.580,159760404,T0004,OBJ-F,SC-01,normal,129,133,63,84,28,closed,
2026-08-04T09:20:04.600,159780880,T0004,OBJ-F,SC-01,normal,129,134,63,84,28,closed,
2026-08-04T09:20:04.620,159800332,T0004,OBJ-F,SC-01,normal,129,134,63,84,28,closed,
2026-08-04T09:20:04.640,159820828,T0004,OBJ-F,SC-01,normal,129,135,63,84,28,closed,
2026-08-04T09:20:04.660,159840284,T0004,OBJ-F,SC-01,normal,129,135,63,84,28,closed,
2026-08-04T09:20:04.680,159860760,T0004,OBJ-F,SC-01,normal,129,136,63,84,28,closed,
2026-08-04T09:20:04.700,159880216,T0004,OBJ-F,SC-01,normal,129,136,63,84,28,closed,
2026-08-04T09:20:04.720,159900692,T0004,OBJ-F,SC-01,normal,128,136,63,84,28,closed,
2026-08-04T09:20:04.740,159920152,T0004,OBJ-F,SC-01,normal,129,137,63,84,28,closed,
2026-08-04T09:20:04.761,159940628,T0004,OBJ-F,SC-01,normal,129,137,63,84,28,closed,
2026-08-04T09:20:04.780,159960084,T0004,OBJ-F,SC-01,normal,129,137,63,84,28,closed,
2026-08-04T09:20:04.801,159980560,T0004,OBJ-F,SC-01,normal,129,137,63,84,28,closed,
2026-08-04T09:20:04.820,160000016,T0004,OBJ-F,SC-01,normal,129,137,63,84,28,closed,
2026-08-04T09:20:04.840,160020504,T0004,OBJ-F,SC-01,normal,129,137,63,84,28,closed,
2026-08-04T09:20:04.860,160040976,T0004,OBJ-F,SC-01,normal,129,137,63,84,28,closed,
2026-08-04T09:20:04.881,160060432,T0004,OBJ-F,SC-01,normal,129,138,63,84,28,closed,
2026-08-04T09:20:04.899,160080924,T0004,OBJ-F,SC-01,normal,129,138,63,84,28,closed,
2026-08-04T09:20:04.920,160100376,T0004,OBJ-F,SC-01,normal,129,138,63,84,28,closed,
2026-08-04T09:20:04.940,160120852,T0004,OBJ-F,SC-01,normal,129,139,63,84,28,closed,
2026-08-04T09:20:04.960,160140308,T0004,OBJ-F,SC-01,normal,129,139,63,84,28,closed,
2026-08-04T09:20:04.980,160160784,T0004,OBJ-F,SC-01,normal,129,140,63,84,28,closed,
2026-08-04T09:20:05.000,160180236,T0004,OBJ-F,SC-01,normal,129,140,63,84,28,closed,
2026-08-04T09:20:05.020,160200728,T0004,OBJ-F,SC-01,normal,129,140,63,84,28,closed,
2026-08-04T09:20:05.041,160220184,T0004,OBJ-F,SC-01,normal,128,141,63,84,28,closed,
2026-08-04T09:20:05.059,160240656,T0004,OBJ-F,SC-01,normal,129,142,63,84,28,closed,
2026-08-04T09:20:05.080,160260112,T0004,OBJ-F,SC-01,normal,128,142,63,84,28,closed,
2026-08-04T09:20:05.101,160280604,T0004,OBJ-F,SC-01,normal,129,143,63,84,28,closed,
2026-08-04T09:20:05.120,160300056,T0004,OBJ-F,SC-01,normal,129,143,63,84,28,closed,
2026-08-04T09:20:05.141,160320532,T0004,OBJ-F,SC-01,normal,129,144,63,84,28,closed,
2026-08-04T09:20:05.160,160341008,T0004,OBJ-F,SC-01,normal,129,144,63,84,28,closed,
2026-08-04T09:20:05.180,160360460,T0004,OBJ-F,SC-01,normal,129,144,63,84,28,closed,
2026-08-04T09:20:05.200,160380952,T0004,OBJ-F,SC-01,normal,129,144,63,84,28,closed,
2026-08-04T09:20:05.221,160400408,T0004,OBJ-F,SC-01,normal,129,145,63,84,28,closed,
2026-08-04T09:20:05.240,160420884,T0004,OBJ-F,SC-01,normal,129,145,63,84,28,closed,
2026-08-04T09:20:05.260,160440336,T0004,OBJ-F,SC-01,normal,129,145,63,84,28,closed,
2026-08-04T09:20:05.280,160460812,T0004,OBJ-F,SC-01,normal,129,145,63,84,28,closed,
2026-08-04T09:20:05.300,160480268,T0004,OBJ-F,SC-01,normal,129,146,63,84,28,closed,
2026-08-04T09:20:05.320,160500760,T0004,OBJ-F,SC-01,normal,129,146,63,84,28,closed,
2026-08-04T09:20:05.340,160520216,T0004,OBJ-F,SC-01,normal,129,146,63,84,28,closed,
2026-08-04T09:20:05.360,160540692,T0004,OBJ-F,SC-01,normal,129,147,63,84,28,closed,
2026-08-04T09:20:05.380,160560148,T0004,OBJ-F,SC-01,normal,129,147,63,84,28,closed,
2026-08-04T09:20:05.401,160580624,T0004,OBJ-F,SC-01,normal,129,147,63,84,28,closed,
2026-08-04T09:20:05.420,160600080,T0004,OBJ-F,SC-01,normal,129,147,63,84,28,closed,
2026-08-04T09:20:05.441,160620556,T0004,OBJ-F,SC-01,normal,129,148,63,84,28,closed,
2026-08-04T09:20:05.460,160640028,T0004,OBJ-F,SC-01,normal,129,148,63,84,28,closed,
2026-08-04T09:20:05.480,160660500,T0004,OBJ-F,SC-01,normal,129,148,63,84,28,closed,
2026-08-04T09:20:05.500,160680976,T0004,OBJ-F,SC-01,normal,129,148,63,84,28,closed,
2026-08-04T09:20:05.520,160700432,T0004,OBJ-F,SC-01,normal,129,148,63,84,28,closed,
2026-08-04T09:20:05.540,160720908,T0004,OBJ-F,SC-01,normal,129,148,63,84,28,closed,
2026-08-04T09:20:05.560,160740380,T0004,OBJ-F,SC-01,normal,129,148,63,84,28,closed,
2026-08-04T09:20:05.580,160760856,T0004,OBJ-F,SC-01,normal,129,148,63,84,28,closed,
2026-08-04T09:20:05.601,160780312,T0004,OBJ-F,SC-01,normal,129,148,63,84,28,closed,
2026-08-04T09:20:05.620,160800788,T0004,OBJ-F,SC-01,normal,129,148,63,84,28,closed,
2026-08-04T09:20:05.640,160820240,T0004,OBJ-F,SC-01,normal,129,149,63,84,28,closed,
2026-08-04T09:20:05.660,160840732,T0004,OBJ-F,SC-01,normal,129,149,63,84,28,closed,
2026-08-04T09:20:05.680,160860184,T0004,OBJ-F,SC-01,normal,129,149,63,84,28,closed,
2026-08-04T09:20:05.700,160880660,T0004,OBJ-F,SC-01,normal,129,149,63,84,28,closed,
2026-08-04T09:20:05.720,160900112,T0004,OBJ-F,SC-01,normal,129,150,63,84,28,closed,
2026-08-04T09:20:05.741,160920588,T0004,OBJ-F,SC-01,normal,129,150,63,84,28,closed,
2026-08-04T09:20:05.760,160940044,T0004,OBJ-F,SC-01,normal,129,150,63,84,28,closed,
2026-08-04T09:20:05.781,160960536,T0004,OBJ-F,SC-01,normal,129,150,63,84,28,closed,
2026-08-04T09:20:05.800,160981012,T0004,OBJ-F,SC-01,normal,129,151,63,84,28,closed,
2026-08-04T09:20:05.820,161000464,T0004,OBJ-F,SC-01,normal,129,151,63,84,28,closed,
2026-08-04T09:20:05.840,161020940,T0004,OBJ-F,SC-01,normal,129,151,63,84,28,closed,
2026-08-04T09:20:05.860,161040396,T0004,OBJ-F,SC-01,normal,128,152,63,84,28,closed,
2026-08-04T09:20:05.880,161060888,T0004,OBJ-F,SC-01,normal,129,152,63,84,28,closed,
2026-08-04T09:20:05.901,161080344,T0004,OBJ-F,SC-01,normal,129,152,63,84,28,closed,
2026-08-04T09:20:05.920,161100820,T0004,OBJ-F,SC-01,normal,128,152,63,84,28,closed,
2026-08-04T09:20:05.940,161120276,T0004,OBJ-F,SC-01,normal,129,152,63,84,28,closed,
2026-08-04T09:20:05.960,161140752,T0004,OBJ-F,SC-01,normal,128,152,63,84,28,closed,
2026-08-04T09:20:05.980,161160208,T0004,OBJ-F,SC-01,normal,129,153,63,84,28,closed,
2026-08-04T09:20:06.000,161180684,T0004,OBJ-F,SC-01,normal,129,153,63,84,28,closed,
2026-08-04T09:20:06.020,161200140,T0004,OBJ-F,SC-01,normal,129,153,63,84,28,closed,
2026-08-04T09:20:06.041,161220632,T0004,OBJ-F,SC-01,normal,129,153,63,84,28,closed,
2026-08-04T09:20:06.060,161240088,T0004,OBJ-F,SC-01,normal,129,153,63,84,28,closed,
2026-08-04T09:20:06.081,161260564,T0004,OBJ-F,SC-01,normal,129,153,63,84,28,closed,
2026-08-04T09:20:06.100,161280020,T0004,OBJ-F,SC-01,normal,129,153,63,84,28,closed,
2026-08-04T09:20:06.121,161300492,T0004,OBJ-F,SC-01,normal,129,154,63,84,28,closed,
2026-08-04T09:20:06.140,161320984,T0004,OBJ-F,SC-01,normal,129,154,63,84,28,closed,
2026-08-04T09:20:06.160,161340436,T0004,OBJ-F,SC-01,normal,129,154,63,84,28,closed,
2026-08-04T09:20:06.180,161360916,T0004,OBJ-F,SC-01,normal,129,155,63,84,28,closed,
2026-08-04T09:20:06.200,161380372,T0004,OBJ-F,SC-01,normal,129,155,63,84,28,closed,
2026-08-04T09:20:06.220,161400848,T0004,OBJ-F,SC-01,normal,129,155,63,84,28,closed,
2026-08-04T09:20:06.240,161420304,T0004,OBJ-F,SC-01,normal,129,155,63,84,28,closed,
2026-08-04T09:20:06.260,161440780,T0004,OBJ-F,SC-01,normal,129,156,63,84,28,closed,
2026-08-04T09:20:06.280,161460252,T0004,OBJ-F,SC-01,normal,129,156,63,84,28,closed,
2026-08-04T09:20:06.300,161480728,T0004,OBJ-F,SC-01,normal,129,156,63,84,28,closed,
2026-08-04T09:20:06.320,161500180,T0004,OBJ-F,SC-01,normal,128,156,63,84,28,closed,
2026-08-04T09:20:06.340,161520656,T0004,OBJ-F,SC-01,normal,129,156,63,84,28,closed,
2026-08-04T09:20:06.360,161540112,T0004,OBJ-F,SC-01,normal,129,156,63,84,28,closed,
2026-08-04T09:20:06.381,161560588,T0004,OBJ-F,SC-01,normal,129,156,63,84,28,closed,
2026-08-04T09:20:06.400,161580044,T0004,OBJ-F,SC-01,normal,129,156,63,84,28,closed,
2026-08-04T09:20:06.421,161600536,T0004,OBJ-F,SC-01,normal,129,156,63,84,28,closed,
2026-08-04T09:20:06.440,161621012,T0004,OBJ-F,SC-01,normal,129,156,63,84,28,closed,
2026-08-04T09:20:06.460,161640468,T0004,OBJ-F,SC-01,normal,129,156,63,84,28,closed,
2026-08-04T09:20:06.480,161660940,T0004,OBJ-F,SC-01,normal,129,156,63,84,28,closed,
2026-08-04T09:20:06.500,161680396,T0004,OBJ-F,SC-01,normal,128,156,63,84,28,closed,
2026-08-04T09:20:06.520,161700892,T0004,OBJ-F,SC-01,normal,129,156,63,84,28,closed,
2026-08-04T09:20:06.540,161720344,T0004,OBJ-F,SC-01,normal,129,156,63,84,28,closed,
2026-08-04T09:20:06.560,161740820,T0004,OBJ-F,SC-01,normal,128,157,63,84,28,closed,
2026-08-04T09:20:06.580,161760276,T0004,OBJ-F,SC-01,normal,129,157,63,84,28,closed,
2026-08-04T09:20:06.599,161780752,T0004,OBJ-F,SC-01,normal,129,157,63,84,28,closed,
2026-08-04T09:20:06.620,161800208,T0004,OBJ-F,SC-01,normal,129,157,63,84,28,closed,
2026-08-04T09:20:06.640,161820684,T0004,OBJ-F,SC-01,normal,129,158,63,84,28,closed,
2026-08-04T09:20:06.660,161840140,T0004,OBJ-F,SC-01,normal,129,158,63,84,28,closed,
2026-08-04T09:20:06.681,161860632,T0004,OBJ-F,SC-01,normal,129,158,63,84,28,closed,
2026-08-04T09:20:06.700,161880088,T0004,OBJ-F,SC-01,normal,129,158,63,84,28,closed,
2026-08-04T09:20:06.721,161900564,T0004,OBJ-F,SC-01,normal,129,159,63,84,28,closed,
2026-08-04T09:20:06.740,161920020,T0004,OBJ-F,SC-01,normal,128,159,63,84,28,closed,
2026-08-04T09:20:06.761,161940496,T0004,OBJ-F,SC-01,normal,129,159,63,84,28,closed,
2026-08-04T09:20:06.780,161960988,T0004,OBJ-F,SC-01,normal,129,159,63,84,28,closed,
2026-08-04T09:20:06.800,161980440,T0004,OBJ-F,SC-01,normal,129,159,63,84,28,closed,
2026-08-04T09:20:06.820,162000920,T0004,OBJ-F,SC-01,normal,129,159,63,84,28,closed,
2026-08-04T09:20:06.840,162020372,T0004,OBJ-F,SC-01,normal,129,159,63,84,28,closed,
2026-08-04T09:20:06.860,162040852,T0004,OBJ-F,SC-01,normal,129,159,63,84,28,closed,
2026-08-04T09:20:06.880,162060304,T0004,OBJ-F,SC-01,normal,129,159,63,84,28,closed,
2026-08-04T09:20:06.900,162080784,T0004,OBJ-F,SC-01,normal,129,159,63,84,28,closed,
2026-08-04T09:20:06.920,162100236,T0004,OBJ-F,SC-01,normal,129,159,63,84,28,closed,
2026-08-04T09:20:06.940,162120732,T0004,OBJ-F,SC-01,normal,129,159,63,84,28,closed,
2026-08-04T09:20:06.960,162140188,T0004,OBJ-F,SC-01,normal,129,159,63,84,28,closed,
2026-08-04T09:20:06.980,162160664,T0004,OBJ-F,SC-01,normal,129,159,63,84,28,closed,
2026-08-04T09:20:07.000,162180120,T0004,OBJ-F,SC-01,normal,129,159,63,84,28,closed,
2026-08-04T09:20:07.021,162200596,T0004,OBJ-F,SC-01,normal,129,159,63,84,28,closed,
2026-08-04T09:20:07.040,162220056,T0004,OBJ-F,SC-01,normal,129,159,63,84,28,closed,
2026-08-04T09:20:07.060,162240532,T0004,OBJ-F,SC-01,normal,129,159,63,84,28,closed,
2026-08-04T09:20:07.081,162261008,T0004,OBJ-F,SC-01,normal,129,159,63,84,28,closed,
2026-08-04T09:20:07.101,162280464,T0004,OBJ-F,SC-01,normal,128,159,63,84,28,closed,
2026-08-04T09:20:07.121,162300940,T0004,OBJ-F,SC-01,normal,129,159,63,84,28,closed,
2026-08-04T09:20:07.141,162320396,T0004,OBJ-F,SC-01,normal,129,159,63,84,28,closed,
2026-08-04T09:20:07.161,162340892,T0004,OBJ-F,SC-01,normal,129,159,63,84,28,closed,
2026-08-04T09:20:07.180,162360348,T0004,OBJ-F,SC-01,normal,129,159,63,84,28,closed,
2026-08-04T09:20:07.201,162380824,T0004,OBJ-F,SC-01,normal,129,159,63,84,28,closed,
2026-08-04T09:20:07.220,162400276,T0004,OBJ-F,SC-01,normal,129,159,63,84,28,closed,
2026-08-04T09:20:07.241,162420756,T0004,OBJ-F,SC-01,normal,129,159,63,84,28,closed,
2026-08-04T09:20:07.261,162440212,T0004,OBJ-F,SC-01,normal,129,159,63,84,28,closed,
2026-08-04T09:20:07.282,162460688,T0004,OBJ-F,SC-01,normal,129,159,63,84,28,closed,
2026-08-04T09:20:07.301,162480144,T0004,OBJ-F,SC-01,normal,129,159,63,84,28,closed,
2026-08-04T09:20:07.322,162500620,T0004,OBJ-F,SC-01,normal,129,159,63,84,28,closed,
2026-08-04T09:20:07.341,162520076,T0004,OBJ-F,SC-01,normal,128,159,63,84,28,closed,
2026-08-04T09:20:07.362,162540556,T0004,OBJ-F,SC-01,normal,129,159,63,84,28,closed,
2026-08-04T09:20:07.381,162560012,T0004,OBJ-F,SC-01,normal,129,159,63,84,28,closed,
2026-08-04T09:20:07.401,162580504,T0004,OBJ-F,SC-01,normal,129,159,63,84,28,closed,
2026-08-04T09:20:07.422,162600976,T0004,OBJ-F,SC-01,normal,129,159,63,84,28,closed,
2026-08-04T09:20:07.442,162620432,T0004,OBJ-F,SC-01,normal,129,159,63,84,28,closed,
2026-08-04T09:20:07.462,162640908,T0004,OBJ-F,SC-01,normal,129,159,63,84,28,closed,
2026-08-04T09:20:07.482,162660364,T0004,OBJ-F,SC-01,normal,129,159,63,84,28,closed,
2026-08-04T09:20:07.520,162680856,T0004,OBJ-F,SC-01,normal,129,159,63,84,28,closed,
2026-08-04T09:20:07.522,162700312,T0004,OBJ-F,SC-01,normal,129,159,63,84,28,closed,
2026-08-04T09:20:07.560,162720792,T0004,OBJ-F,SC-01,normal,129,159,63,84,28,closed,
2026-08-04T09:20:07.562,162740248,T0004,OBJ-F,SC-01,normal,129,159,63,84,28,closed,
2026-08-04T09:20:07.600,162760724,T0004,OBJ-F,SC-01,normal,129,159,63,84,28,closed,
2026-08-04T09:20:07.602,162780180,T0004,OBJ-F,SC-01,normal,129,159,63,84,28,closed,
2026-08-04T09:20:07.640,162800656,T0004,OBJ-F,SC-01,normal,129,159,63,84,28,closed,
2026-08-04T09:20:07.642,162820112,T0004,OBJ-F,SC-01,normal,129,159,63,84,28,closed,
2026-08-04T09:20:07.662,162840588,T0004,OBJ-F,SC-01,normal,129,159,63,84,28,closed,
2026-08-04T09:20:07.682,162860044,T0004,OBJ-F,SC-01,normal,129,159,63,84,28,closed,
2026-08-04T09:20:07.703,162880536,T0004,OBJ-F,SC-01,normal,128,159,63,84,28,closed,
2026-08-04T09:20:07.741,162901012,T0004,OBJ-F,SC-01,normal,129,159,63,84,28,closed,
2026-08-04T09:20:07.743,162920468,T0004,OBJ-F,SC-01,normal,129,159,63,84,28,closed,
2026-08-04T09:20:07.781,162940944,T0004,OBJ-F,SC-01,normal,129,159,63,84,28,closed,
2026-08-04T09:20:07.783,162960400,T0004,OBJ-F,SC-01,normal,129,159,63,84,28,closed,
2026-08-04T09:20:07.820,162980876,T0004,OBJ-F,SC-01,normal,129,159,63,84,28,closed,
2026-08-04T09:20:07.823,163000332,T0004,OBJ-F,SC-01,normal,129,159,63,84,28,closed,
2026-08-04T09:20:07.860,163020828,T0004,OBJ-F,SC-01,normal,129,159,63,84,28,closed,
2026-08-04T09:20:07.863,163040280,T0004,OBJ-F,SC-01,normal,129,160,63,84,28,closed,
2026-08-04T09:20:07.900,163060756,T0004,OBJ-F,SC-01,normal,129,160,63,84,28,closed,
2026-08-04T09:20:07.903,163080212,T0004,OBJ-F,SC-01,normal,129,160,63,84,28,closed,
2026-08-04T09:20:07.940,163100688,T0004,OBJ-F,SC-01,normal,129,161,63,84,28,closed,
2026-08-04T09:20:07.943,163120144,T0004,OBJ-F,SC-01,normal,129,161,63,84,28,closed,
2026-08-04T09:20:07.980,163140620,T0004,OBJ-F,SC-01,normal,129,161,63,84,28,closed,
2026-08-04T09:20:07.984,163160080,T0004,OBJ-F,SC-01,normal,129,162,63,84,28,closed,
2026-08-04T09:20:08.020,163180556,T0004,OBJ-F,SC-01,normal,129,162,63,84,28,closed,
2026-08-04T09:20:08.023,163200012,T0004,OBJ-F,SC-01,normal,129,162,63,84,28,closed,
2026-08-04T09:20:08.060,163220504,T0004,OBJ-F,SC-01,normal,129,162,63,84,28,closed,
2026-08-04T09:20:08.080,163240976,T0004,OBJ-F,SC-01,normal,129,163,63,84,28,closed,
2026-08-04T09:20:08.099,163260432,T0004,OBJ-F,SC-01,normal,129,163,63,84,28,closed,
2026-08-04T09:20:08.120,163280908,T0004,OBJ-F,SC-01,normal,129,163,63,84,28,closed,
2026-08-04T09:20:08.140,163300380,T0004,OBJ-F,SC-01,normal,129,163,63,84,28,closed,
2026-08-04T09:20:08.160,163320856,T0004,OBJ-F,SC-01,normal,129,163,63,84,28,closed,
2026-08-04T09:20:08.180,163340312,T0004,OBJ-F,SC-01,normal,129,163,63,84,28,closed,
2026-08-04T09:20:08.200,163360788,T0004,OBJ-F,SC-01,normal,129,163,63,84,28,closed,
2026-08-04T09:20:08.220,163380244,T0004,OBJ-F,SC-01,normal,128,163,63,84,28,closed,
2026-08-04T09:20:08.240,163400716,T0004,OBJ-F,SC-01,normal,129,163,63,84,28,closed,
2026-08-04T09:20:08.259,163420172,T0004,OBJ-F,SC-01,normal,128,163,63,84,28,closed,
2026-08-04T09:20:08.280,163440668,T0004,OBJ-F,SC-01,normal,129,163,63,84,28,closed,
2026-08-04T09:20:08.300,163460120,T0004,OBJ-F,SC-01,normal,129,163,63,84,28,closed,
2026-08-04T09:20:08.320,163480596,T0004,OBJ-F,SC-01,normal,129,163,63,84,28,closed,
2026-08-04T09:20:08.341,163500052,T0004,OBJ-F,SC-01,normal,129,163,63,84,28,closed,
2026-08-04T09:20:08.360,163520528,T0004,OBJ-F,SC-01,normal,129,163,63,84,28,closed,
2026-08-04T09:20:08.381,163541004,T0004,OBJ-F,SC-01,normal,129,163,63,84,28,closed,
2026-08-04T09:20:08.400,163560460,T0004,OBJ-F,SC-01,normal,129,163,63,84,28,closed,
2026-08-04T09:20:08.420,163580952,T0004,OBJ-F,SC-01,normal,129,163,63,84,28,closed,
2026-08-04T09:20:08.440,163600408,T0004,OBJ-F,SC-01,normal,129,163,63,84,28,closed,
2026-08-04T09:20:08.460,163620884,T0004,OBJ-F,SC-01,normal,129,163,63,84,28,closed,
2026-08-04T09:20:08.479,163640340,T0004,OBJ-F,SC-01,normal,129,163,63,84,28,closed,
2026-08-04T09:20:08.500,163660820,T0004,OBJ-F,SC-01,normal,129,163,63,84,28,closed,
2026-08-04T09:20:08.520,163680268,T0004,OBJ-F,SC-01,normal,129,163,63,84,28,closed,
2026-08-04T09:20:08.541,163700760,T0004,OBJ-F,SC-01,normal,129,163,63,84,28,closed,
2026-08-04T09:20:08.560,163720220,T0004,OBJ-F,SC-01,normal,129,164,63,84,28,closed,
2026-08-04T09:20:08.580,163740688,T0004,OBJ-F,SC-01,normal,129,164,63,84,28,closed,
2026-08-04T09:20:08.601,163760152,T0004,OBJ-F,SC-01,normal,129,165,63,84,28,closed,
2026-08-04T09:20:08.620,163780632,T0004,OBJ-F,SC-01,normal,129,165,63,84,28,closed,
2026-08-04T09:20:08.640,163800088,T0004,OBJ-F,SC-01,normal,128,166,63,84,28,closed,
2026-08-04T09:20:08.660,163820564,T0004,OBJ-F,SC-01,normal,129,166,63,84,28,closed,
2026-08-04T09:20:08.680,163840016,T0004,OBJ-F,SC-01,normal,129,166,63,84,28,closed,
2026-08-04T09:20:08.700,163860512,T0004,OBJ-F,SC-01,normal,129,166,63,84,28,closed,
2026-08-04T09:20:08.720,163880976,T0004,OBJ-F,SC-01,normal,129,166,63,84,28,closed,
2026-08-04T09:20:08.740,163900428,T0004,OBJ-F,SC-01,normal,129,166,63,84,28,closed,
2026-08-04T09:20:08.761,163920920,T0004,OBJ-F,SC-01,normal,129,166,63,84,28,closed,
2026-08-04T09:20:08.780,163940364,T0004,OBJ-F,SC-01,normal,129,166,63,84,28,closed,
2026-08-04T09:20:08.800,163961060,T0004,OBJ-F,SC-01,normal,129,167,63,84,28,closed,
2026-08-04T09:20:08.820,163980304,T0004,OBJ-F,SC-01,normal,129,167,63,84,28,closed,
2026-08-04T09:20:08.840,164000936,T0004,OBJ-F,SC-01,normal,129,167,63,84,28,closed,
2026-08-04T09:20:08.860,164020236,T0004,OBJ-F,SC-01,normal,129,167,63,84,28,closed,
2026-08-04T09:20:08.880,164040724,T0004,OBJ-F,SC-01,normal,129,167,63,84,28,closed,
2026-08-04T09:20:08.900,164060196,T0004,OBJ-F,SC-01,normal,129,167,63,84,28,closed,
2026-08-04T09:20:08.920,164080668,T0004,OBJ-F,SC-01,normal,129,167,63,84,28,closed,
2026-08-04T09:20:08.941,164100120,T0004,OBJ-F,SC-01,normal,129,167,63,84,28,closed,
2026-08-04T09:20:08.960,164120604,T0004,OBJ-F,SC-01,normal,129,167,63,84,28,closed,
2026-08-04T09:20:08.981,164140068,T0004,OBJ-F,SC-01,normal,129,167,63,84,28,closed,
2026-08-04T09:20:09.000,164160524,T0004,OBJ-F,SC-01,normal,129,168,63,84,28,closed,
2026-08-04T09:20:09.021,164181012,T0004,OBJ-F,SC-01,normal,129,168,63,84,28,closed,
2026-08-04T09:20:09.040,164200460,T0004,OBJ-F,SC-01,normal,129,168,63,84,28,closed,
2026-08-04T09:20:09.060,164220940,T0004,OBJ-F,SC-01,normal,129,168,63,84,28,closed,
2026-08-04T09:20:09.080,164240708,T0004,OBJ-F,SC-01,normal,129,168,63,84,28,closed,
2026-08-04T09:20:09.100,164260884,T0004,OBJ-F,SC-01,normal,129,168,63,84,28,closed,
2026-08-04T09:20:09.120,164280476,T0004,OBJ-F,SC-01,normal,129,168,63,84,28,closed,
2026-08-04T09:20:09.140,164300828,T0004,OBJ-F,SC-01,normal,129,168,63,84,28,closed,
2026-08-04T09:20:09.160,164320280,T0004,OBJ-F,SC-01,normal,129,168,63,84,28,closed,
2026-08-04T09:20:09.180,164340752,T0004,OBJ-F,SC-01,normal,129,168,63,84,28,closed,
2026-08-04T09:20:09.200,164360208,T0004,OBJ-F,SC-01,normal,129,168,63,84,28,closed,
2026-08-04T09:20:09.220,164380696,T0004,OBJ-F,SC-01,normal,129,168,63,84,28,closed,
2026-08-04T09:20:09.241,164400152,T0004,OBJ-F,SC-01,normal,129,168,63,84,28,closed,
2026-08-04T09:20:09.260,164420624,T0004,OBJ-F,SC-01,normal,129,168,63,84,28,closed,
2026-08-04T09:20:09.281,164440080,T0004,OBJ-F,SC-01,normal,129,168,63,84,28,closed,
2026-08-04T09:20:09.300,164460572,T0004,OBJ-F,SC-01,normal,129,168,63,84,28,closed,
2026-08-04T09:20:09.321,164480024,T0004,OBJ-F,SC-01,normal,129,168,63,84,28,closed,
2026-08-04T09:20:09.340,164500496,T0004,OBJ-F,SC-01,normal,129,168,63,84,28,closed,
2026-08-04T09:20:09.360,164520988,T0004,OBJ-F,SC-01,normal,129,168,63,84,28,closed,
2026-08-04T09:20:09.380,164540440,T0004,OBJ-F,SC-01,normal,129,168,63,84,28,closed,
2026-08-04T09:20:09.401,164560912,T0004,OBJ-F,SC-01,normal,129,168,63,84,28,closed,
2026-08-04T09:20:09.420,164580368,T0004,OBJ-F,SC-01,normal,129,168,63,84,28,closed,
2026-08-04T09:20:09.441,164600860,T0004,OBJ-F,SC-01,normal,129,168,63,84,28,closed,
2026-08-04T09:20:09.460,164620312,T0004,OBJ-F,SC-01,normal,129,168,63,84,28,closed,
2026-08-04T09:20:09.480,164640788,T0004,OBJ-F,SC-01,normal,129,168,63,84,28,closed,
2026-08-04T09:20:09.500,164660240,T0004,OBJ-F,SC-01,normal,129,168,63,84,28,closed,
2026-08-04T09:20:09.520,164680732,T0004,OBJ-F,SC-01,normal,129,168,63,84,28,closed,
2026-08-04T09:20:09.540,164700184,T0004,OBJ-F,SC-01,normal,129,168,63,84,28,closed,
2026-08-04T09:20:09.560,164720660,T0004,OBJ-F,SC-01,normal,129,168,63,84,28,closed,
2026-08-04T09:20:09.580,164740112,T0004,OBJ-F,SC-01,normal,129,168,63,84,28,closed,
2026-08-04T09:20:09.600,164760588,T0004,OBJ-F,SC-01,normal,129,168,63,84,28,closed,
2026-08-04T09:20:09.620,164780060,T0004,OBJ-F,SC-01,normal,129,168,63,84,28,closed,
2026-08-04T09:20:09.640,164800536,T0004,OBJ-F,SC-01,normal,128,167,63,84,28,closed,
2026-08-04T09:20:09.660,164821008,T0004,OBJ-F,SC-01,normal,129,168,63,84,28,closed,
2026-08-04T09:20:09.680,164840464,T0004,OBJ-F,SC-01,normal,129,168,63,84,28,closed,
2026-08-04T09:20:09.701,164860952,T0004,OBJ-F,SC-01,normal,129,168,63,84,28,closed,
2026-08-04T09:20:09.720,164880408,T0004,OBJ-F,SC-01,normal,129,168,63,84,28,closed,
2026-08-04T09:20:09.741,164900880,T0004,OBJ-F,SC-01,normal,129,168,63,84,28,closed,
2026-08-04T09:20:09.760,164920336,T0004,OBJ-F,SC-01,normal,129,168,63,84,28,closed,
2026-08-04T09:20:09.780,164940824,T0004,OBJ-F,SC-01,normal,129,168,63,84,28,closed,
2026-08-04T09:20:09.800,164960280,T0004,OBJ-F,SC-01,normal,129,168,63,84,28,closed,
2026-08-04T09:20:09.820,164980752,T0004,OBJ-F,SC-01,normal,129,168,63,84,28,closed,
2026-08-04T09:20:09.840,165000208,T0004,OBJ-F,SC-01,normal,129,168,63,84,28,closed,
2026-08-04T09:20:09.861,165020700,T0004,OBJ-F,SC-01,normal,129,168,63,84,28,closed,
2026-08-04T09:20:09.881,165040152,T0004,OBJ-F,SC-01,normal,129,168,63,84,28,closed,
2026-08-04T09:20:09.900,165060628,T0004,OBJ-F,SC-01,normal,129,168,63,84,28,closed,
2026-08-04T09:20:09.921,165080084,T0004,OBJ-F,SC-01,normal,129,168,63,84,28,closed,
2026-08-04T09:20:09.940,165100556,T0004,OBJ-F,SC-01,normal,129,168,63,84,28,closed,
2026-08-04T09:20:09.961,165120012,T0004,OBJ-F,SC-01,normal,129,168,63,84,28,closed,
2026-08-04T09:20:09.980,165140504,T0004,OBJ-F,SC-01,normal,129,168,63,84,28,closed,
2026-08-04T09:20:10.000,165160976,T0004,OBJ-F,SC-01,normal,129,168,63,84,28,closed,
2026-08-04T09:20:10.019,165180428,T0004,OBJ-F,SC-01,normal,129,168,63,84,28,closed,
2026-08-04T09:20:10.040,165200920,T0004,OBJ-F,SC-01,normal,128,168,63,84,28,closed,
2026-08-04T09:20:10.060,165220376,T0004,OBJ-F,SC-01,normal,129,168,63,85,28,closed,
2026-08-04T09:20:10.080,165240848,T0004,OBJ-F,SC-01,normal,129,168,63,86,28,closed,
2026-08-04T09:20:10.100,165260304,T0004,OBJ-F,SC-01,normal,129,168,63,86,28,closed,
2026-08-04T09:20:10.120,165280780,T0004,OBJ-F,SC-01,normal,129,168,63,87,28,closed,
2026-08-04T09:20:10.140,165300248,T0004,OBJ-F,SC-01,normal,129,168,63,88,28,closed,
2026-08-04T09:20:10.160,165320724,T0004,OBJ-F,SC-01,normal,129,168,63,89,28,closed,
2026-08-04T09:20:10.180,165340176,T0004,OBJ-F,SC-01,normal,129,168,63,90,28,closed,
2026-08-04T09:20:10.200,165360652,T0004,OBJ-F,SC-01,normal,129,168,63,90,28,closed,
2026-08-04T09:20:10.221,165380124,T0004,OBJ-F,SC-01,normal,129,168,63,91,28,closed,
2026-08-04T09:20:10.240,165400596,T0004,OBJ-F,SC-01,normal,129,168,63,92,28,closed,
2026-08-04T09:20:10.261,165420052,T0004,OBJ-F,SC-01,normal,129,168,63,92,28,closed,
2026-08-04T09:20:10.280,165440528,T0004,OBJ-F,SC-01,normal,129,168,63,93,28,closed,
2026-08-04T09:20:10.301,165461004,T0004,OBJ-F,SC-01,normal,129,168,63,93,28,closed,
2026-08-04T09:20:10.320,165480476,T0004,OBJ-F,SC-01,normal,129,168,63,93,28,closed,
2026-08-04T09:20:10.340,165500948,T0004,OBJ-F,SC-01,normal,129,168,63,94,28,closed,
2026-08-04T09:20:10.360,165520404,T0004,OBJ-F,SC-01,normal,129,168,63,95,28,closed,
2026-08-04T09:20:10.381,165540876,T0004,OBJ-F,SC-01,normal,129,168,63,95,28,closed,
2026-08-04T09:20:10.400,165560332,T0004,OBJ-F,SC-01,normal,129,168,63,96,28,closed,
2026-08-04T09:20:10.420,165580824,T0004,OBJ-F,SC-01,normal,129,168,63,97,28,closed,
2026-08-04T09:20:10.440,165600276,T0004,OBJ-F,SC-01,normal,129,168,63,98,28,closed,
2026-08-04T09:20:10.460,165620752,T0004,OBJ-F,SC-01,normal,129,168,63,99,28,closed,
2026-08-04T09:20:10.480,165640220,T0004,OBJ-F,SC-01,normal,129,168,63,100,28,closed,
2026-08-04T09:20:10.500,165660688,T0004,OBJ-F,SC-01,normal,129,168,63,101,28,closed,
2026-08-04T09:20:10.521,165680152,T0004,OBJ-F,SC-01,normal,129,168,63,102,28,closed,
2026-08-04T09:20:10.540,165700620,T0004,OBJ-F,SC-01,normal,129,168,63,103,28,closed,
2026-08-04T09:20:10.561,165720088,T0004,OBJ-F,SC-01,normal,129,168,63,104,28,closed,
2026-08-04T09:20:10.580,165740556,T0004,OBJ-F,SC-01,normal,129,168,63,104,28,closed,
2026-08-04T09:20:10.601,165760024,T0004,OBJ-F,SC-01,normal,129,168,63,105,28,closed,
2026-08-04T09:20:10.620,165780492,T0004,OBJ-F,SC-01,normal,129,168,63,105,28,closed,
2026-08-04T09:20:10.641,165800976,T0004,OBJ-F,SC-01,normal,129,168,63,105,28,closed,
2026-08-04T09:20:10.660,165820444,T0004,OBJ-F,SC-01,normal,129,168,63,105,28,closed,
2026-08-04T09:20:10.680,165840912,T0004,OBJ-F,SC-01,normal,129,168,63,105,28,closed,
2026-08-04T09:20:10.700,165860376,T0004,OBJ-F,SC-01,normal,129,168,63,105,28,closed,
2026-08-04T09:20:10.720,165880848,T0004,OBJ-F,SC-01,normal,129,168,63,105,28,closed,
2026-08-04T09:20:10.740,165900312,T0004,OBJ-F,SC-01,normal,129,168,63,105,28,closed,
2026-08-04T09:20:10.760,165920784,T0004,OBJ-F,SC-01,normal,129,168,63,105,28,closed,
2026-08-04T09:20:10.780,165940248,T0004,OBJ-F,SC-01,normal,129,167,63,105,28,closed,
2026-08-04T09:20:10.800,165960716,T0004,OBJ-F,SC-01,normal,129,168,63,105,28,closed,
2026-08-04T09:20:10.819,165980184,T0004,OBJ-F,SC-01,normal,128,168,63,105,28,closed,
2026-08-04T09:20:10.840,166000652,T0004,OBJ-F,SC-01,normal,129,168,63,105,28,closed,
2026-08-04T09:20:10.860,166020116,T0004,OBJ-F,SC-01,normal,129,168,63,105,28,closed,
2026-08-04T09:20:10.879,166040600,T0004,OBJ-F,SC-01,normal,129,168,63,106,28,closed,
2026-08-04T09:20:10.900,166060052,T0004,OBJ-F,SC-01,normal,129,168,63,107,28,closed,
2026-08-04T09:20:10.919,166080540,T0004,OBJ-F,SC-01,normal,128,167,63,109,28,holding,
2026-08-04T09:20:10.941,166101008,T0004,OBJ-F,SC-01,normal,129,168,63,110,28,holding,
2026-08-04T09:20:10.960,166120472,T0004,OBJ-F,SC-01,normal,128,168,63,112,28,holding,
2026-08-04T09:20:10.980,166140940,T0004,OBJ-F,SC-01,normal,129,168,63,113,28,holding,
2026-08-04T09:20:11.000,166160404,T0004,OBJ-F,SC-01,normal,129,168,63,115,28,holding,
2026-08-04T09:20:11.021,166180892,T0004,OBJ-F,SC-01,normal,129,168,63,117,28,holding,
2026-08-04T09:20:11.040,166200336,T0004,OBJ-F,SC-01,normal,129,168,63,120,28,opening,
2026-08-04T09:20:11.061,166220824,T0004,OBJ-F,SC-01,normal,129,168,63,122,28,holding,
2026-08-04T09:20:11.080,166240268,T0004,OBJ-F,SC-01,normal,129,168,63,124,28,holding,
2026-08-04T09:20:11.100,166260756,T0004,OBJ-F,SC-01,normal,129,168,63,127,28,opening,
2026-08-04T09:20:11.120,166280204,T0004,OBJ-F,SC-01,normal,129,168,63,129,28,holding,
2026-08-04T09:20:11.140,166300688,T0004,OBJ-F,SC-01,normal,129,168,63,131,28,holding,
2026-08-04T09:20:11.161,166320156,T0004,OBJ-F,SC-01,normal,129,168,63,133,28,holding,
2026-08-04T09:20:11.180,166340624,T0004,OBJ-F,SC-01,normal,129,168,63,134,28,holding,
2026-08-04T09:20:11.201,166360088,T0004,OBJ-F,SC-01,normal,129,168,63,135,28,holding,
2026-08-04T09:20:11.220,166380556,T0004,OBJ-F,SC-01,normal,129,168,63,136,28,holding,
2026-08-04T09:20:11.241,166400024,T0004,OBJ-F,SC-01,normal,129,168,63,136,28,holding,
2026-08-04T09:20:11.260,166420508,T0004,OBJ-F,SC-01,normal,129,168,63,135,28,holding,
2026-08-04T09:20:11.280,166440972,T0004,OBJ-F,SC-01,normal,129,168,63,135,28,holding,
2026-08-04T09:20:11.300,166460436,T0004,OBJ-F,SC-01,normal,129,168,63,136,28,holding,
2026-08-04T09:20:11.321,166480920,T0004,OBJ-F,SC-01,normal,129,168,63,136,28,holding,
2026-08-04T09:20:11.340,166500368,T0004,OBJ-F,SC-01,normal,129,168,63,135,28,holding,
2026-08-04T09:20:11.361,166520852,T0004,OBJ-F,SC-01,normal,129,168,63,136,28,holding,
2026-08-04T09:20:11.380,166540300,T0004,OBJ-F,SC-01,normal,129,168,63,135,28,holding,
2026-08-04T09:20:11.400,166560784,T0004,OBJ-F,SC-01,normal,128,168,63,136,28,holding,
2026-08-04T09:20:11.420,166580248,T0004,OBJ-F,SC-01,normal,129,168,63,136,28,holding,
2026-08-04T09:20:11.440,166600716,T0004,OBJ-F,SC-01,normal,129,168,63,136,28,holding,
2026-08-04T09:20:11.460,166620180,T0004,OBJ-F,SC-01,normal,128,168,63,137,28,holding,
2026-08-04T09:20:11.481,166640668,T0004,OBJ-F,SC-01,normal,129,168,63,138,28,holding,
2026-08-04T09:20:11.500,166660112,T0004,OBJ-F,SC-01,normal,129,168,63,140,28,holding,
2026-08-04T09:20:11.520,166680600,T0004,OBJ-F,SC-01,normal,129,168,63,141,28,holding,
2026-08-04T09:20:11.541,166700048,T0004,OBJ-F,SC-01,normal,129,168,63,141,28,holding,
2026-08-04T09:20:11.560,166720532,T0004,OBJ-F,SC-01,normal,129,168,63,142,28,holding,
2026-08-04T09:20:11.581,166741016,T0004,OBJ-F,SC-01,normal,129,168,63,143,28,holding,
2026-08-04T09:20:11.600,166760464,T0004,OBJ-F,SC-01,normal,129,168,63,144,28,holding,
2026-08-04T09:20:11.620,166780948,T0004,OBJ-F,SC-01,normal,129,168,63,145,28,holding,
2026-08-04T09:20:11.640,166800396,T0004,OBJ-F,SC-01,normal,128,168,63,146,28,holding,
2026-08-04T09:20:11.660,166820884,T0004,OBJ-F,SC-01,normal,129,168,63,146,28,holding,
2026-08-04T09:20:11.680,166840348,T0004,OBJ-F,SC-01,normal,129,168,63,147,28,holding,
2026-08-04T09:20:11.700,166860816,T0004,OBJ-F,SC-01,normal,129,168,63,147,28,holding,
2026-08-04T09:20:11.720,166880280,T0004,OBJ-F,SC-01,normal,129,168,63,148,28,holding,
2026-08-04T09:20:11.740,166900764,T0004,OBJ-F,SC-01,normal,129,168,63,148,28,holding,
2026-08-04T09:20:11.760,166920212,T0004,OBJ-F,SC-01,normal,129,168,63,149,28,holding,
2026-08-04T09:20:11.780,166940696,T0004,OBJ-F,SC-01,normal,129,168,63,149,28,holding,
2026-08-04T09:20:11.801,166960144,T0004,OBJ-F,SC-01,normal,129,168,63,150,28,holding,
2026-08-04T09:20:11.820,166980628,T0004,OBJ-F,SC-01,normal,129,168,63,150,28,holding,
2026-08-04T09:20:11.841,167000076,T0004,OBJ-F,SC-01,normal,129,168,63,150,28,holding,
2026-08-04T09:20:11.860,167020560,T0004,OBJ-F,SC-01,normal,129,168,63,151,28,holding,
2026-08-04T09:20:11.881,167040028,T0004,OBJ-F,SC-01,normal,129,168,63,151,28,holding,
2026-08-04T09:20:11.900,167060496,T0004,OBJ-F,SC-01,normal,129,168,63,152,28,holding,
2026-08-04T09:20:11.920,167080980,T0004,OBJ-F,SC-01,normal,129,168,63,152,28,holding,
2026-08-04T09:20:11.939,167100444,T0004,OBJ-F,SC-01,normal,129,168,63,153,28,holding,
2026-08-04T09:20:11.960,167120912,T0004,OBJ-F,SC-01,normal,129,168,63,153,28,holding,
2026-08-04T09:20:11.980,167140376,T0004,OBJ-F,SC-01,normal,129,168,63,153,28,holding,
2026-08-04T09:20:12.000,167160844,T0004,OBJ-F,SC-01,normal,129,168,63,153,28,holding,
2026-08-04T09:20:12.020,167180312,T0004,OBJ-F,SC-01,normal,129,168,63,153,28,holding,
2026-08-04T09:20:12.040,167200796,T0004,OBJ-F,SC-01,normal,128,168,63,153,28,holding,
2026-08-04T09:20:12.060,167220244,T0004,OBJ-F,SC-01,normal,129,168,63,154,28,holding,
2026-08-04T09:20:12.080,167240728,T0004,OBJ-F,SC-01,normal,129,168,63,154,28,holding,
2026-08-04T09:20:12.099,167260172,T0004,OBJ-F,SC-01,normal,129,168,63,155,28,open,
2026-08-04T09:20:12.120,167280668,T0004,OBJ-F,SC-01,normal,129,168,63,155,28,open,
2026-08-04T09:20:12.140,167300120,T0004,OBJ-F,SC-01,normal,129,168,63,155,28,open,
2026-08-04T09:20:12.160,167320596,T0004,OBJ-F,SC-01,normal,129,168,63,155,28,open,
2026-08-04T09:20:12.180,167340052,T0004,OBJ-F,SC-01,normal,129,168,63,155,28,open,
2026-08-04T09:20:12.200,167360528,T0004,OBJ-F,SC-01,normal,129,168,63,155,28,open,
2026-08-04T09:20:12.221,167381004,T0004,OBJ-F,SC-01,normal,129,168,63,155,28,open,
2026-08-04T09:20:12.240,167400460,T0004,OBJ-F,SC-01,normal,129,168,63,155,28,open,
2026-08-04T09:20:12.260,167420956,T0004,OBJ-F,SC-01,normal,129,168,63,155,28,open,
2026-08-04T09:20:12.280,167440412,T0004,OBJ-F,SC-01,normal,128,168,63,155,28,open,
2026-08-04T09:20:12.300,167460888,T0004,OBJ-F,SC-01,normal,129,168,63,155,28,open,
2026-08-04T09:20:12.320,167480344,T0004,OBJ-F,SC-01,normal,129,168,63,155,28,open,
2026-08-04T09:20:12.340,167500816,T0004,OBJ-F,SC-01,normal,129,168,63,155,28,open,
2026-08-04T09:20:12.359,167520272,T0004,OBJ-F,SC-01,normal,129,168,63,155,28,open,
2026-08-04T09:20:12.380,167540748,T0004,OBJ-F,SC-01,normal,129,168,63,155,28,open,
2026-08-04T09:20:12.400,167560204,T0004,OBJ-F,SC-01,normal,129,168,63,155,28,open,
2026-08-04T09:20:12.420,167580700,T0004,OBJ-F,SC-01,normal,129,168,63,156,28,open,
2026-08-04T09:20:12.441,167600156,T0004,OBJ-F,SC-01,normal,129,168,63,155,28,open,
2026-08-04T09:20:12.460,167620632,T0004,OBJ-F,SC-01,normal,129,168,63,155,28,open,
2026-08-04T09:20:12.480,167640088,T0004,OBJ-F,SC-01,normal,129,168,63,155,28,open,
2026-08-04T09:20:12.500,167660564,T0004,OBJ-F,SC-01,normal,129,168,63,155,28,open,
2026-08-04T09:20:12.521,167680020,T0004,OBJ-F,SC-01,normal,129,168,63,155,28,open,
2026-08-04T09:20:12.540,167700496,T0004,OBJ-F,SC-01,normal,129,168,63,155,28,open,
2026-08-04T09:20:12.561,167720988,T0004,OBJ-F,SC-01,normal,129,168,63,155,28,open,
2026-08-04T09:20:12.581,167740444,T0004,OBJ-F,SC-01,normal,129,168,63,155,28,open,
2026-08-04T09:20:12.601,167760920,T0004,OBJ-F,SC-01,normal,129,168,63,155,28,open,
2026-08-04T09:20:12.621,167780376,T0004,OBJ-F,SC-01,normal,129,168,63,155,28,open,
2026-08-04T09:20:12.641,167800852,T0004,OBJ-F,SC-01,normal,129,168,63,155,28,open,
2026-08-04T09:20:12.661,167820304,T0004,OBJ-F,SC-01,normal,129,168,63,155,28,open,
2026-08-04T09:20:12.681,167840780,T0004,OBJ-F,SC-01,normal,128,168,63,155,28,open,
2026-08-04T09:20:12.701,167860236,T0004,OBJ-F,SC-01,normal,129,168,63,155,28,open,
2026-08-04T09:20:12.721,167880728,T0004,OBJ-F,SC-01,normal,129,168,63,155,28,open,
2026-08-04T09:20:12.741,167900184,T0004,OBJ-F,SC-01,normal,129,168,63,155,28,open,
2026-08-04T09:20:12.761,167920656,T0004,OBJ-F,SC-01,normal,129,168,63,155,28,open,
2026-08-04T09:20:12.781,167940112,T0004,OBJ-F,SC-01,normal,129,168,63,155,28,open,
2026-08-04T09:20:12.802,167960588,T0004,OBJ-F,SC-01,normal,129,168,63,155,28,open,
2026-08-04T09:20:12.821,167980060,T0004,OBJ-F,SC-01,normal,129,168,63,155,28,open,
2026-08-04T09:20:12.842,168000532,T0004,OBJ-F,SC-01,normal,128,168,63,155,28,open,
2026-08-04T09:20:12.862,168021008,T0004,OBJ-F,SC-01,normal,129,168,63,155,28,open,
2026-08-04T09:20:12.881,168040460,T0004,OBJ-F,SC-01,normal,129,168,63,155,28,open,
2026-08-04T09:20:12.902,168060948,T0004,OBJ-F,SC-01,normal,129,168,63,155,28,open,
2026-08-04T09:20:12.922,168080404,T0004,OBJ-F,SC-01,normal,129,168,63,155,28,open,
2026-08-04T09:20:12.942,168100876,T0004,OBJ-F,SC-01,normal,129,168,63,155,28,open,
2026-08-04T09:20:12.962,168120348,T0004,OBJ-F,SC-01,normal,129,168,63,155,28,open,
2026-08-04T09:20:12.982,168140820,T0004,OBJ-F,SC-01,normal,129,168,63,155,28,open,
2026-08-04T09:20:13.002,168160272,T0004,OBJ-F,SC-01,normal,129,168,63,155,28,open,
2026-08-04T09:20:13.023,168180748,T0004,OBJ-F,SC-01,normal,129,168,63,155,28,open,
2026-08-04T09:20:13.042,168200220,T0004,OBJ-F,SC-01,normal,129,168,63,155,28,open,
2026-08-04T09:20:13.063,168220692,T0004,OBJ-F,SC-01,normal,129,168,63,155,28,open,
2026-08-04T09:20:13.082,168240148,T0004,OBJ-F,SC-01,normal,129,168,63,155,28,open,
2026-08-04T09:20:13.103,168260624,T0004,OBJ-F,SC-01,normal,129,168,63,155,28,open,
2026-08-04T09:20:13.122,168280076,T0004,OBJ-F,SC-01,normal,129,168,63,155,28,open,
2026-08-04T09:20:13.160,168300568,T0004,OBJ-F,SC-01,normal,129,168,63,155,28,open,
2026-08-04T09:20:13.162,168320024,T0004,OBJ-F,SC-01,normal,129,168,63,155,28,open,
2026-08-04T09:20:13.200,168340496,T0004,OBJ-F,SC-01,normal,128,168,63,155,28,open,
2026-08-04T09:20:13.203,168360972,T0004,OBJ-F,SC-01,normal,128,168,63,155,28,open,
2026-08-04T09:20:13.241,168380444,T0004,OBJ-F,SC-01,normal,128,168,63,155,28,open,
2026-08-04T09:20:13.244,168400920,T0004,OBJ-F,SC-01,normal,127,168,63,155,28,open,
2026-08-04T09:20:13.280,168420372,T0004,OBJ-F,SC-01,normal,127,168,63,155,28,open,
2026-08-04T09:20:13.284,168440848,T0004,OBJ-F,SC-01,normal,127,168,63,155,28,open,
2026-08-04T09:20:13.320,168460304,T0004,OBJ-F,SC-01,normal,126,168,63,155,28,open,
2026-08-04T09:20:13.340,168480796,T0004,OBJ-F,SC-01,normal,125,168,63,155,28,open,
2026-08-04T09:20:13.343,168500248,T0004,OBJ-F,SC-01,normal,125,168,63,155,28,open,
2026-08-04T09:20:13.380,168520720,T0004,OBJ-F,SC-01,normal,125,168,63,155,28,open,
2026-08-04T09:20:13.400,168540176,T0004,OBJ-F,SC-01,normal,124,168,63,155,28,open,
2026-08-04T09:20:13.421,168560652,T0004,OBJ-F,SC-01,normal,124,168,63,155,28,open,
2026-08-04T09:20:13.423,168580124,T0004,OBJ-F,SC-01,normal,124,168,63,155,28,open,
2026-08-04T09:20:13.460,168600600,T0004,OBJ-F,SC-01,normal,124,168,63,155,28,open,
2026-08-04T09:20:13.463,168620056,T0004,OBJ-F,SC-01,normal,124,168,63,155,28,open,
2026-08-04T09:20:13.500,168640532,T0004,OBJ-F,SC-01,normal,124,168,63,155,28,open,
2026-08-04T09:20:13.520,168661004,T0004,OBJ-F,SC-01,normal,124,168,63,155,28,open,
2026-08-04T09:20:13.541,168680460,T0004,OBJ-F,SC-01,normal,123,168,63,155,28,open,
2026-08-04T09:20:13.560,168700952,T0004,OBJ-F,SC-01,normal,123,168,63,155,28,open,
2026-08-04T09:20:13.580,168720408,T0004,OBJ-F,SC-01,normal,123,168,63,155,28,open,
2026-08-04T09:20:13.600,168740884,T0004,OBJ-F,SC-01,normal,123,168,63,155,28,open,
2026-08-04T09:20:13.620,168760340,T0004,OBJ-F,SC-01,normal,123,168,63,155,28,open,
2026-08-04T09:20:13.640,168780812,T0004,OBJ-F,SC-01,normal,123,168,63,155,28,open,
2026-08-04T09:20:13.660,168800268,T0004,OBJ-F,SC-01,normal,123,168,63,155,28,open,
2026-08-04T09:20:13.680,168820760,T0004,OBJ-F,SC-01,normal,123,168,63,155,28,open,
2026-08-04T09:20:13.700,168840212,T0004,OBJ-F,SC-01,normal,123,168,63,155,28,open,
2026-08-04T09:20:13.720,168860688,T0004,OBJ-F,SC-01,normal,123,168,63,155,28,open,
2026-08-04T09:20:13.740,168880144,T0004,OBJ-F,SC-01,normal,123,168,63,155,28,open,
2026-08-04T09:20:13.761,168900636,T0004,OBJ-F,SC-01,normal,123,168,63,155,28,open,
2026-08-04T09:20:13.780,168920092,T0004,OBJ-F,SC-01,normal,123,168,63,155,28,open,
2026-08-04T09:20:13.801,168940564,T0004,OBJ-F,SC-01,normal,123,168,63,155,28,open,
2026-08-04T09:20:13.820,168960020,T0004,OBJ-F,SC-01,normal,123,168,63,155,28,open,
2026-08-04T09:20:13.840,168980492,T0004,OBJ-F,SC-01,normal,123,168,63,155,28,open,
2026-08-04T09:20:13.860,169000984,T0004,OBJ-F,SC-01,normal,123,168,63,155,28,open,
2026-08-04T09:20:13.881,169020436,T0004,OBJ-F,SC-01,normal,123,168,63,155,28,open,
2026-08-04T09:20:13.900,169040912,T0004,OBJ-F,SC-01,normal,123,168,63,155,28,open,
2026-08-04T09:20:13.921,169060368,T0004,OBJ-F,SC-01,normal,123,168,63,155,28,open,
2026-08-04T09:20:13.940,169080844,T0004,OBJ-F,SC-01,normal,123,168,63,155,28,open,
2026-08-04T09:20:13.960,169100300,T0004,OBJ-F,SC-01,normal,123,168,63,155,28,open,
2026-08-04T09:20:13.980,169120792,T0004,OBJ-F,SC-01,normal,123,168,63,155,28,open,
2026-08-04T09:20:14.000,169140240,T0004,OBJ-F,SC-01,normal,123,167,63,155,28,open,
2026-08-04T09:20:14.020,169160740,T0004,OBJ-F,SC-01,normal,123,168,63,155,28,open,
2026-08-04T09:20:14.040,169180176,T0004,OBJ-F,SC-01,normal,123,168,63,155,28,open,
2026-08-04T09:20:14.061,169200652,T0004,OBJ-F,SC-01,normal,123,168,63,155,28,open,
2026-08-04T09:20:14.080,169220120,T0004,OBJ-F,SC-01,normal,123,168,63,155,28,open,
2026-08-04T09:20:14.100,169240600,T0004,OBJ-F,SC-01,normal,123,168,63,155,28,open,
2026-08-04T09:20:14.120,169260052,T0004,OBJ-F,SC-01,normal,123,168,63,155,28,open,
2026-08-04T09:20:14.141,169280544,T0004,OBJ-F,SC-01,normal,123,168,63,155,28,open,
2026-08-04T09:20:14.160,169301008,T0004,OBJ-F,SC-01,normal,123,168,63,155,28,open,
2026-08-04T09:20:14.180,169320476,T0004,OBJ-F,SC-01,normal,123,168,63,155,28,open,
2026-08-04T09:20:14.200,169340960,T0004,OBJ-F,SC-01,normal,123,167,63,155,28,open,
2026-08-04T09:20:14.220,169360416,T0004,OBJ-F,SC-01,normal,123,167,63,155,28,open,
2026-08-04T09:20:14.240,169380884,T0004,OBJ-F,SC-01,normal,123,167,63,155,28,open,
2026-08-04T09:20:14.260,169400344,T0004,OBJ-F,SC-01,normal,123,167,63,155,28,open,
2026-08-04T09:20:14.280,169420816,T0004,OBJ-F,SC-01,normal,123,167,63,155,28,open,
2026-08-04T09:20:14.300,169440280,T0004,OBJ-F,SC-01,normal,123,166,63,155,28,open,
2026-08-04T09:20:14.320,169460756,T0004,OBJ-F,SC-01,normal,123,166,63,155,28,open,
2026-08-04T09:20:14.340,169480212,T0004,OBJ-F,SC-01,normal,123,166,63,155,28,open,
2026-08-04T09:20:14.361,169500684,T0004,OBJ-F,SC-01,normal,123,166,63,155,28,open,
2026-08-04T09:20:14.380,169520144,T0004,OBJ-F,SC-01,normal,123,165,63,155,28,open,
2026-08-04T09:20:14.401,169540620,T0004,OBJ-F,SC-01,normal,123,165,63,155,28,open,
2026-08-04T09:20:14.420,169560100,T0004,OBJ-F,SC-01,normal,123,164,63,155,28,open,
2026-08-04T09:20:14.441,169580880,T0004,OBJ-F,SC-01,normal,123,164,63,155,28,open,
2026-08-04T09:20:14.460,169600024,T0004,OBJ-F,SC-01,normal,123,164,63,155,28,open,
2026-08-04T09:20:14.480,169620684,T0004,OBJ-F,SC-01,normal,123,163,63,155,28,open,
2026-08-04T09:20:14.500,169640984,T0004,OBJ-F,SC-01,normal,123,163,63,155,28,open,
2026-08-04T09:20:14.520,169660436,T0004,OBJ-F,SC-01,normal,123,163,63,155,28,open,
2026-08-04T09:20:14.540,169680912,T0004,OBJ-F,SC-01,normal,123,163,63,155,28,open,
2026-08-04T09:20:14.560,169700368,T0004,OBJ-F,SC-01,normal,123,163,63,155,28,open,
2026-08-04T09:20:14.579,169720860,T0004,OBJ-F,SC-01,normal,123,163,63,155,28,open,
2026-08-04T09:20:14.600,169740316,T0004,OBJ-F,SC-01,normal,123,163,63,155,28,open,
2026-08-04T09:20:14.620,169760792,T0004,OBJ-F,SC-01,normal,123,163,63,155,28,open,
2026-08-04T09:20:14.640,169780244,T0004,OBJ-F,SC-01,normal,123,163,63,155,28,open,
2026-08-04T09:20:14.660,169800720,T0004,OBJ-F,SC-01,normal,123,163,63,155,28,open,
2026-08-04T09:20:14.680,169820172,T0004,OBJ-F,SC-01,normal,123,162,63,155,28,open,
2026-08-04T09:20:14.701,169840664,T0004,OBJ-F,SC-01,normal,123,162,63,155,28,open,
2026-08-04T09:20:14.720,169860276,T0004,OBJ-F,SC-01,normal,123,162,63,155,28,open,
2026-08-04T09:20:14.741,169880596,T0004,OBJ-F,SC-01,normal,123,162,63,155,28,open,
2026-08-04T09:20:14.760,169900052,T0004,OBJ-F,SC-01,normal,123,162,63,155,28,open,
2026-08-04T09:20:14.781,169920528,T0004,OBJ-F,SC-01,normal,123,162,63,155,28,open,
2026-08-04T09:20:14.800,169941004,T0004,OBJ-F,SC-01,normal,123,162,63,155,28,open,
2026-08-04T09:20:14.820,169960460,T0004,OBJ-F,SC-01,normal,123,162,63,155,28,open,
2026-08-04T09:20:14.840,169980952,T0004,OBJ-F,SC-01,normal,123,162,63,155,28,open,
2026-08-04T09:20:14.861,170000408,T0004,OBJ-F,SC-01,normal,123,162,63,155,28,open,
2026-08-04T09:20:14.880,170020884,T0004,OBJ-F,SC-01,normal,123,162,63,155,28,open,
2026-08-04T09:20:14.900,170040340,T0004,OBJ-F,SC-01,normal,123,161,63,155,28,open,
2026-08-04T09:20:14.920,170060812,T0004,OBJ-F,SC-01,normal,123,161,63,155,28,open,
2026-08-04T09:20:14.940,170080268,T0004,OBJ-F,SC-01,normal,123,161,63,155,28,open,
2026-08-04T09:20:14.960,170100760,T0004,OBJ-F,SC-01,normal,123,161,63,155,28,open,
2026-08-04T09:20:14.980,170120216,T0004,OBJ-F,SC-01,normal,123,161,63,155,28,open,
2026-08-04T09:20:15.001,170140692,T0004,OBJ-F,SC-01,normal,123,161,63,155,28,open,
2026-08-04T09:20:15.020,170160148,T0004,OBJ-F,SC-01,normal,123,161,63,155,28,open,
2026-08-04T09:20:15.041,170180624,T0004,OBJ-F,SC-01,normal,123,160,63,155,28,open,
2026-08-04T09:20:15.060,170200080,T0004,OBJ-F,SC-01,normal,123,160,63,155,28,open,
2026-08-04T09:20:15.081,170220556,T0004,OBJ-F,SC-01,normal,123,160,63,155,28,open,
2026-08-04T09:20:15.100,170240016,T0004,OBJ-F,SC-01,normal,123,160,63,155,28,open,
2026-08-04T09:20:15.120,170260504,T0004,OBJ-F,SC-01,normal,123,159,63,155,28,open,
2026-08-04T09:20:15.140,170280984,T0004,OBJ-F,SC-01,normal,123,159,63,155,28,open,
2026-08-04T09:20:15.160,170300436,T0004,OBJ-F,SC-01,normal,123,159,63,155,28,open,
2026-08-04T09:20:15.180,170320916,T0004,OBJ-F,SC-01,normal,123,159,63,155,28,open,
2026-08-04T09:20:15.201,170340372,T0004,OBJ-F,SC-01,normal,123,159,63,155,28,open,
2026-08-04T09:20:15.220,170360848,T0004,OBJ-F,SC-01,normal,123,159,63,155,28,open,
2026-08-04T09:20:15.240,170380308,T0004,OBJ-F,SC-01,normal,123,159,63,155,28,open,
2026-08-04T09:20:15.260,170400784,T0004,OBJ-F,SC-01,normal,123,159,63,155,28,open,
2026-08-04T09:20:15.280,170420240,T0004,OBJ-F,SC-01,normal,123,159,63,155,28,open,
2026-08-04T09:20:15.300,170440716,T0004,OBJ-F,SC-01,normal,123,159,63,155,28,open,
2026-08-04T09:20:15.320,170460188,T0004,OBJ-F,SC-01,normal,123,159,63,155,28,open,
2026-08-04T09:20:15.340,170480664,T0004,OBJ-F,SC-01,normal,123,159,63,155,28,open,
2026-08-04T09:20:15.360,170500116,T0004,OBJ-F,SC-01,normal,123,159,63,155,28,open,
2026-08-04T09:20:15.381,170520592,T0004,OBJ-F,SC-01,normal,123,159,63,155,28,open,
2026-08-04T09:20:15.400,170540048,T0004,OBJ-F,SC-01,normal,123,159,63,155,28,open,
2026-08-04T09:20:15.420,170560524,T0004,OBJ-F,SC-01,normal,123,159,63,155,28,open,
2026-08-04T09:20:15.440,170581016,T0004,OBJ-F,SC-01,normal,123,159,63,155,28,open,
2026-08-04T09:20:15.460,170600472,T0004,OBJ-F,SC-01,normal,123,159,63,155,28,open,
2026-08-04T09:20:15.480,170620948,T0004,OBJ-F,SC-01,normal,123,159,63,155,28,open,
2026-08-04T09:20:15.500,170640404,T0004,OBJ-F,SC-01,normal,123,159,63,155,28,open,
2026-08-04T09:20:15.521,170660876,T0004,OBJ-F,SC-01,normal,123,159,63,155,28,open,
2026-08-04T09:20:15.540,170680332,T0004,OBJ-F,SC-01,normal,123,158,63,155,28,open,
2026-08-04T09:20:15.560,170700824,T0004,OBJ-F,SC-01,normal,123,158,63,155,28,open,
2026-08-04T09:20:15.580,170720280,T0004,OBJ-F,SC-01,normal,123,158,63,155,28,open,
2026-08-04T09:20:15.599,170740756,T0004,OBJ-F,SC-01,normal,123,158,63,155,28,open,
2026-08-04T09:20:15.620,170760212,T0004,OBJ-F,SC-01,normal,123,158,63,155,28,open,
2026-08-04T09:20:15.640,170780688,T0004,OBJ-F,SC-01,normal,123,158,63,155,28,open,
2026-08-04T09:20:15.660,170800144,T0004,OBJ-F,SC-01,normal,123,157,63,155,28,open,
2026-08-04T09:20:15.681,170820624,T0004,OBJ-F,SC-01,normal,123,157,63,155,28,open,
2026-08-04T09:20:15.700,170840076,T0004,OBJ-F,SC-01,normal,123,157,63,155,28,open,
2026-08-04T09:20:15.721,170860556,T0004,OBJ-F,SC-01,normal,123,157,63,155,28,open,
2026-08-04T09:20:15.740,170880012,T0004,OBJ-F,SC-01,normal,123,157,63,155,28,open,
2026-08-04T09:20:15.760,170900504,T0004,OBJ-F,SC-01,normal,123,157,63,155,28,open,
2026-08-04T09:20:15.779,170920980,T0004,OBJ-F,SC-01,normal,123,157,63,155,28,open,
2026-08-04T09:20:15.800,170940432,T0004,OBJ-F,SC-01,normal,123,156,63,155,28,open,
2026-08-04T09:20:15.819,170960912,T0004,OBJ-F,SC-01,normal,123,156,63,155,28,open,
2026-08-04T09:20:15.840,170980364,T0004,OBJ-F,SC-01,normal,123,156,63,155,28,open,
2026-08-04T09:20:15.860,171000844,T0004,OBJ-F,SC-01,normal,123,156,63,155,28,open,
2026-08-04T09:20:15.880,171020300,T0004,OBJ-F,SC-01,normal,123,156,63,155,28,open,
2026-08-04T09:20:15.900,171040792,T0004,OBJ-F,SC-01,normal,123,155,63,155,28,open,
2026-08-04T09:20:15.920,171060248,T0004,OBJ-F,SC-01,normal,123,155,63,155,28,open,
2026-08-04T09:20:15.940,171080724,T0004,OBJ-F,SC-01,normal,123,155,63,155,28,open,
2026-08-04T09:20:15.960,171100180,T0004,OBJ-F,SC-01,normal,123,154,63,155,28,open,
2026-08-04T09:20:15.980,171120656,T0004,OBJ-F,SC-01,normal,123,154,63,155,28,open,
2026-08-04T09:20:16.000,171140112,T0004,OBJ-F,SC-01,normal,123,153,63,155,28,open,
2026-08-04T09:20:16.021,171160588,T0004,OBJ-F,SC-01,normal,123,153,63,155,28,open,
2026-08-04T09:20:16.040,171180048,T0004,OBJ-F,SC-01,normal,123,153,63,155,28,open,
2026-08-04T09:20:16.061,171200524,T0004,OBJ-F,SC-01,normal,123,152,63,155,28,open,
2026-08-04T09:20:16.080,171221020,T0004,OBJ-F,SC-01,normal,123,152,63,155,28,open,
2026-08-04T09:20:16.101,171240472,T0004,OBJ-F,SC-01,normal,123,152,63,155,28,open,
2026-08-04T09:20:16.120,171260952,T0004,OBJ-F,SC-01,normal,123,152,63,155,28,open,
2026-08-04T09:20:16.140,171280408,T0004,OBJ-F,SC-01,normal,123,151,63,155,28,open,
2026-08-04T09:20:16.160,171300880,T0004,OBJ-F,SC-01,normal,123,151,63,155,28,open,
2026-08-04T09:20:16.180,171320336,T0004,OBJ-F,SC-01,normal,123,151,63,155,28,open,
2026-08-04T09:20:16.199,171340812,T0004,OBJ-F,SC-01,normal,123,150,63,155,28,open,
2026-08-04T09:20:16.220,171360268,T0004,OBJ-F,SC-01,normal,123,150,63,155,28,open,
2026-08-04T09:20:16.240,171380760,T0004,OBJ-F,SC-01,normal,123,150,63,155,28,open,
2026-08-04T09:20:16.260,171400216,T0004,OBJ-F,SC-01,normal,123,149,63,155,28,open,
2026-08-04T09:20:16.281,171420692,T0004,OBJ-F,SC-01,normal,123,149,63,155,28,open,
2026-08-04T09:20:16.300,171440148,T0004,OBJ-F,SC-01,normal,123,149,63,155,28,open,
2026-08-04T09:20:16.321,171460624,T0004,OBJ-F,SC-01,normal,123,149,63,155,28,open,
2026-08-04T09:20:16.340,171480080,T0004,OBJ-F,SC-01,normal,123,148,63,155,28,open,
2026-08-04T09:20:16.361,171500556,T0004,OBJ-F,SC-01,normal,123,148,63,155,28,open,
2026-08-04T09:20:16.380,171520012,T0004,OBJ-F,SC-01,normal,123,147,63,155,28,open,
2026-08-04T09:20:16.400,171540504,T0004,OBJ-F,SC-01,normal,123,146,63,155,28,open,
2026-08-04T09:20:16.420,171560980,T0004,OBJ-F,SC-01,normal,123,146,63,155,28,open,
2026-08-04T09:20:16.441,171580436,T0004,OBJ-F,SC-01,normal,123,145,63,155,28,open,
2026-08-04T09:20:16.460,171600916,T0004,OBJ-F,SC-01,normal,123,145,63,155,28,open,
2026-08-04T09:20:16.480,171620372,T0004,OBJ-F,SC-01,normal,123,144,63,155,28,open,
2026-08-04T09:20:16.500,171640848,T0004,OBJ-F,SC-01,normal,123,144,63,155,28,open,
2026-08-04T09:20:16.520,171660304,T0004,OBJ-F,SC-01,normal,123,143,63,155,28,open,
2026-08-04T09:20:16.540,171680780,T0004,OBJ-F,SC-01,normal,123,142,63,155,28,open,
2026-08-04T09:20:16.560,171700236,T0004,OBJ-F,SC-01,normal,123,141,63,155,28,open,
2026-08-04T09:20:16.580,171720716,T0004,OBJ-F,SC-01,normal,123,141,63,155,28,open,
2026-08-04T09:20:16.600,171740172,T0004,OBJ-F,SC-01,normal,123,140,63,155,28,open,
2026-08-04T09:20:16.620,171760664,T0004,OBJ-F,SC-01,normal,123,139,63,155,28,open,
2026-08-04T09:20:16.640,171780120,T0004,OBJ-F,SC-01,normal,123,139,63,155,28,open,
2026-08-04T09:20:16.660,171800596,T0004,OBJ-F,SC-01,normal,123,138,63,156,28,open,
2026-08-04T09:20:16.680,171820052,T0004,OBJ-F,SC-01,normal,123,138,63,155,28,open,
2026-08-04T09:20:16.701,171840528,T0004,OBJ-F,SC-01,normal,123,137,63,155,28,open,
2026-08-04T09:20:16.720,171861004,T0004,OBJ-F,SC-01,normal,123,137,63,155,28,open,
2026-08-04T09:20:16.741,171880460,T0004,OBJ-F,SC-01,normal,123,137,63,155,28,open,
2026-08-04T09:20:16.760,171900956,T0004,OBJ-F,SC-01,normal,123,136,63,156,28,open,
2026-08-04T09:20:16.780,171920396,T0004,OBJ-F,SC-01,normal,123,136,63,155,28,open,
2026-08-04T09:20:16.800,171940888,T0004,OBJ-F,SC-01,normal,123,136,63,155,28,open,
2026-08-04T09:20:16.820,171960344,T0004,OBJ-F,SC-01,normal,123,135,63,155,28,open,
2026-08-04T09:20:16.839,171980820,T0004,OBJ-F,SC-01,normal,123,135,63,155,28,open,
2026-08-04T09:20:16.861,172000276,T0004,OBJ-F,SC-01,normal,123,134,63,155,28,open,
2026-08-04T09:20:16.880,172020756,T0004,OBJ-F,SC-01,normal,123,134,63,155,28,open,
2026-08-04T09:20:16.900,172040212,T0004,OBJ-F,SC-01,normal,123,133,63,155,28,open,
2026-08-04T09:20:16.921,172060688,T0004,OBJ-F,SC-01,normal,123,133,63,155,28,open,
2026-08-04T09:20:16.940,172080144,T0004,OBJ-F,SC-01,normal,123,133,63,155,28,open,
2026-08-04T09:20:16.961,172100636,T0004,OBJ-F,SC-01,normal,123,132,63,155,28,open,
2026-08-04T09:20:16.980,172120092,T0004,OBJ-F,SC-01,normal,123,132,63,155,28,open,
2026-08-04T09:20:17.001,172140568,T0004,OBJ-F,SC-01,normal,123,132,63,155,28,open,
2026-08-04T09:20:17.020,172160020,T0004,OBJ-F,SC-01,normal,123,131,63,155,28,open,
2026-08-04T09:20:17.040,172180496,T0004,OBJ-F,SC-01,normal,123,131,63,155,28,open,
2026-08-04T09:20:17.059,172200972,T0004,OBJ-F,SC-01,normal,123,130,63,155,28,open,
2026-08-04T09:20:17.080,172220444,T0004,OBJ-F,SC-01,normal,123,130,63,155,28,open,
2026-08-04T09:20:17.100,172240920,T0004,OBJ-F,SC-01,normal,123,129,63,155,28,open,
2026-08-04T09:20:17.120,172260372,T0004,OBJ-F,SC-01,normal,123,129,63,155,28,open,
2026-08-04T09:20:17.140,172280848,T0004,OBJ-F,SC-01,normal,123,128,63,155,28,open,
2026-08-04T09:20:17.160,172300304,T0004,OBJ-F,SC-01,normal,123,128,63,155,28,open,
2026-08-04T09:20:17.180,172320780,T0004,OBJ-F,SC-01,normal,123,127,63,155,28,open,
2026-08-04T09:20:17.200,172340236,T0004,OBJ-F,SC-01,normal,123,127,63,155,28,open,
2026-08-04T09:20:17.220,172360732,T0004,OBJ-F,SC-01,normal,123,126,63,155,28,open,
2026-08-04T09:20:17.240,172380184,T0004,OBJ-F,SC-01,normal,123,125,63,155,28,open,
2026-08-04T09:20:17.261,172400660,T0004,OBJ-F,SC-01,normal,123,125,63,155,28,open,
2026-08-04T09:20:17.280,172420112,T0004,OBJ-F,SC-01,normal,123,125,63,155,28,open,
2026-08-04T09:20:17.301,172440592,T0004,OBJ-F,SC-01,normal,123,124,63,155,28,open,
2026-08-04T09:20:17.320,172460048,T0004,OBJ-F,SC-01,normal,123,124,63,155,28,open,
2026-08-04T09:20:17.340,172480524,T0004,OBJ-F,SC-01,normal,123,123,63,155,28,open,
2026-08-04T09:20:17.360,172501016,T0004,OBJ-F,SC-01,normal,123,123,63,155,28,open,
2026-08-04T09:20:17.381,172520472,T0004,OBJ-F,SC-01,normal,123,122,63,155,28,open,
2026-08-04T09:20:17.400,172540952,T0004,OBJ-F,SC-01,normal,123,122,63,155,28,open,
2026-08-04T09:20:17.420,172560408,T0004,OBJ-F,SC-01,normal,123,122,63,155,28,open,
2026-08-04T09:20:17.440,172580884,T0004,OBJ-F,SC-01,normal,123,121,63,155,28,open,
2026-08-04T09:20:17.460,172600340,T0004,OBJ-F,SC-01,normal,123,121,63,155,28,open,
2026-08-04T09:20:17.480,172620816,T0004,OBJ-F,SC-01,normal,123,121,63,155,28,open,
2026-08-04T09:20:17.500,172640272,T0004,OBJ-F,SC-01,normal,123,120,63,155,28,open,
2026-08-04T09:20:17.520,172660748,T0004,OBJ-F,SC-01,normal,123,120,63,155,28,open,
2026-08-04T09:20:17.540,172680204,T0004,OBJ-F,SC-01,normal,123,119,63,155,28,open,
2026-08-04T09:20:17.561,172700700,T0004,OBJ-F,SC-01,normal,123,119,63,155,28,open,
2026-08-04T09:20:17.580,172720156,T0004,OBJ-F,SC-01,normal,123,118,63,155,28,open,
2026-08-04T09:20:17.601,172740632,T0004,OBJ-F,SC-01,normal,123,118,63,155,28,open,
2026-08-04T09:20:17.620,172760088,T0004,OBJ-F,SC-01,normal,123,118,63,155,28,open,
2026-08-04T09:20:17.640,172780564,T0004,OBJ-F,SC-01,normal,123,117,63,155,28,open,
2026-08-04T09:20:17.660,172800020,T0004,OBJ-F,SC-01,normal,123,117,63,155,28,open,
2026-08-04T09:20:17.680,172820496,T0004,OBJ-F,SC-01,normal,123,117,63,155,28,open,
2026-08-04T09:20:17.700,172840972,T0004,OBJ-F,SC-01,normal,123,117,63,155,28,open,
2026-08-04T09:20:17.720,172860428,T0004,OBJ-F,SC-01,normal,123,116,63,155,28,open,
2026-08-04T09:20:17.740,172880920,T0004,OBJ-F,SC-01,normal,123,115,63,155,28,open,
2026-08-04T09:20:17.760,172900376,T0004,OBJ-F,SC-01,normal,123,115,63,155,28,open,
2026-08-04T09:20:17.780,172920852,T0004,OBJ-F,SC-01,normal,123,115,63,155,28,open,
2026-08-04T09:20:17.800,172940308,T0004,OBJ-F,SC-01,normal,123,114,63,155,28,open,
2026-08-04T09:20:17.820,172960784,T0004,OBJ-F,SC-01,normal,123,114,63,155,28,open,
2026-08-04T09:20:17.840,172980240,T0004,OBJ-F,SC-01,normal,123,114,63,155,28,open,
2026-08-04T09:20:17.860,173000716,T0004,OBJ-F,SC-01,normal,123,113,63,155,28,open,
2026-08-04T09:20:17.880,173020172,T0004,OBJ-F,SC-01,normal,123,113,63,155,28,open,
2026-08-04T09:20:17.900,173040664,T0004,OBJ-F,SC-01,normal,123,113,63,155,28,open,
2026-08-04T09:20:17.920,173060120,T0004,OBJ-F,SC-01,normal,123,112,63,155,28,open,
2026-08-04T09:20:17.940,173080592,T0004,OBJ-F,SC-01,normal,123,112,63,155,28,open,
2026-08-04T09:20:17.960,173100048,T0004,OBJ-F,SC-01,normal,123,111,63,155,28,open,
2026-08-04T09:20:17.981,173120524,T0004,OBJ-F,SC-01,normal,123,111,63,155,28,open,
2026-08-04T09:20:18.001,173141016,T0004,OBJ-F,SC-01,normal,123,111,63,156,28,open,
2026-08-04T09:20:18.021,173160472,T0004,OBJ-F,SC-01,normal,123,110,63,155,28,open,
2026-08-04T09:20:18.041,173180948,T0004,OBJ-F,SC-01,normal,123,110,63,155,28,open,
2026-08-04T09:20:18.060,173200404,T0004,OBJ-F,SC-01,normal,123,110,63,155,28,open,
2026-08-04T09:20:18.081,173220880,T0004,OBJ-F,SC-01,normal,123,110,63,155,28,open,
2026-08-04T09:20:18.100,173240332,T0004,OBJ-F,SC-01,normal,123,110,63,155,28,open,
2026-08-04T09:20:18.121,173260828,T0004,OBJ-F,SC-01,normal,123,110,63,155,28,open,
2026-08-04T09:20:18.140,173280280,T0004,OBJ-F,SC-01,normal,123,110,63,155,28,open,
2026-08-04T09:20:18.162,173300756,T0004,OBJ-F,SC-01,normal,123,110,63,155,28,open,
2026-08-04T09:20:18.180,173320212,T0004,OBJ-F,SC-01,normal,123,110,63,155,28,open,
2026-08-04T09:20:18.201,173340688,T0004,OBJ-F,SC-01,normal,123,110,63,155,28,open,
2026-08-04T09:20:18.221,173360148,T0004,OBJ-F,SC-01,normal,123,110,63,155,28,open,
2026-08-04T09:20:18.242,173380624,T0004,OBJ-F,SC-01,normal,123,110,63,155,28,open,
2026-08-04T09:20:18.261,173400080,T0004,OBJ-F,SC-01,normal,123,110,63,155,28,open,
2026-08-04T09:20:18.282,173420556,T0004,OBJ-F,SC-01,normal,123,110,63,155,28,open,
2026-08-04T09:20:18.301,173440012,T0004,OBJ-F,SC-01,normal,123,110,63,155,28,open,
2026-08-04T09:20:18.322,173460504,T0004,OBJ-F,SC-01,normal,123,110,63,155,28,open,
2026-08-04T09:20:18.342,173480980,T0004,OBJ-F,SC-01,normal,123,110,63,155,28,open,
2026-08-04T09:20:18.362,173500436,T0004,OBJ-F,SC-01,normal,123,110,63,155,28,open,
2026-08-04T09:20:18.400,173520916,T0004,OBJ-F,SC-01,normal,123,110,63,155,28,open,
2026-08-04T09:20:18.401,173540372,T0004,OBJ-F,SC-01,normal,123,110,63,155,28,open,
2026-08-04T09:20:18.440,173560848,T0004,OBJ-F,SC-01,normal,123,110,63,155,28,open,
2026-08-04T09:20:18.442,173580304,T0004,OBJ-F,SC-01,normal,123,110,63,155,28,open,
2026-08-04T09:20:18.480,173600784,T0004,OBJ-F,SC-01,normal,123,110,63,155,28,open,
2026-08-04T09:20:18.482,173620240,T0004,OBJ-F,SC-01,normal,123,110,63,155,28,open,
2026-08-04T09:20:18.520,173640716,T0004,OBJ-F,SC-01,normal,123,110,63,155,28,open,
2026-08-04T09:20:18.522,173660172,T0004,OBJ-F,SC-01,normal,124,110,63,155,28,open,
2026-08-04T09:20:18.543,173680668,T0004,OBJ-F,SC-01,normal,123,110,63,155,28,open,
2026-08-04T09:20:18.562,173700120,T0004,OBJ-F,SC-01,normal,123,110,63,155,28,open,
2026-08-04T09:20:18.582,173720596,T0004,OBJ-F,SC-01,normal,123,110,63,155,28,open,
2026-08-04T09:20:18.602,173740052,T0004,OBJ-F,SC-01,normal,123,110,63,155,28,open,
2026-08-04T09:20:18.623,173760528,T0004,OBJ-F,SC-01,normal,123,110,63,155,28,open,
2026-08-04T09:20:18.661,173781004,T0004,OBJ-F,SC-01,normal,124,110,63,155,28,open,
2026-08-04T09:20:18.662,173800460,T0004,OBJ-F,SC-01,normal,123,110,63,155,28,open,
2026-08-04T09:20:18.701,173820956,T0004,OBJ-F,SC-01,normal,123,110,63,156,28,open,
2026-08-04T09:20:18.703,173840412,T0004,OBJ-F,SC-01,normal,123,110,63,155,28,open,
2026-08-04T09:20:18.740,173860888,T0004,OBJ-F,SC-01,normal,123,110,63,155,28,open,
2026-08-04T09:20:18.743,173880344,T0004,OBJ-F,SC-01,normal,123,110,63,155,28,open,
2026-08-04T09:20:18.780,173900820,T0004,OBJ-F,SC-01,normal,123,110,63,155,28,open,
2026-08-04T09:20:18.783,173920276,T0004,OBJ-F,SC-01,normal,123,110,62,155,28,open,
2026-08-04T09:20:18.820,173940752,T0004,OBJ-F,SC-01,normal,123,110,62,155,28,open,
2026-08-04T09:20:18.823,173960212,T0004,OBJ-F,SC-01,normal,123,110,62,155,28,open,
2026-08-04T09:20:18.861,173980688,T0004,OBJ-F,SC-01,normal,123,110,62,155,28,open,
2026-08-04T09:20:18.863,174000144,T0004,OBJ-F,SC-01,normal,123,110,61,155,28,open,
2026-08-04T09:20:18.900,174020620,T0004,OBJ-F,SC-01,normal,123,110,61,155,28,open,
2026-08-04T09:20:18.920,174040080,T0004,OBJ-F,SC-01,normal,123,110,61,155,28,open,
2026-08-04T09:20:18.939,174060556,T0004,OBJ-F,SC-01,normal,123,110,60,155,28,open,
2026-08-04T09:20:18.960,174080012,T0004,OBJ-F,SC-01,normal,123,110,60,155,28,open,
2026-08-04T09:20:18.980,174100504,T0004,OBJ-F,SC-01,normal,123,110,60,155,28,open,
2026-08-04T09:20:19.000,174120980,T0004,OBJ-F,SC-01,normal,123,110,59,155,28,open,
2026-08-04T09:20:19.020,174140432,T0004,OBJ-F,SC-01,normal,123,110,59,155,28,open,
2026-08-04T09:20:19.041,174160908,T0004,OBJ-F,SC-01,normal,123,110,58,155,28,open,
2026-08-04T09:20:19.060,174180364,T0004,OBJ-F,SC-01,normal,123,110,58,155,28,open,
2026-08-04T09:20:19.080,174200860,T0004,OBJ-F,SC-01,normal,123,110,58,155,28,open,
2026-08-04T09:20:19.100,174220316,T0004,OBJ-F,SC-01,normal,123,110,57,155,28,open,
2026-08-04T09:20:19.120,174240792,T0004,OBJ-F,SC-01,normal,123,110,57,155,28,open,
2026-08-04T09:20:19.140,174260248,T0004,OBJ-F,SC-01,normal,123,110,57,155,28,open,
2026-08-04T09:20:19.160,174280724,T0004,OBJ-F,SC-01,normal,123,110,57,155,28,open,
2026-08-04T09:20:19.180,174300180,T0004,OBJ-F,SC-01,normal,123,110,57,155,28,open,
2026-08-04T09:20:19.200,174320656,T0004,OBJ-F,SC-01,normal,123,110,57,155,28,open,
2026-08-04T09:20:19.221,174340112,T0004,OBJ-F,SC-01,normal,123,110,57,155,28,open,
2026-08-04T09:20:19.240,174360592,T0004,OBJ-F,SC-01,normal,123,110,57,155,28,open,
2026-08-04T09:20:19.261,174380048,T0004,OBJ-F,SC-01,normal,123,110,57,155,28,open,
2026-08-04T09:20:19.280,174400524,T0004,OBJ-F,SC-01,normal,123,110,57,155,28,open,
2026-08-04T09:20:19.301,174421016,T0004,OBJ-F,SC-01,normal,123,110,57,155,28,open,
2026-08-04T09:20:19.320,174440472,T0004,OBJ-F,SC-01,normal,123,110,57,155,28,open,
2026-08-04T09:20:19.340,174460940,T0004,OBJ-F,SC-01,normal,123,110,57,155,28,open,
2026-08-04T09:20:19.360,174480404,T0004,OBJ-F,SC-01,normal,123,110,57,155,28,open,
2026-08-04T09:20:19.380,174500884,T0004,OBJ-F,SC-01,normal,123,110,57,155,28,open,
2026-08-04T09:20:19.400,174520336,T0004,OBJ-F,SC-01,normal,123,110,57,155,28,open,
2026-08-04T09:20:19.420,174540812,T0004,OBJ-F,SC-01,normal,123,110,57,155,28,open,
2026-08-04T09:20:19.440,174560284,T0004,OBJ-F,SC-01,normal,123,110,57,155,28,open,
2026-08-04T09:20:19.460,174580764,T0004,OBJ-F,SC-01,normal,123,110,57,155,28,open,
2026-08-04T09:20:19.481,174600216,T0004,OBJ-F,SC-01,normal,123,110,57,155,28,open,
2026-08-04T09:20:19.500,174620692,T0004,OBJ-F,SC-01,normal,123,110,57,155,28,open,
2026-08-04T09:20:19.521,174640148,T0004,OBJ-F,SC-01,normal,123,110,57,155,28,open,
2026-08-04T09:20:19.540,174660624,T0004,OBJ-F,SC-01,normal,123,110,57,155,28,open,
2026-08-04T09:20:19.561,174680080,T0004,OBJ-F,SC-01,normal,123,110,58,155,28,open,
2026-08-04T09:20:19.580,174700564,T0004,OBJ-F,SC-01,normal,123,110,59,155,28,open,
2026-08-04T09:20:19.600,174720028,T0004,OBJ-F,SC-01,normal,123,110,59,155,28,open,
2026-08-04T09:20:19.620,174740516,T0004,OBJ-F,SC-01,normal,123,110,61,155,28,open,
2026-08-04T09:20:19.640,174760980,T0004,OBJ-F,SC-01,normal,123,110,62,155,28,open,
2026-08-04T09:20:19.660,174780432,T0004,OBJ-F,SC-01,normal,123,110,62,155,28,open,
2026-08-04T09:20:19.680,174800908,T0004,OBJ-F,SC-01,normal,123,110,64,155,28,open,
2026-08-04T09:20:19.700,174820376,T0004,OBJ-F,SC-01,normal,123,110,65,155,28,open,
2026-08-04T09:20:19.721,174840864,T0004,OBJ-F,SC-01,normal,123,110,65,155,28,open,
2026-08-04T09:20:19.740,174860308,T0004,OBJ-F,SC-01,normal,123,110,66,155,28,open,
2026-08-04T09:20:19.760,174881000,T0004,OBJ-F,SC-01,normal,123,110,68,155,28,open,
2026-08-04T09:20:19.780,174900236,T0004,OBJ-F,SC-01,normal,123,110,68,155,28,open,
2026-08-04T09:20:19.800,174920724,T0004,OBJ-F,SC-01,normal,123,110,69,155,28,open,
2026-08-04T09:20:19.820,174940184,T0004,OBJ-F,SC-01,normal,123,110,69,155,28,open,
2026-08-04T09:20:19.839,174960656,T0004,OBJ-F,SC-01,normal,123,110,70,155,28,open,
2026-08-04T09:20:19.860,174980116,T0004,OBJ-F,SC-01,normal,123,110,71,155,28,open,
2026-08-04T09:20:19.880,175000596,T0004,OBJ-F,SC-01,normal,123,110,71,155,28,open,
2026-08-04T09:20:19.901,175020052,T0004,OBJ-F,SC-01,normal,123,110,71,155,28,open,
2026-08-04T09:20:19.920,175040528,T0004,OBJ-F,SC-01,normal,123,110,72,155,28,open,
2026-08-04T09:20:19.940,175061004,T0004,OBJ-F,SC-01,normal,123,110,73,155,28,open,
2026-08-04T09:20:19.960,175080480,T0004,OBJ-F,SC-01,normal,123,110,73,155,28,open,
2026-08-04T09:20:19.980,175100956,T0004,OBJ-F,SC-01,normal,123,110,73,155,28,open,
2026-08-04T09:20:20.000,175120660,T0004,OBJ-F,SC-01,normal,123,110,73,155,28,open,
2026-08-04T09:20:20.020,175140892,T0004,OBJ-F,SC-01,normal,123,110,73,155,28,open,
2026-08-04T09:20:20.039,175160416,T0004,OBJ-F,SC-01,normal,123,110,73,155,28,open,
2026-08-04T09:20:20.060,175180824,T0004,OBJ-F,SC-01,normal,123,110,73,155,28,open,
2026-08-04T09:20:20.080,175200280,T0004,OBJ-F,SC-01,normal,123,110,73,155,28,open,
2026-08-04T09:20:20.100,175220760,T0004,OBJ-F,SC-01,normal,123,110,73,155,28,open,
2026-08-04T09:20:20.121,175240304,T0004,OBJ-F,SC-01,normal,124,110,73,155,28,open,
2026-08-04T09:20:20.140,175260692,T0004,OBJ-F,SC-01,normal,123,110,73,155,28,open,
2026-08-04T09:20:20.160,175280152,T0004,OBJ-F,SC-01,normal,123,110,73,155,28,open,
2026-08-04T09:20:20.180,175300628,T0004,OBJ-F,SC-01,normal,123,110,73,155,28,open,
2026-08-04T09:20:20.201,175320088,T0004,OBJ-F,SC-01,normal,123,110,73,155,28,open,
2026-08-04T09:20:20.220,175340564,T0004,OBJ-F,SC-01,normal,123,110,73,155,28,open,
2026-08-04T09:20:20.240,175360020,T0004,OBJ-F,SC-01,normal,123,110,73,155,28,open,
2026-08-04T09:20:20.260,175380496,T0004,OBJ-F,SC-01,normal,123,110,73,155,28,open,
2026-08-04T09:20:20.281,175400972,T0004,OBJ-F,SC-01,normal,123,110,73,155,28,open,
2026-08-04T09:20:20.300,175420428,T0004,OBJ-F,SC-01,normal,123,110,73,156,28,open,
2026-08-04T09:20:20.320,175440924,T0004,OBJ-F,SC-01,normal,123,110,73,155,28,open,
2026-08-04T09:20:20.340,175460380,T0004,OBJ-F,SC-01,normal,123,110,73,155,28,open,
2026-08-04T09:20:20.361,175480856,T0004,OBJ-F,SC-01,normal,123,110,73,155,28,open,
2026-08-04T09:20:20.380,175500316,T0004,OBJ-F,SC-01,normal,123,110,73,155,28,open,
2026-08-04T09:20:20.400,175520792,T0004,OBJ-F,SC-01,normal,123,110,73,155,28,open,
2026-08-04T09:20:20.420,175540248,T0004,OBJ-F,SC-01,normal,123,110,73,155,28,open,
2026-08-04T09:20:20.439,175560728,T0004,OBJ-F,SC-01,normal,123,110,73,155,28,open,
2026-08-04T09:20:20.460,175580184,T0004,OBJ-F,SC-01,normal,123,110,73,155,28,open,
2026-08-04T09:20:20.480,175600664,T0004,OBJ-F,SC-01,normal,122,110,73,155,28,open,
2026-08-04T09:20:20.501,175620120,T0004,OBJ-F,SC-01,normal,122,110,73,155,28,open,
2026-08-04T09:20:20.520,175640596,T0004,OBJ-F,SC-01,normal,121,110,73,155,28,open,
2026-08-04T09:20:20.541,175660052,T0004,OBJ-F,SC-01,normal,120,110,73,155,28,open,
2026-08-04T09:20:20.560,175680532,T0004,OBJ-F,SC-01,normal,120,110,73,155,28,open,
2026-08-04T09:20:20.580,175701008,T0004,OBJ-F,SC-01,normal,120,110,73,155,28,open,
2026-08-04T09:20:20.600,175720464,T0004,OBJ-F,SC-01,normal,119,110,73,155,28,open,
2026-08-04T09:20:20.620,175740940,T0004,OBJ-F,SC-01,normal,118,110,73,155,28,open,
2026-08-04T09:20:20.640,175760396,T0004,OBJ-F,SC-01,normal,118,110,73,155,28,open,
2026-08-04T09:20:20.660,175780892,T0004,OBJ-F,SC-01,normal,118,110,73,155,28,open,
2026-08-04T09:20:20.679,175800348,T0004,OBJ-F,SC-01,normal,118,110,73,155,28,open,
2026-08-04T09:20:20.700,175820824,T0004,OBJ-F,SC-01,normal,117,110,73,155,28,open,
2026-08-04T09:20:20.719,175840280,T0004,OBJ-F,SC-01,normal,117,110,73,155,28,open,
2026-08-04T09:20:20.740,175860756,T0004,OBJ-F,SC-01,normal,117,110,73,155,28,open,
2026-08-04T09:20:20.760,175880216,T0004,OBJ-F,SC-01,normal,116,110,73,155,28,open,
2026-08-04T09:20:20.780,175900692,T0004,OBJ-F,SC-01,normal,116,110,73,155,28,open,
2026-08-04T09:20:20.801,175920152,T0004,OBJ-F,SC-01,normal,115,110,73,155,28,open,
2026-08-04T09:20:20.820,175940632,T0004,OBJ-F,SC-01,normal,115,110,73,155,28,open,
2026-08-04T09:20:20.841,175960088,T0004,OBJ-F,SC-01,normal,115,110,73,155,28,open,
2026-08-04T09:20:20.860,175980568,T0004,OBJ-F,SC-01,normal,114,110,73,155,28,open,
2026-08-04T09:20:20.880,176000024,T0004,OBJ-F,SC-01,normal,113,110,73,155,28,open,
2026-08-04T09:20:20.900,176020500,T0004,OBJ-F,SC-01,normal,112,110,73,155,28,open,
2026-08-04T09:20:20.921,176040976,T0004,OBJ-F,SC-01,normal,112,110,73,155,28,open,
2026-08-04T09:20:20.940,176060432,T0004,OBJ-F,SC-01,normal,111,110,73,155,28,open,
2026-08-04T09:20:20.960,176080908,T0004,OBJ-F,SC-01,normal,111,110,73,155,28,open,
2026-08-04T09:20:20.979,176100364,T0004,OBJ-F,SC-01,normal,110,110,73,155,28,open,
2026-08-04T09:20:21.000,176120844,T0004,OBJ-F,SC-01,normal,109,110,73,155,28,open,
2026-08-04T09:20:21.019,176140300,T0004,OBJ-F,SC-01,normal,109,110,73,155,28,open,
2026-08-04T09:20:21.040,176160792,T0004,OBJ-F,SC-01,normal,109,110,73,155,28,open,
2026-08-04T09:20:21.060,176180248,T0004,OBJ-F,SC-01,normal,108,110,73,155,28,open,
2026-08-04T09:20:21.080,176200724,T0004,OBJ-F,SC-01,normal,108,110,73,155,28,open,
2026-08-04T09:20:21.101,176220180,T0004,OBJ-F,SC-01,normal,107,110,73,155,28,open,
2026-08-04T09:20:21.120,176240656,T0004,OBJ-F,SC-01,normal,106,110,73,155,28,open,
2026-08-04T09:20:21.141,176260112,T0004,OBJ-F,SC-01,normal,105,110,73,155,28,open,
2026-08-04T09:20:21.160,176280588,T0004,OBJ-F,SC-01,normal,105,110,73,155,28,open,
2026-08-04T09:20:21.180,176300044,T0004,OBJ-F,SC-01,normal,104,110,73,155,28,open,
2026-08-04T09:20:21.200,176320540,T0004,OBJ-F,SC-01,normal,103,110,73,155,28,open,
2026-08-04T09:20:21.220,176341016,T0004,OBJ-F,SC-01,normal,103,110,73,155,28,open,
2026-08-04T09:20:21.240,176360472,T0004,OBJ-F,SC-01,normal,102,110,73,155,28,open,
2026-08-04T09:20:21.260,176380948,T0004,OBJ-F,SC-01,normal,102,110,73,155,28,open,
2026-08-04T09:20:21.280,176400404,T0004,OBJ-F,SC-01,normal,101,110,73,155,28,open,
2026-08-04T09:20:21.300,176420880,T0004,OBJ-F,SC-01,normal,100,110,73,155,28,open,
2026-08-04T09:20:21.320,176440340,T0004,OBJ-F,SC-01,normal,99,110,73,155,28,open,
2026-08-04T09:20:21.340,176460824,T0004,OBJ-F,SC-01,normal,99,110,73,155,28,open,
2026-08-04T09:20:21.360,176480284,T0004,OBJ-F,SC-01,normal,98,110,73,155,28,open,
2026-08-04T09:20:21.380,176500748,T0004,OBJ-F,SC-01,normal,97,110,73,155,28,open,
2026-08-04T09:20:21.401,176520212,T0004,OBJ-F,SC-01,normal,97,110,73,155,28,open,
2026-08-04T09:20:21.420,176540692,T0004,OBJ-F,SC-01,normal,96,110,73,155,28,open,
2026-08-04T09:20:21.441,176560156,T0004,OBJ-F,SC-01,normal,95,110,73,155,28,open,
2026-08-04T09:20:21.460,176580620,T0004,OBJ-F,SC-01,normal,95,110,73,155,28,open,
2026-08-04T09:20:21.481,176600084,T0004,OBJ-F,SC-01,normal,94,110,73,155,28,open,
2026-08-04T09:20:21.500,176620568,T0004,OBJ-F,SC-01,normal,93,110,73,155,28,open,
2026-08-04T09:20:21.520,176640012,T0004,OBJ-F,SC-01,normal,93,110,73,155,28,open,
2026-08-04T09:20:21.540,176660492,T0004,OBJ-F,SC-01,normal,92,110,73,155,28,open,
2026-08-04T09:20:21.561,176680972,T0004,OBJ-F,SC-01,normal,91,110,73,155,28,open,
2026-08-04T09:20:21.579,176700432,T0004,OBJ-F,SC-01,normal,91,110,73,155,28,open,
2026-08-04T09:20:21.600,176720916,T0004,OBJ-F,SC-01,normal,90,110,73,155,28,open,
2026-08-04T09:20:21.620,176740380,T0004,OBJ-F,SC-01,normal,89,110,73,155,28,open,
2026-08-04T09:20:21.640,176760844,T0004,OBJ-F,SC-01,normal,88,110,73,155,28,open,
2026-08-04T09:20:21.660,176780308,T0004,OBJ-F,SC-01,normal,88,110,73,155,28,open,
2026-08-04T09:20:21.680,176800792,T0004,OBJ-F,SC-01,normal,87,110,73,155,28,open,
2026-08-04T09:20:21.700,176820252,T0004,OBJ-F,SC-01,normal,87,110,73,156,28,open,
2026-08-04T09:20:21.720,176840716,T0004,OBJ-F,SC-01,normal,87,110,73,155,28,open,
2026-08-04T09:20:21.741,176860176,T0004,OBJ-F,SC-01,normal,87,110,73,155,28,open,
2026-08-04T09:20:21.760,176880660,T0004,OBJ-F,SC-01,normal,87,110,73,155,28,open,
2026-08-04T09:20:21.781,176900120,T0004,OBJ-F,SC-01,normal,87,110,73,155,28,open,
2026-08-04T09:20:21.800,176920604,T0004,OBJ-F,SC-01,normal,87,110,73,155,28,open,
2026-08-04T09:20:21.821,176940048,T0004,OBJ-F,SC-01,normal,87,110,73,155,28,open,
2026-08-04T09:20:21.840,176960532,T0004,OBJ-F,SC-01,normal,87,110,73,155,28,open,
2026-08-04T09:20:21.861,176981012,T0004,OBJ-F,SC-01,normal,87,110,73,155,28,open,
2026-08-04T09:20:21.879,177000472,T0004,OBJ-F,SC-01,normal,87,110,73,155,28,open,
2026-08-04T09:20:21.900,177020952,T0004,OBJ-F,SC-01,normal,87,110,73,155,28,open,
2026-08-04T09:20:21.919,177040400,T0004,OBJ-F,SC-01,normal,87,110,73,155,28,open,
2026-08-04T09:20:21.940,177060880,T0004,OBJ-F,SC-01,normal,87,110,73,155,28,open,
2026-08-04T09:20:21.960,177080340,T0004,OBJ-F,SC-01,normal,87,110,73,155,28,open,
2026-08-04T09:20:21.980,177100820,T0004,OBJ-F,SC-01,normal,87,110,73,155,28,open,
2026-08-04T09:20:22.000,177120280,T0004,OBJ-F,SC-01,normal,87,110,73,155,28,open,
2026-08-04T09:20:22.020,177140748,T0004,OBJ-F,SC-01,normal,86,110,73,155,28,open,
2026-08-04T09:20:22.041,177160208,T0004,OBJ-F,SC-01,normal,85,110,73,155,28,open,
2026-08-04T09:20:22.060,177180692,T0004,OBJ-F,SC-01,normal,84,110,73,155,28,open,
2026-08-04T09:20:22.081,177200152,T0004,OBJ-F,SC-01,normal,83,110,73,155,28,open,
2026-08-04T09:20:22.100,177220636,T0004,OBJ-F,SC-01,normal,81,110,73,155,28,open,
2026-08-04T09:20:22.120,177240080,T0004,OBJ-F,SC-01,normal,81,110,73,155,28,open,
2026-08-04T09:20:22.140,177260560,T0004,OBJ-F,SC-01,normal,79,110,73,155,28,open,
2026-08-04T09:20:22.160,177280024,T0004,OBJ-F,SC-01,normal,78,110,73,155,28,open,
2026-08-04T09:20:22.180,177300504,T0004,OBJ-F,SC-01,normal,77,110,73,155,28,open,
2026-08-04T09:20:22.201,177320984,T0004,OBJ-F,SC-01,normal,76,110,73,155,28,open,
2026-08-04T09:20:22.220,177340428,T0004,OBJ-F,SC-01,normal,75,110,73,155,28,open,
2026-08-04T09:20:22.240,177360912,T0004,OBJ-F,SC-01,normal,74,110,73,155,28,open,
2026-08-04T09:20:22.260,177380376,T0004,OBJ-F,SC-01,normal,74,110,73,155,28,open,
2026-08-04T09:20:22.280,177400860,T0004,OBJ-F,SC-01,normal,73,110,73,155,28,open,
2026-08-04T09:20:22.300,177420304,T0004,OBJ-F,SC-01,normal,72,110,73,155,28,open,
2026-08-04T09:20:22.320,177440788,T0004,OBJ-F,SC-01,normal,71,110,73,155,28,open,
2026-08-04T09:20:22.340,177460248,T0004,OBJ-F,SC-01,normal,70,110,73,155,28,open,
2026-08-04T09:20:22.360,177480732,T0004,OBJ-F,SC-01,normal,69,110,73,155,28,open,
2026-08-04T09:20:22.381,177500176,T0004,OBJ-F,SC-01,normal,68,110,73,155,28,open,
2026-08-04T09:20:22.400,177520660,T0004,OBJ-F,SC-01,normal,67,110,73,155,28,open,
2026-08-04T09:20:22.421,177540120,T0004,OBJ-F,SC-01,normal,66,110,73,155,28,open,
2026-08-04T09:20:22.440,177560604,T0004,OBJ-F,SC-01,normal,65,110,73,155,28,open,
2026-08-04T09:20:22.461,177580048,T0004,OBJ-F,SC-01,normal,64,110,73,155,28,open,
2026-08-04T09:20:22.480,177600532,T0004,OBJ-F,SC-01,normal,63,110,73,155,28,open,
2026-08-04T09:20:22.500,177621016,T0004,OBJ-F,SC-01,normal,63,110,73,155,28,open,
2026-08-04T09:20:22.520,177640460,T0004,OBJ-F,SC-01,normal,62,110,73,155,28,open,
2026-08-04T09:20:22.540,177660944,T0004,OBJ-F,SC-01,normal,61,110,73,155,28,open,
2026-08-04T09:20:22.560,177680404,T0004,OBJ-F,SC-01,normal,61,110,73,155,28,open,
2026-08-04T09:20:22.580,177700888,T0004,OBJ-F,SC-01,normal,61,110,73,155,28,open,
2026-08-04T09:20:22.600,177720332,T0004,OBJ-F,SC-01,normal,61,110,73,155,28,open,
2026-08-04T09:20:22.620,177740816,T0004,OBJ-F,SC-01,normal,61,110,73,155,28,open,
2026-08-04T09:20:22.639,177760276,T0004,OBJ-F,SC-01,normal,61,110,73,155,28,open,
2026-08-04T09:20:22.660,177780760,T0004,OBJ-F,SC-01,normal,61,110,73,155,28,open,
2026-08-04T09:20:22.681,177800204,T0004,OBJ-F,SC-01,normal,61,110,73,155,28,open,
2026-08-04T09:20:22.700,177820684,T0004,OBJ-F,SC-01,normal,60,110,73,155,28,open,
2026-08-04T09:20:22.721,177840148,T0004,OBJ-F,SC-01,normal,60,110,73,155,28,open,
2026-08-04T09:20:22.740,177860632,T0004,OBJ-F,SC-01,normal,60,110,73,155,28,open,
2026-08-04T09:20:22.760,177880076,T0004,OBJ-F,SC-01,normal,59,110,73,155,28,open,
2026-08-04T09:20:22.780,177900560,T0004,OBJ-F,SC-01,normal,59,110,73,155,28,open,
2026-08-04T09:20:22.800,177920020,T0004,OBJ-F,SC-01,normal,58,110,73,155,28,open,
2026-08-04T09:20:22.820,177940504,T0004,OBJ-F,SC-01,normal,58,110,73,155,28,open,
2026-08-04T09:20:22.840,177960984,T0004,OBJ-F,SC-01,normal,57,110,73,155,28,open,
2026-08-04T09:20:22.860,177980428,T0004,OBJ-F,SC-01,normal,57,110,73,155,28,open,
2026-08-04T09:20:22.880,178000912,T0004,OBJ-F,SC-01,normal,56,110,73,155,28,open,
2026-08-04T09:20:22.900,178020372,T0004,OBJ-F,SC-01,normal,56,110,73,155,28,open,
2026-08-04T09:20:22.920,178040856,T0004,OBJ-F,SC-01,normal,56,110,73,155,28,open,
2026-08-04T09:20:22.940,178060300,T0004,OBJ-F,SC-01,normal,55,110,73,155,28,open,
2026-08-04T09:20:22.960,178080784,T0004,OBJ-F,SC-01,normal,55,110,73,155,28,open,
2026-08-04T09:20:22.980,178100248,T0004,OBJ-F,SC-01,normal,55,110,73,155,28,open,
2026-08-04T09:20:23.000,178120732,T0004,OBJ-F,SC-01,normal,55,110,73,155,28,open,
2026-08-04T09:20:23.021,178140176,T0004,OBJ-F,SC-01,normal,55,110,73,155,28,open,
2026-08-04T09:20:23.040,178160660,T0004,OBJ-F,SC-01,normal,55,110,73,155,28,open,
2026-08-04T09:20:23.061,178180124,T0004,OBJ-F,SC-01,normal,55,110,73,155,28,open,
2026-08-04T09:20:23.080,178200588,T0004,OBJ-F,SC-01,normal,55,110,73,155,28,open,
2026-08-04T09:20:23.101,178220052,T0004,OBJ-F,SC-01,normal,55,110,73,155,28,open,
2026-08-04T09:20:23.120,178240536,T0004,OBJ-F,SC-01,normal,55,110,73,155,28,open,
2026-08-04T09:20:23.140,178261016,T0004,OBJ-F,SC-01,normal,55,110,73,155,28,open,
2026-08-04T09:20:23.160,178280460,T0004,OBJ-F,SC-01,normal,55,110,73,155,28,open,
2026-08-04T09:20:23.180,178300944,T0004,OBJ-F,SC-01,normal,55,110,73,155,28,open,
2026-08-04T09:20:23.199,178320404,T0004,OBJ-F,SC-01,normal,55,110,73,155,28,open,
2026-08-04T09:20:23.220,178340888,T0004,OBJ-F,SC-01,normal,55,110,73,155,28,open,
2026-08-04T09:20:23.240,178360332,T0004,OBJ-F,SC-01,normal,55,110,73,155,28,open,
2026-08-04T09:20:23.260,178380812,T0004,OBJ-F,SC-01,normal,55,110,73,155,28,open,
2026-08-04T09:20:23.280,178400272,T0004,OBJ-F,SC-01,normal,55,110,73,155,28,open,
2026-08-04T09:20:23.300,178420756,T0004,OBJ-F,SC-01,normal,55,110,73,155,28,open,
2026-08-04T09:20:23.321,178440220,T0004,OBJ-F,SC-01,normal,55,110,73,155,28,open,
2026-08-04T09:20:23.340,178460684,T0004,OBJ-F,SC-01,normal,55,110,73,155,28,open,
2026-08-04T09:20:23.361,178480148,T0004,OBJ-F,SC-01,normal,55,110,73,155,28,open,
2026-08-04T09:20:23.380,178500628,T0004,OBJ-F,SC-01,normal,55,110,73,155,28,open,
2026-08-04T09:20:23.400,178520076,T0004,OBJ-F,SC-01,normal,55,110,73,155,28,open,
2026-08-04T09:20:23.420,178540556,T0004,OBJ-F,SC-01,normal,55,110,73,155,28,open,
2026-08-04T09:20:23.440,178560020,T0004,OBJ-F,SC-01,normal,55,110,73,155,28,open,
2026-08-04T09:20:23.460,178580504,T0004,OBJ-F,SC-01,normal,55,110,73,155,28,open,
2026-08-04T09:20:23.481,178600988,T0004,OBJ-F,SC-01,normal,55,110,73,155,28,open,
2026-08-04T09:20:23.500,178620428,T0004,OBJ-F,SC-01,normal,55,110,73,155,28,open,
2026-08-04T09:20:23.521,178640912,T0004,OBJ-F,SC-01,normal,55,110,73,155,28,open,
2026-08-04T09:20:23.540,178660376,T0004,OBJ-F,SC-01,normal,55,110,73,155,28,open,
2026-08-04T09:20:23.561,178680856,T0004,OBJ-F,SC-01,normal,55,110,73,155,28,open,
2026-08-04T09:20:23.581,178700304,T0004,OBJ-F,SC-01,normal,55,110,73,155,28,open,
2026-08-04T09:20:23.601,178720784,T0004,OBJ-F,SC-01,normal,55,110,73,155,28,open,
2026-08-04T09:20:23.620,178740248,T0004,OBJ-F,SC-01,normal,55,110,73,155,28,open,
2026-08-04T09:20:23.641,178760732,T0004,OBJ-F,SC-01,normal,55,110,73,155,28,open,
2026-08-04T09:20:23.661,178780176,T0004,OBJ-F,SC-01,normal,55,110,73,155,28,open,
2026-08-04T09:20:23.681,178800656,T0004,OBJ-F,SC-01,normal,55,110,73,155,28,open,
2026-08-04T09:20:23.701,178820120,T0004,OBJ-F,SC-01,normal,55,110,73,156,28,open,
2026-08-04T09:20:23.721,178840600,T0004,OBJ-F,SC-01,normal,55,110,73,155,28,open,
2026-08-04T09:20:23.741,178860048,T0004,OBJ-F,SC-01,normal,55,110,73,155,28,open,
2026-08-04T09:20:23.762,178880532,T0004,OBJ-F,SC-01,normal,55,110,73,155,28,open,
2026-08-04T09:20:23.782,178901012,T0004,OBJ-F,SC-01,normal,55,110,73,155,28,open,
2026-08-04T09:20:23.802,178920460,T0004,OBJ-F,SC-01,normal,55,110,73,155,28,open,
2026-08-04T09:20:23.822,178940940,T0004,OBJ-F,SC-01,normal,55,110,73,155,28,open,
2026-08-04T09:20:23.842,178960404,T0004,OBJ-F,SC-01,normal,55,110,73,153,28,holding,
2026-08-04T09:20:23.863,178980880,T0004,OBJ-F,SC-01,normal,55,110,73,152,28,holding,
2026-08-04T09:20:23.882,179000336,T0004,OBJ-F,SC-01,normal,55,110,73,150,28,holding,
2026-08-04T09:20:23.902,179020828,T0004,OBJ-F,SC-01,normal,55,110,73,149,28,holding,
2026-08-04T09:20:23.922,179040280,T0004,OBJ-F,SC-01,normal,55,110,73,147,28,holding,
2026-08-04T09:20:23.943,179060756,T0004,OBJ-F,SC-01,normal,55,110,73,145,28,holding,
2026-08-04T09:20:23.962,179080212,T0004,OBJ-F,SC-01,normal,55,110,73,143,28,holding,
2026-08-04T09:20:24.001,179100688,T0004,OBJ-F,SC-01,normal,55,110,73,142,28,holding,
2026-08-04T09:20:24.003,179120144,T0004,OBJ-F,SC-01,normal,55,110,73,140,28,holding,
2026-08-04T09:20:24.040,179140636,T0004,OBJ-F,SC-01,normal,55,110,73,139,28,holding,
2026-08-04T09:20:24.042,179160092,T0004,OBJ-F,SC-01,normal,55,110,73,137,28,holding,
2026-08-04T09:20:24.080,179180568,T0004,OBJ-F,SC-01,normal,55,110,73,136,28,holding,
2026-08-04T09:20:24.082,179200024,T0004,OBJ-F,SC-01,normal,55,110,73,134,28,holding,
2026-08-04T09:20:24.121,179220496,T0004,OBJ-F,SC-01,normal,55,110,73,132,28,holding,
2026-08-04T09:20:24.124,179240988,T0004,OBJ-F,SC-01,normal,55,110,73,131,28,holding,
2026-08-04T09:20:24.160,179260440,T0004,OBJ-F,SC-01,normal,55,110,73,129,28,holding,
2026-08-04T09:20:24.164,179280912,T0004,OBJ-F,SC-01,normal,55,110,73,127,28,holding,
2026-08-04T09:20:24.201,179300364,T0004,OBJ-F,SC-01,normal,55,110,73,126,28,holding,
2026-08-04T09:20:24.204,179320856,T0004,OBJ-F,SC-01,normal,55,110,73,125,28,holding,
2026-08-04T09:20:24.240,179340312,T0004,OBJ-F,SC-01,normal,55,110,73,124,28,holding,
2026-08-04T09:20:24.260,179360788,T0004,OBJ-F,SC-01,normal,55,110,73,123,28,holding,
2026-08-04T09:20:24.280,179380240,T0004,OBJ-F,SC-01,normal,55,110,73,122,28,holding,
2026-08-04T09:20:24.301,179400716,T0004,OBJ-F,SC-01,normal,55,110,73,122,28,holding,
2026-08-04T09:20:24.304,179420188,T0004,OBJ-F,SC-01,normal,55,110,73,122,28,holding,
2026-08-04T09:20:24.340,179440660,T0004,OBJ-F,SC-01,normal,55,110,73,122,28,holding,
2026-08-04T09:20:24.344,179460116,T0004,OBJ-F,SC-01,normal,55,110,73,122,28,holding,
2026-08-04T09:20:24.381,179480588,T0004,OBJ-F,SC-01,normal,55,110,73,122,28,holding,
2026-08-04T09:20:24.384,179500044,T0004,OBJ-F,SC-01,normal,55,110,73,122,28,holding,
2026-08-04T09:20:24.421,179520536,T0004,OBJ-F,SC-01,normal,55,110,73,122,28,holding,
2026-08-04T09:20:24.440,179541008,T0004,OBJ-F,SC-01,normal,55,110,73,122,28,holding,
2026-08-04T09:20:24.460,179560464,T0004,OBJ-F,SC-01,normal,55,110,73,122,28,holding,
2026-08-04T09:20:24.480,179580956,T0004,OBJ-F,SC-01,normal,55,110,73,122,28,holding,
2026-08-04T09:20:24.500,179600412,T0004,OBJ-F,SC-01,normal,55,110,73,122,28,holding,
2026-08-04T09:20:24.520,179620884,T0004,OBJ-F,SC-01,normal,55,110,73,122,28,holding,
2026-08-04T09:20:24.541,179640336,T0004,OBJ-F,SC-01,normal,55,110,73,121,28,holding,
2026-08-04T09:20:24.560,179660812,T0004,OBJ-F,SC-01,normal,55,110,73,121,28,holding,
2026-08-04T09:20:24.580,179680284,T0004,OBJ-F,SC-01,normal,55,110,73,120,28,holding,
2026-08-04T09:20:24.601,179700756,T0004,OBJ-F,SC-01,normal,55,110,73,118,28,holding,
2026-08-04T09:20:24.620,179720212,T0004,OBJ-F,SC-01,normal,55,110,73,117,28,holding,
2026-08-04T09:20:24.640,179740684,T0004,OBJ-F,SC-01,normal,55,110,73,115,28,holding,
2026-08-04T09:20:24.660,179760140,T0004,OBJ-F,SC-01,normal,55,110,73,114,28,holding,
2026-08-04T09:20:24.680,179780632,T0004,OBJ-F,SC-01,normal,55,110,73,113,28,holding,
2026-08-04T09:20:24.700,179800088,T0004,OBJ-F,SC-01,normal,55,110,73,112,28,holding,
2026-08-04T09:20:24.720,179820560,T0004,OBJ-F,SC-01,normal,55,110,73,111,28,holding,
2026-08-04T09:20:24.740,179840016,T0004,OBJ-F,SC-01,normal,55,110,73,110,28,holding,
2026-08-04T09:20:24.761,179860504,T0004,OBJ-F,SC-01,normal,55,110,73,109,28,holding,
2026-08-04T09:20:24.780,179880980,T0004,OBJ-F,SC-01,normal,55,110,73,108,28,closed,
2026-08-04T09:20:24.800,179900432,T0004,OBJ-F,SC-01,normal,55,110,73,106,28,closed,
2026-08-04T09:20:24.819,179920908,T0004,OBJ-F,SC-01,normal,55,110,73,105,28,closed,
2026-08-04T09:20:24.840,179940364,T0004,OBJ-F,SC-01,normal,55,110,73,103,28,closed,
2026-08-04T09:20:24.859,179960860,T0004,OBJ-F,SC-01,normal,55,110,73,103,28,closed,
2026-08-04T09:20:24.880,179980312,T0004,OBJ-F,SC-01,normal,55,110,73,102,28,closed,
2026-08-04T09:20:24.899,180000784,T0004,OBJ-F,SC-01,normal,55,110,73,102,28,closed,
2026-08-04T09:20:24.920,180020248,T0004,OBJ-F,SC-01,normal,55,110,73,101,28,closed,
2026-08-04T09:20:24.941,180040740,T0004,OBJ-F,SC-01,normal,55,110,73,101,28,closed,
2026-08-04T09:20:24.960,180060172,T0004,OBJ-F,SC-01,normal,55,110,73,101,28,closed,
2026-08-04T09:20:24.981,180080652,T0004,OBJ-F,SC-01,normal,55,110,73,101,28,closed,
2026-08-04T09:20:25.000,180100120,T0004,OBJ-F,SC-01,normal,55,110,73,102,28,closed,
2026-08-04T09:20:25.021,180120596,T0004,OBJ-F,SC-01,normal,55,110,73,102,28,closed,
2026-08-04T09:20:25.040,180140056,T0004,OBJ-F,SC-01,normal,55,110,73,102,28,closed,
2026-08-04T09:20:25.061,180160536,T0004,OBJ-F,SC-01,normal,55,110,73,101,28,closed,
2026-08-04T09:20:25.080,180181004,T0004,OBJ-F,SC-01,normal,55,110,73,101,28,closed,
2026-08-04T09:20:25.100,180200468,T0004,OBJ-F,SC-01,normal,55,110,73,101,28,closed,
2026-08-04T09:20:25.120,180220940,T0004,OBJ-F,SC-01,normal,55,110,73,101,28,closed,
2026-08-04T09:20:25.140,180240416,T0004,OBJ-F,SC-01,normal,55,110,73,102,28,closed,
2026-08-04T09:20:25.160,180260884,T0004,OBJ-F,SC-01,normal,55,110,73,101,28,closed,
2026-08-04T09:20:25.181,180280340,T0004,OBJ-F,SC-01,normal,55,110,73,101,28,closed,
2026-08-04T09:20:25.200,180300828,T0004,OBJ-F,SC-01,normal,55,110,73,102,28,closed,
2026-08-04T09:20:25.221,180320276,T0004,OBJ-F,SC-01,normal,55,110,73,101,28,closed,
2026-08-04T09:20:25.241,180340756,T0004,OBJ-F,SC-01,normal,55,110,73,101,28,closed,
2026-08-04T09:20:25.260,180360208,T0004,OBJ-F,SC-01,normal,55,110,73,101,28,closed,
2026-08-04T09:20:25.281,180380700,T0004,OBJ-F,SC-01,normal,55,110,73,101,28,closed,
2026-08-04T09:20:25.300,180400140,T0004,OBJ-F,SC-01,normal,55,110,73,101,28,closed,
2026-08-04T09:20:25.321,180420668,T0004,OBJ-F,SC-01,normal,55,110,73,101,28,closed,
2026-08-04T09:20:25.340,180440088,T0004,OBJ-F,SC-01,normal,55,110,73,101,28,closed,
2026-08-04T09:20:25.361,180460668,T0004,OBJ-F,SC-01,normal,55,110,73,101,28,closed,
2026-08-04T09:20:25.380,180480020,T0004,OBJ-F,SC-01,normal,55,110,73,101,28,closed,
2026-08-04T09:20:25.401,180500612,T0004,OBJ-F,SC-01,normal,55,110,73,101,28,closed,
2026-08-04T09:20:25.420,180521016,T0004,OBJ-F,SC-01,normal,55,110,73,101,28,closed,
2026-08-04T09:20:25.440,180540436,T0004,OBJ-F,SC-01,normal,55,110,73,101,28,closed,
2026-08-04T09:20:25.460,180560912,T0004,OBJ-F,SC-01,normal,55,110,73,101,28,closed,
2026-08-04T09:20:25.480,180580364,T0004,OBJ-F,SC-01,normal,55,110,73,102,28,closed,
2026-08-04T09:20:25.500,180600860,T0004,OBJ-F,SC-01,normal,55,110,73,101,28,closed,
2026-08-04T09:20:25.520,180620312,T0004,OBJ-F,SC-01,normal,55,110,73,101,28,closed,
2026-08-04T09:20:25.540,180640788,T0004,OBJ-F,SC-01,normal,55,110,73,102,28,closed,
2026-08-04T09:20:25.560,180660244,T0004,OBJ-F,SC-01,normal,55,110,73,102,28,closed,
2026-08-04T09:20:25.580,180680720,T0004,OBJ-F,SC-01,normal,55,110,73,101,28,closed,
2026-08-04T09:20:25.600,180700172,T0004,OBJ-F,SC-01,normal,55,110,73,101,28,closed,
2026-08-04T09:20:25.620,180720668,T0004,OBJ-F,SC-01,normal,55,110,73,102,28,closed,
2026-08-04T09:20:25.640,180740120,T0004,OBJ-F,SC-01,normal,55,110,73,101,28,closed,
2026-08-04T09:20:25.661,180760596,T0004,OBJ-F,SC-01,normal,55,110,73,102,28,closed,
2026-08-04T09:20:25.680,180780052,T0004,OBJ-F,SC-01,normal,55,110,73,102,28,closed,
2026-08-04T09:20:25.701,180800528,T0004,OBJ-F,SC-01,normal,55,110,73,101,28,closed,
2026-08-04T09:20:25.720,180821020,T0004,OBJ-F,SC-01,normal,55,110,73,102,28,closed,
2026-08-04T09:20:25.740,180840472,T0004,OBJ-F,SC-01,normal,55,110,73,102,28,closed,
2026-08-04T09:20:25.760,180860948,T0004,OBJ-F,SC-01,normal,55,110,73,102,28,closed,
2026-08-04T09:20:25.780,180880404,T0004,OBJ-F,SC-01,normal,55,110,73,101,28,closed,
2026-08-04T09:20:25.800,180900876,T0004,OBJ-F,SC-01,normal,55,110,73,102,28,closed,
2026-08-04T09:20:25.820,180920332,T0004,OBJ-F,SC-01,normal,55,110,73,101,28,closed,
2026-08-04T09:20:25.840,180940824,T0004,OBJ-F,SC-01,normal,55,110,73,101,28,closed,
2026-08-04T09:20:25.860,180960276,T0004,OBJ-F,SC-01,normal,55,110,73,101,28,closed,
2026-08-04T09:20:25.881,180980752,T0004,OBJ-F,SC-01,normal,55,110,73,102,28,closed,
2026-08-04T09:20:25.900,181000204,T0004,OBJ-F,SC-01,normal,55,110,73,102,28,closed,
2026-08-04T09:20:25.921,181020700,T0004,OBJ-F,SC-01,normal,55,110,73,101,28,closed,
2026-08-04T09:20:25.939,181040156,T0004,OBJ-F,SC-01,normal,55,110,73,102,28,closed,
2026-08-04T09:20:25.960,181060632,T0004,OBJ-F,SC-01,normal,55,110,73,102,28,closed,
2026-08-04T09:20:25.979,181080084,T0004,OBJ-F,SC-01,normal,55,110,73,102,28,closed,
2026-08-04T09:20:26.000,181100560,T0004,OBJ-F,SC-01,normal,55,110,73,102,28,closed,
2026-08-04T09:20:26.020,181120016,T0004,OBJ-F,SC-01,normal,55,110,73,101,28,closed,
2026-08-04T09:20:26.040,181140492,T0004,OBJ-F,SC-01,normal,55,110,73,102,28,closed,
2026-08-04T09:20:26.060,181160984,T0004,OBJ-F,SC-01,normal,55,110,73,102,28,closed,
2026-08-04T09:20:26.080,181180436,T0004,OBJ-F,SC-01,normal,55,110,73,102,28,closed,
2026-08-04T09:20:26.100,181200916,T0004,OBJ-F,SC-01,normal,55,110,73,102,28,closed,
2026-08-04T09:20:26.120,181220368,T0004,OBJ-F,SC-01,normal,55,110,73,102,28,closed,
2026-08-04T09:20:26.140,181240844,T0004,OBJ-F,SC-01,normal,55,110,73,102,28,closed,
2026-08-04T09:20:26.160,181260300,T0004,OBJ-F,SC-01,normal,55,110,73,101,28,closed,
2026-08-04T09:20:26.180,181280792,T0004,OBJ-F,SC-01,normal,55,110,73,102,28,closed,
2026-08-04T09:20:26.200,181300248,T0004,OBJ-F,SC-01,normal,55,110,73,102,28,closed,
2026-08-04T09:20:26.221,181320724,T0004,OBJ-F,SC-01,normal,55,110,73,102,28,closed,
2026-08-04T09:20:26.240,181340180,T0004,OBJ-F,SC-01,normal,55,110,73,102,28,closed,
2026-08-04T09:20:26.261,181360652,T0004,OBJ-F,SC-01,normal,55,110,73,101,28,closed,
2026-08-04T09:20:26.280,181380108,T0004,OBJ-F,SC-01,normal,55,110,73,102,28,closed,
2026-08-04T09:20:26.301,181400600,T0004,OBJ-F,SC-01,normal,55,110,73,102,28,closed,
2026-08-04T09:20:26.320,181420056,T0004,OBJ-F,SC-01,normal,55,110,73,101,28,closed,
2026-08-04T09:20:26.340,181440532,T0004,OBJ-F,SC-01,normal,55,110,73,102,28,closed,
2026-08-04T09:20:26.359,181461008,T0004,OBJ-F,SC-01,normal,55,110,73,102,28,closed,
2026-08-04T09:20:26.380,181480464,T0004,OBJ-F,SC-01,normal,55,110,73,102,28,closed,
2026-08-04T09:20:26.400,181500940,T0004,OBJ-F,SC-01,normal,55,110,73,102,28,closed,
2026-08-04T09:20:26.420,181520396,T0004,OBJ-F,SC-01,normal,55,110,73,101,28,closed,
2026-08-04T09:20:26.440,181540892,T0004,OBJ-F,SC-01,normal,55,110,73,102,28,closed,
2026-08-04T09:20:26.460,181560344,T0004,OBJ-F,SC-01,normal,55,110,73,102,28,closed,
2026-08-04T09:20:26.480,181580820,T0004,OBJ-F,SC-01,normal,55,110,73,101,28,closed,
2026-08-04T09:20:26.500,181600276,T0004,OBJ-F,SC-01,normal,55,110,73,102,28,closed,
2026-08-04T09:20:26.521,181620752,T0004,OBJ-F,SC-01,normal,55,110,73,102,28,closed,
2026-08-04T09:20:26.540,181640208,T0004,OBJ-F,SC-01,normal,55,110,73,101,28,closed,
2026-08-04T09:20:26.561,181660680,T0004,OBJ-F,SC-01,normal,55,110,73,102,28,closed,
2026-08-04T09:20:26.580,181680156,T0004,OBJ-F,SC-01,normal,55,110,73,102,28,closed,
2026-08-04T09:20:26.601,181700632,T0004,OBJ-F,SC-01,normal,55,110,73,102,28,closed,
2026-08-04T09:20:26.620,181720088,T0004,OBJ-F,SC-01,normal,55,110,73,102,28,closed,
2026-08-04T09:20:26.640,181740564,T0004,OBJ-F,SC-01,normal,55,110,73,102,28,closed,
2026-08-04T09:20:26.660,181760020,T0004,OBJ-F,SC-01,normal,55,110,73,102,28,closed,
2026-08-04T09:20:26.680,181780492,T0004,OBJ-F,SC-01,normal,55,110,73,102,28,closed,
2026-08-04T09:20:26.700,181800984,T0004,OBJ-F,SC-01,normal,55,110,73,102,28,closed,
2026-08-04T09:20:26.721,181820440,T0004,OBJ-F,SC-01,normal,55,110,73,102,28,closed,
2026-08-04T09:20:26.740,181840916,T0004,OBJ-F,SC-01,normal,55,110,73,101,28,closed,
2026-08-04T09:20:26.760,181860372,T0004,OBJ-F,SC-01,normal,55,110,73,101,28,closed,
2026-08-04T09:20:26.780,181880848,T0004,OBJ-F,SC-01,normal,55,110,73,102,28,closed,
2026-08-04T09:20:26.800,181900304,T0004,OBJ-F,SC-01,normal,55,110,73,102,28,closed,
2026-08-04T09:20:26.819,181920780,T0004,OBJ-F,SC-01,normal,55,110,73,101,28,closed,
2026-08-04T09:20:26.840,181940236,T0004,OBJ-F,SC-01,normal,55,110,73,102,28,closed,
2026-08-04T09:20:26.861,181960728,T0004,OBJ-F,SC-01,normal,55,110,73,101,28,closed,
2026-08-04T09:20:26.880,181980184,T0004,OBJ-F,SC-01,normal,55,110,73,101,28,closed,
2026-08-04T09:20:26.901,182000660,T0004,OBJ-F,SC-01,normal,55,110,73,102,28,closed,
2026-08-04T09:20:26.920,182020116,T0004,OBJ-F,SC-01,normal,55,110,73,102,28,closed,
2026-08-04T09:20:26.941,182040592,T0004,OBJ-F,SC-01,normal,55,110,73,101,28,closed,
2026-08-04T09:20:26.960,182060048,T0004,OBJ-F,SC-01,normal,55,110,73,102,28,closed,
2026-08-04T09:20:26.980,182080524,T0004,OBJ-F,SC-01,normal,55,110,73,101,28,closed,
2026-08-04T09:20:26.999,182101016,T0004,OBJ-F,SC-01,normal,55,110,73,102,28,closed,
2026-08-04T09:20:27.020,182120472,T0004,OBJ-F,SC-01,normal,55,110,73,101,28,closed,
2026-08-04T09:20:27.040,182140948,T0004,OBJ-F,SC-01,normal,55,110,73,101,28,closed,
2026-08-04T09:20:27.060,182160404,T0004,OBJ-F,SC-01,normal,55,110,73,102,28,closed,
2026-08-04T09:20:27.080,182180880,T0004,OBJ-F,SC-01,normal,55,110,73,102,28,closed,
2026-08-04T09:20:27.100,182200336,T0004,OBJ-F,SC-01,normal,55,110,73,102,28,closed,
2026-08-04T09:20:27.120,182220812,T0004,OBJ-F,SC-01,normal,55,110,73,101,28,closed,
2026-08-04T09:20:27.140,182240264,T0004,OBJ-F,SC-01,normal,55,110,73,102,28,closed,
2026-08-04T09:20:27.161,182260760,T0004,OBJ-F,SC-01,normal,55,110,73,102,28,closed,
2026-08-04T09:20:27.180,182280216,T0004,OBJ-F,SC-01,normal,55,110,73,102,28,closed,
2026-08-04T09:20:27.201,182300692,T0004,OBJ-F,SC-01,normal,55,110,73,101,28,closed,
2026-08-04T09:20:27.220,182320148,T0004,OBJ-F,SC-01,normal,55,110,73,101,28,closed,
2026-08-04T09:20:27.241,182340624,T0004,OBJ-F,SC-01,normal,55,110,73,101,28,closed,
2026-08-04T09:20:27.260,182360080,T0004,OBJ-F,SC-01,normal,55,110,73,102,28,closed,
2026-08-04T09:20:27.281,182380556,T0004,OBJ-F,SC-01,normal,55,110,73,102,28,closed,
2026-08-04T09:20:27.300,182400012,T0004,OBJ-F,SC-01,normal,55,110,73,102,28,closed,
2026-08-04T09:20:27.321,182420500,T0004,OBJ-F,SC-01,normal,55,110,73,101,28,closed,
2026-08-04T09:20:27.340,182440976,T0004,OBJ-F,SC-01,normal,55,110,73,101,28,closed,
2026-08-04T09:20:27.360,182460428,T0004,OBJ-F,SC-01,normal,55,110,73,101,28,closed,
2026-08-04T09:20:27.380,182480904,T0004,OBJ-F,SC-01,normal,55,110,73,102,28,closed,
2026-08-04T09:20:27.400,182500376,T0004,OBJ-F,SC-01,normal,55,110,73,102,28,closed,
2026-08-04T09:20:27.420,182520852,T0004,OBJ-F,SC-01,normal,55,110,73,101,28,closed,
2026-08-04T09:20:27.440,182540308,T0004,OBJ-F,SC-01,normal,55,110,73,102,28,closed,
2026-08-04T09:20:27.460,182560784,T0004,OBJ-F,SC-01,normal,55,110,73,101,28,closed,
2026-08-04T09:20:27.480,182580240,T0004,OBJ-F,SC-01,normal,55,110,73,102,28,closed,
2026-08-04T09:20:27.501,182600716,T0004,OBJ-F,SC-01,normal,55,110,73,102,28,closed,
2026-08-04T09:20:27.520,182620172,T0004,OBJ-F,SC-01,normal,55,110,73,102,28,closed,
2026-08-04T09:20:27.541,182640664,T0004,OBJ-F,SC-01,normal,55,110,73,102,28,closed,
2026-08-04T09:20:27.560,182660120,T0004,OBJ-F,SC-01,normal,55,110,73,101,28,closed,
2026-08-04T09:20:27.580,182680596,T0004,OBJ-F,SC-01,normal,55,110,73,101,28,closed,
2026-08-04T09:20:27.600,182700052,T0004,OBJ-F,SC-01,normal,55,110,73,101,28,closed,
2026-08-04T09:20:27.620,182720528,T0004,OBJ-F,SC-01,normal,55,110,73,102,28,closed,
2026-08-04T09:20:27.640,182741004,T0004,OBJ-F,SC-01,normal,55,110,73,102,28,closed,
2026-08-04T09:20:27.660,182760460,T0004,OBJ-F,SC-01,normal,55,110,73,102,28,closed,
2026-08-04T09:20:27.680,182780952,T0004,OBJ-F,SC-01,normal,55,110,73,101,28,closed,
2026-08-04T09:20:27.700,182800408,T0004,OBJ-F,SC-01,normal,55,110,73,101,28,closed,
2026-08-04T09:20:27.720,182820884,T0004,OBJ-F,SC-01,normal,55,110,73,101,28,closed,
2026-08-04T09:20:27.740,182840340,T0004,OBJ-F,SC-01,normal,55,110,73,102,28,closed,
2026-08-04T09:20:27.760,182860816,T0004,OBJ-F,SC-01,normal,55,110,73,101,28,closed,
2026-08-04T09:20:27.780,182880272,T0004,OBJ-F,SC-01,normal,55,110,73,101,28,closed,
2026-08-04T09:20:27.801,182900748,T0004,OBJ-F,SC-01,normal,55,110,73,101,28,closed,
2026-08-04T09:20:27.820,182920200,T0004,OBJ-F,SC-01,normal,55,110,73,101,28,closed,
2026-08-04T09:20:27.840,182940696,T0004,OBJ-F,SC-01,normal,55,110,73,101,28,closed,
2026-08-04T09:20:27.860,182960152,T0004,OBJ-F,SC-01,normal,55,110,73,102,28,closed,
2026-08-04T09:20:27.881,182980628,T0004,OBJ-F,SC-01,normal,55,110,73,101,28,closed,
2026-08-04T09:20:27.900,183000084,T0004,OBJ-F,SC-01,normal,55,110,73,101,28,closed,
2026-08-04T09:20:27.921,183020560,T0004,OBJ-F,SC-01,normal,55,110,73,102,28,closed,
2026-08-04T09:20:27.940,183040016,T0004,OBJ-F,SC-01,normal,55,110,73,102,28,closed,
2026-08-04T09:20:27.960,183060492,T0004,OBJ-F,SC-01,normal,55,110,73,102,28,closed,
2026-08-04T09:20:27.980,183080984,T0004,OBJ-F,SC-01,normal,55,110,73,101,28,closed,
2026-08-04T09:20:28.000,183100440,T0004,OBJ-F,SC-01,normal,55,110,73,101,28,closed,
2026-08-04T09:20:28.019,183120916,T0004,OBJ-F,SC-01,normal,55,110,73,101,28,closed,
2026-08-04T09:20:28.040,183140372,T0004,OBJ-F,SC-01,normal,55,110,73,102,28,closed,
2026-08-04T09:20:28.060,183160852,T0004,OBJ-F,SC-01,normal,55,110,73,102,28,closed,
2026-08-04T09:20:28.080,183180308,T0004,OBJ-F,SC-01,normal,55,110,73,101,28,closed,
2026-08-04T09:20:28.100,183200784,T0004,OBJ-F,SC-01,normal,55,110,73,101,28,closed,
2026-08-04T09:20:28.120,183220240,T0004,OBJ-F,SC-01,normal,55,110,73,101,28,closed,
2026-08-04T09:20:28.141,183240716,T0004,OBJ-F,SC-01,normal,55,110,73,101,28,closed,
2026-08-04T09:20:28.160,183260172,T0004,OBJ-F,SC-01,normal,55,110,73,101,28,closed,
2026-08-04T09:20:28.181,183280664,T0004,OBJ-F,SC-01,normal,55,110,73,101,28,closed,
2026-08-04T09:20:28.200,183300120,T0004,OBJ-F,SC-01,normal,55,110,73,101,28,closed,
2026-08-04T09:20:28.301,183320596,T0004,OBJ-F,SC-01,normal,55,110,73,102,28,closed,
2026-08-04T09:20:28.302,183340056,T0004,OBJ-F,SC-01,normal,55,110,73,102,28,closed,
2026-08-04T09:20:28.303,183360536,T0004,OBJ-F,SC-01,normal,55,110,73,102,28,closed,
2026-08-04T09:20:28.304,183381016,T0004,OBJ-F,SC-01,normal,55,110,73,102,28,closed,
2026-08-04T09:20:28.304,183400476,T0004,OBJ-F,SC-01,normal,55,110,73,102,28,closed,
