host_timestamp,device_t_us,trial_id,object_id,scenario_id,condition_label,base_deg,shoulder_deg,elbow_deg,gripper_deg,unused_deg,grip_state,notes
2026-08-04T09:17:49.040,24720396,T0003,OBJ-F,SC-01,normal,63,117,67,112,28,opening,
2026-08-04T09:17:49.059,24740888,T0003,OBJ-F,SC-01,normal,63,117,67,112,28,holding,
2026-08-04T09:17:49.079,24760336,T0003,OBJ-F,SC-01,normal,63,117,67,112,28,holding,
2026-08-04T09:17:49.099,24780828,T0003,OBJ-F,SC-01,normal,63,117,67,112,28,holding,
2026-08-04T09:17:49.119,24800280,T0003,OBJ-F,SC-01,normal,63,117,67,112,28,holding,
2026-08-04T09:17:49.139,24820752,T0003,OBJ-F,SC-01,normal,63,117,67,112,28,holding,
2026-08-04T09:17:49.159,24840204,T0003,OBJ-F,SC-01,normal,63,117,67,112,28,holding,
2026-08-04T09:17:49.179,24860692,T0003,OBJ-F,SC-01,normal,63,117,67,112,28,holding,
2026-08-04T09:17:49.199,24880148,T0003,OBJ-F,SC-01,normal,63,117,67,112,28,holding,
2026-08-04T09:17:49.219,24900620,T0003,OBJ-F,SC-01,normal,63,117,67,112,28,holding,
2026-08-04T09:17:49.239,24920092,T0003,OBJ-F,SC-01,normal,63,117,67,112,28,holding,
2026-08-04T09:17:49.259,24940564,T0003,OBJ-F,SC-01,normal,63,117,67,112,28,holding,
2026-08-04T09:17:49.279,24960016,T0003,OBJ-F,SC-01,normal,63,117,67,112,28,holding,
2026-08-04T09:17:49.299,24980504,T0003,OBJ-F,SC-01,normal,63,117,67,112,28,holding,
2026-08-04T09:17:49.319,25000976,T0003,OBJ-F,SC-01,normal,63,117,67,112,28,holding,
2026-08-04T09:17:49.340,25020428,T0003,OBJ-F,SC-01,normal,63,117,67,112,28,holding,
2026-08-04T09:17:49.359,25040920,T0003,OBJ-F,SC-01,normal,63,117,67,112,27,holding,
2026-08-04T09:17:49.380,25060372,T0003,OBJ-F,SC-01,normal,63,117,67,112,28,holding,
2026-08-04T09:17:49.399,25080848,T0003,OBJ-F,SC-01,normal,63,117,67,112,28,holding,
2026-08-04T09:17:49.419,25100316,T0003,OBJ-F,SC-01,normal,63,117,67,112,28,holding,
2026-08-04T09:17:49.439,25120792,T0003,OBJ-F,SC-01,normal,63,117,67,112,28,holding,
2026-08-04T09:17:49.459,25140244,T0003,OBJ-F,SC-01,normal,63,117,67,112,28,holding,
2026-08-04T09:17:49.479,25160716,T0003,OBJ-F,SC-01,normal,63,117,67,112,28,holding,
2026-08-04T09:17:49.499,25180184,T0003,OBJ-F,SC-01,normal,63,117,67,112,28,holding,
2026-08-04T09:17:49.519,25200660,T0003,OBJ-F,SC-01,normal,63,117,67,112,28,holding,
2026-08-04T09:17:49.539,25220112,T0003,OBJ-F,SC-01,normal,63,117,67,112,28,holding,
2026-08-04T09:17:49.559,25240604,T0003,OBJ-F,SC-01,normal,63,117,67,112,28,holding,
2026-08-04T09:17:49.579,25260056,T0003,OBJ-F,SC-01,normal,63,117,67,112,28,holding,
2026-08-04T09:17:49.600,25280528,T0003,OBJ-F,SC-01,normal,63,117,67,112,28,holding,
2026-08-04T09:17:49.619,25301020,T0003,OBJ-F,SC-01,normal,63,117,67,112,28,holding,
2026-08-04T09:17:49.639,25320472,T0003,OBJ-F,SC-01,normal,63,117,67,112,28,holding,
2026-08-04T09:17:49.659,25340948,T0003,OBJ-F,SC-01,normal,63,117,67,112,28,holding,
2026-08-04T09:17:49.680,25360400,T0003,OBJ-F,SC-01,normal,63,117,67,112,28,holding,
2026-08-04T09:17:49.699,25380892,T0003,OBJ-F,SC-01,normal,63,117,67,112,28,holding,
2026-08-04T09:17:49.719,25400344,T0003,OBJ-F,SC-01,normal,63,117,67,112,27,holding,
2026-08-04T09:17:49.739,25420816,T0003,OBJ-F,SC-01,normal,63,117,67,112,28,holding,
2026-08-04T09:17:49.759,25440268,T0003,OBJ-F,SC-01,normal,63,117,67,112,28,holding,
2026-08-04T09:17:49.779,25460760,T0003,OBJ-F,SC-01,normal,63,117,67,112,28,holding,
2026-08-04T09:17:49.799,25480212,T0003,OBJ-F,SC-01,normal,63,117,67,112,28,holding,
2026-08-04T09:17:49.819,25500688,T0003,OBJ-F,SC-01,normal,63,117,67,112,28,holding,
2026-08-04T09:17:49.839,25520140,T0003,OBJ-F,SC-01,normal,63,117,67,112,27,holding,
2026-08-04T09:17:49.859,25540632,T0003,OBJ-F,SC-01,normal,63,117,67,112,28,holding,
2026-08-04T09:17:49.879,25560088,T0003,OBJ-F,SC-01,normal,63,117,67,112,28,holding,
2026-08-04T09:17:49.899,25580560,T0003,OBJ-F,SC-01,normal,63,117,67,112,28,holding,
2026-08-04T09:17:49.919,25600012,T0003,OBJ-F,SC-01,normal,63,117,67,112,28,holding,
2026-08-04T09:17:49.940,25620500,T0003,OBJ-F,SC-01,normal,63,117,67,112,28,holding,
2026-08-04T09:17:49.959,25640972,T0003,OBJ-F,SC-01,normal,63,117,67,112,28,holding,
2026-08-04T09:17:49.979,25660440,T0003,OBJ-F,SC-01,normal,63,117,67,112,28,holding,
2026-08-04T09:17:49.999,25680912,T0003,OBJ-F,SC-01,normal,63,117,67,112,28,holding,
2026-08-04T09:17:50.019,25700380,T0003,OBJ-F,SC-01,normal,63,117,67,112,28,holding,
2026-08-04T09:17:50.039,25720852,T0003,OBJ-F,SC-01,normal,63,117,67,112,28,holding,
2026-08-04T09:17:50.059,25740304,T0003,OBJ-F,SC-01,normal,63,117,67,112,28,holding,
2026-08-04T09:17:50.079,25760796,T0003,OBJ-F,SC-01,normal,63,117,67,112,28,holding,
2026-08-04T09:17:50.099,25780248,T0003,OBJ-F,SC-01,normal,63,117,67,112,28,holding,
2026-08-04T09:17:50.119,25800720,T0003,OBJ-F,SC-01,normal,63,117,67,112,28,holding,
2026-08-04T09:17:50.139,25820172,T0003,OBJ-F,SC-01,normal,63,117,67,112,28,holding,
2026-08-04T09:17:50.159,25840664,T0003,OBJ-F,SC-01,normal,63,117,67,112,28,holding,
2026-08-04T09:17:50.179,25860112,T0003,OBJ-F,SC-01,normal,63,117,67,112,28,holding,
2026-08-04T09:17:50.199,25880604,T0003,OBJ-F,SC-01,normal,63,117,67,112,28,holding,
2026-08-04T09:17:50.219,25900056,T0003,OBJ-F,SC-01,normal,63,117,67,112,28,holding,
2026-08-04T09:17:50.239,25920528,T0003,OBJ-F,SC-01,normal,63,117,67,112,28,holding,
2026-08-04T09:17:50.259,25941020,T0003,OBJ-F,SC-01,normal,63,117,67,112,28,holding,
2026-08-04T09:17:50.279,25960472,T0003,OBJ-F,SC-01,normal,63,117,67,112,28,holding,
2026-08-04T09:17:50.299,25980944,T0003,OBJ-F,SC-01,normal,63,117,67,112,28,holding,
2026-08-04T09:17:50.319,26000396,T0003,OBJ-F,SC-01,normal,63,117,67,112,28,holding,
2026-08-04T09:17:50.339,26020888,T0003,OBJ-F,SC-01,normal,63,117,67,112,28,holding,
2026-08-04T09:17:50.359,26040340,T0003,OBJ-F,SC-01,normal,63,117,67,112,28,holding,
2026-08-04T09:17:50.379,26060812,T0003,OBJ-F,SC-01,normal,63,117,67,112,28,holding,
2026-08-04T09:17:50.399,26080280,T0003,OBJ-F,SC-01,normal,63,117,67,112,28,holding,
2026-08-04T09:17:50.419,26100752,T0003,OBJ-F,SC-01,normal,63,117,67,112,28,holding,
2026-08-04T09:17:50.439,26120208,T0003,OBJ-F,SC-01,normal,63,117,67,112,28,holding,
2026-08-04T09:17:50.460,26140696,T0003,OBJ-F,SC-01,normal,63,117,67,112,28,holding,
2026-08-04T09:17:50.479,26160148,T0003,OBJ-F,SC-01,normal,63,117,67,112,28,holding,
2026-08-04T09:17:50.500,26180624,T0003,OBJ-F,SC-01,normal,63,117,67,112,28,holding,
2026-08-04T09:17:50.519,26200076,T0003,OBJ-F,SC-01,normal,63,117,67,112,28,holding,
2026-08-04T09:17:50.540,26220568,T0003,OBJ-F,SC-01,normal,63,117,67,112,28,holding,
2026-08-04T09:17:50.559,26240020,T0003,OBJ-F,SC-01,normal,63,117,67,112,28,holding,
2026-08-04T09:17:50.580,26260504,T0003,OBJ-F,SC-01,normal,63,117,67,112,28,holding,
2026-08-04T09:17:50.601,26280976,T0003,OBJ-F,SC-01,normal,63,117,67,112,28,holding,
2026-08-04T09:17:50.620,26300444,T0003,OBJ-F,SC-01,normal,63,117,67,112,28,holding,
2026-08-04T09:17:50.641,26320916,T0003,OBJ-F,SC-01,normal,63,117,67,112,28,holding,
2026-08-04T09:17:50.660,26340364,T0003,OBJ-F,SC-01,normal,63,117,67,112,28,holding,
2026-08-04T09:17:50.681,26360856,T0003,OBJ-F,SC-01,normal,63,117,67,112,28,holding,
2026-08-04T09:17:50.700,26380308,T0003,OBJ-F,SC-01,normal,63,117,67,112,28,holding,
2026-08-04T09:17:50.721,26400796,T0003,OBJ-F,SC-01,normal,63,117,67,112,28,holding,
2026-08-04T09:17:50.740,26420248,T0003,OBJ-F,SC-01,normal,63,117,67,112,28,holding,
2026-08-04T09:17:50.761,26440716,T0003,OBJ-F,SC-01,normal,63,117,67,112,28,holding,
2026-08-04T09:17:50.780,26460188,T0003,OBJ-F,SC-01,normal,63,117,67,112,28,holding,
2026-08-04T09:17:50.801,26480656,T0003,OBJ-F,SC-01,normal,63,117,67,112,28,holding,
2026-08-04T09:17:50.821,26500108,T0003,OBJ-F,SC-01,normal,63,117,67,112,28,holding,
2026-08-04T09:17:50.859,26520596,T0003,OBJ-F,SC-01,normal,63,117,67,112,28,holding,
2026-08-04T09:17:50.861,26540052,T0003,OBJ-F,SC-01,normal,63,117,67,112,28,holding,
2026-08-04T09:17:50.881,26560524,T0003,OBJ-F,SC-01,normal,63,117,67,112,28,holding,
2026-08-04T09:17:50.920,26581012,T0003,OBJ-F,SC-01,normal,63,117,67,112,28,holding,
2026-08-04T09:17:50.921,26600464,T0003,OBJ-F,SC-01,normal,63,117,67,112,28,holding,
2026-08-04T09:17:50.959,26620956,T0003,OBJ-F,SC-01,normal,63,117,67,112,28,holding,
2026-08-04T09:17:50.961,26640408,T0003,OBJ-F,SC-01,normal,63,117,67,112,28,holding,
2026-08-04T09:17:50.999,26660876,T0003,OBJ-F,SC-01,normal,63,117,67,112,28,holding,
2026-08-04T09:17:51.001,26680348,T0003,OBJ-F,SC-01,normal,63,117,67,112,28,holding,
2026-08-04T09:17:51.040,26700816,T0003,OBJ-F,SC-01,normal,63,117,67,112,28,holding,
2026-08-04T09:17:51.042,26720268,T0003,OBJ-F,SC-01,normal,63,117,67,112,28,holding,
2026-08-04T09:17:51.079,26740756,T0003,OBJ-F,SC-01,normal,63,117,67,112,28,holding,
2026-08-04T09:17:51.082,26760208,T0003,OBJ-F,SC-01,normal,63,117,67,112,28,holding,
2026-08-04T09:17:51.119,26780700,T0003,OBJ-F,SC-01,normal,63,117,67,112,28,holding,
2026-08-04T09:17:51.122,26800152,T0003,OBJ-F,SC-01,normal,63,117,67,112,28,holding,
2026-08-04T09:17:51.159,26820624,T0003,OBJ-F,SC-01,normal,63,117,67,112,28,holding,
2026-08-04T09:17:51.162,26840076,T0003,OBJ-F,SC-01,normal,63,117,67,112,28,holding,
2026-08-04T09:17:51.199,26860564,T0003,OBJ-F,SC-01,normal,63,117,67,112,28,holding,
2026-08-04T09:17:51.202,26880020,T0003,OBJ-F,SC-01,normal,63,117,67,112,28,holding,
2026-08-04T09:17:51.222,26900504,T0003,OBJ-F,SC-01,normal,63,117,67,112,28,holding,
2026-08-04T09:17:51.260,26920976,T0003,OBJ-F,SC-01,normal,63,117,67,112,28,holding,
2026-08-04T09:17:51.263,26940444,T0003,OBJ-F,SC-01,normal,63,117,67,112,28,holding,
2026-08-04T09:17:51.300,26960916,T0003,OBJ-F,SC-01,normal,63,117,67,112,28,holding,
2026-08-04T09:17:51.303,26980368,T0003,OBJ-F,SC-01,normal,63,117,67,112,28,holding,
2026-08-04T09:17:51.339,27000860,T0003,OBJ-F,SC-01,normal,63,117,67,112,28,holding,
2026-08-04T09:17:51.343,27020312,T0003,OBJ-F,SC-01,normal,63,116,67,112,28,holding,
2026-08-04T09:17:51.380,27040784,T0003,OBJ-F,SC-01,normal,63,116,67,112,28,holding,
2026-08-04T09:17:51.383,27060252,T0003,OBJ-F,SC-01,normal,63,115,67,112,28,holding,
2026-08-04T09:17:51.419,27080724,T0003,OBJ-F,SC-01,normal,63,115,67,112,28,holding,
2026-08-04T09:17:51.439,27100176,T0003,OBJ-F,SC-01,normal,63,114,67,112,28,holding,
2026-08-04T09:17:51.459,27120664,T0003,OBJ-F,SC-01,normal,63,114,67,112,28,holding,
2026-08-04T09:17:51.479,27140116,T0003,OBJ-F,SC-01,normal,63,114,67,112,28,holding,
2026-08-04T09:17:51.499,27160588,T0003,OBJ-F,SC-01,normal,63,113,67,112,28,holding,
2026-08-04T09:17:51.519,27180060,T0003,OBJ-F,SC-01,normal,63,113,67,112,28,holding,
2026-08-04T09:17:51.539,27200532,T0003,OBJ-F,SC-01,normal,63,113,67,112,28,holding,
2026-08-04T09:17:51.560,27221020,T0003,OBJ-F,SC-01,normal,63,113,67,112,28,holding,
2026-08-04T09:17:51.579,27240472,T0003,OBJ-F,SC-01,normal,63,113,67,112,28,holding,
2026-08-04T09:17:51.599,27260944,T0003,OBJ-F,SC-01,normal,63,113,67,112,28,holding,
2026-08-04T09:17:51.619,27280412,T0003,OBJ-F,SC-01,normal,63,113,67,112,28,holding,
2026-08-04T09:17:51.639,27300884,T0003,OBJ-F,SC-01,normal,63,113,67,112,28,holding,
2026-08-04T09:17:51.659,27320336,T0003,OBJ-F,SC-01,normal,63,113,67,112,28,holding,
2026-08-04T09:17:51.679,27340824,T0003,OBJ-F,SC-01,normal,63,113,67,112,28,holding,
2026-08-04T09:17:51.699,27360276,T0003,OBJ-F,SC-01,normal,63,113,67,112,28,holding,
2026-08-04T09:17:51.720,27380764,T0003,OBJ-F,SC-01,normal,63,113,67,112,28,holding,
2026-08-04T09:17:51.739,27400216,T0003,OBJ-F,SC-01,normal,63,113,67,112,28,holding,
2026-08-04T09:17:51.759,27420700,T0003,OBJ-F,SC-01,normal,63,113,67,112,27,holding,
2026-08-04T09:17:51.779,27440144,T0003,OBJ-F,SC-01,normal,63,113,67,112,28,holding,
2026-08-04T09:17:51.799,27460628,T0003,OBJ-F,SC-01,normal,63,113,67,112,28,holding,
2026-08-04T09:17:51.818,27480084,T0003,OBJ-F,SC-01,normal,63,113,67,112,28,holding,
2026-08-04T09:17:51.839,27500564,T0003,OBJ-F,SC-01,normal,63,113,67,112,28,holding,
2026-08-04T09:17:51.859,27520012,T0003,OBJ-F,SC-01,normal,63,113,67,112,28,holding,
2026-08-04T09:17:51.879,27540500,T0003,OBJ-F,SC-01,normal,63,113,67,112,28,holding,
2026-08-04T09:17:51.899,27560992,T0003,OBJ-F,SC-01,normal,63,113,67,112,28,holding,
2026-08-04T09:17:51.919,27580440,T0003,OBJ-F,SC-01,normal,63,113,67,112,28,holding,
2026-08-04T09:17:51.939,27600920,T0003,OBJ-F,SC-01,normal,63,113,67,112,28,holding,
2026-08-04T09:17:51.959,27620368,T0003,OBJ-F,SC-01,normal,63,113,67,112,28,holding,
2026-08-04T09:17:51.979,27640852,T0003,OBJ-F,SC-01,normal,63,113,67,112,28,holding,
2026-08-04T09:17:51.999,27660308,T0003,OBJ-F,SC-01,normal,63,113,67,112,28,holding,
2026-08-04T09:17:52.019,27680796,T0003,OBJ-F,SC-01,normal,63,113,67,112,28,holding,
2026-08-04T09:17:52.039,27700244,T0003,OBJ-F,SC-01,normal,63,113,67,112,28,holding,
2026-08-04T09:17:52.059,27720720,T0003,OBJ-F,SC-01,normal,63,113,67,112,28,holding,
2026-08-04T09:17:52.079,27740176,T0003,OBJ-F,SC-01,normal,63,113,67,112,28,holding,
2026-08-04T09:17:52.099,27760664,T0003,OBJ-F,SC-01,normal,63,113,67,112,28,holding,
2026-08-04T09:17:52.118,27780124,T0003,OBJ-F,SC-01,normal,63,113,67,112,28,holding,
2026-08-04T09:17:52.139,27800796,T0003,OBJ-F,SC-01,normal,63,113,67,112,28,holding,
2026-08-04T09:17:52.159,27820060,T0003,OBJ-F,SC-01,normal,63,113,67,112,28,holding,
2026-08-04T09:17:52.179,27840532,T0003,OBJ-F,SC-01,normal,63,113,67,112,28,holding,
2026-08-04T09:17:52.199,27861056,T0003,OBJ-F,SC-01,normal,63,113,67,112,28,holding,
2026-08-04T09:17:52.219,27880460,T0003,OBJ-F,SC-01,normal,63,113,67,112,28,holding,
2026-08-04T09:17:52.239,27901172,T0003,OBJ-F,SC-01,normal,63,113,67,112,28,holding,
2026-08-04T09:17:52.259,27920416,T0003,OBJ-F,SC-01,normal,63,113,67,112,28,holding,
2026-08-04T09:17:52.279,27940888,T0003,OBJ-F,SC-01,normal,63,113,67,112,28,holding,
2026-08-04T09:17:52.299,27960336,T0003,OBJ-F,SC-01,normal,63,113,67,112,28,holding,
2026-08-04T09:17:52.319,27980828,T0003,OBJ-F,SC-01,normal,63,113,67,112,28,holding,
2026-08-04T09:17:52.338,28000280,T0003,OBJ-F,SC-01,normal,63,113,67,112,28,holding,
2026-08-04T09:17:52.359,28020752,T0003,OBJ-F,SC-01,normal,63,113,67,112,28,holding,
2026-08-04T09:17:52.379,28040208,T0003,OBJ-F,SC-01,normal,63,113,67,112,28,holding,
2026-08-04T09:17:52.399,28060692,T0003,OBJ-F,SC-01,normal,63,113,67,112,27,holding,
2026-08-04T09:17:52.419,28080444,T0003,OBJ-F,SC-01,normal,63,113,67,112,28,holding,
2026-08-04T09:17:52.439,28100636,T0003,OBJ-F,SC-01,normal,63,113,67,112,28,holding,
2026-08-04T09:17:52.458,28120092,T0003,OBJ-F,SC-01,normal,63,113,67,112,28,holding,
2026-08-04T09:17:52.479,28140560,T0003,OBJ-F,SC-01,normal,63,113,67,112,28,holding,
2026-08-04T09:17:52.499,28160048,T0003,OBJ-F,SC-01,normal,63,113,67,112,28,holding,
2026-08-04T09:17:52.519,28180500,T0003,OBJ-F,SC-01,normal,63,113,67,112,28,holding,
2026-08-04T09:17:52.539,28200972,T0003,OBJ-F,SC-01,normal,63,113,67,112,28,holding,
2026-08-04T09:17:52.559,28220492,T0003,OBJ-F,SC-01,normal,63,113,67,112,28,holding,
2026-08-04T09:17:52.580,28240912,T0003,OBJ-F,SC-01,normal,63,113,67,112,28,holding,
2026-08-04T09:17:52.599,28260364,T0003,OBJ-F,SC-01,normal,63,113,67,112,28,holding,
2026-08-04T09:17:52.620,28280856,T0003,OBJ-F,SC-01,normal,63,113,67,112,28,holding,
2026-08-04T09:17:52.639,28300308,T0003,OBJ-F,SC-01,normal,64,113,67,112,28,holding,
2026-08-04T09:17:52.659,28320784,T0003,OBJ-F,SC-01,normal,64,113,67,112,28,holding,
2026-08-04T09:17:52.679,28340252,T0003,OBJ-F,SC-01,normal,64,113,67,112,28,holding,
2026-08-04T09:17:52.699,28360724,T0003,OBJ-F,SC-01,normal,65,113,67,112,27,holding,
2026-08-04T09:17:52.719,28380176,T0003,OBJ-F,SC-01,normal,65,113,67,112,28,holding,
2026-08-04T09:17:52.739,28400668,T0003,OBJ-F,SC-01,normal,66,113,67,112,28,holding,
2026-08-04T09:17:52.758,28420120,T0003,OBJ-F,SC-01,normal,66,113,67,112,28,holding,
2026-08-04T09:17:52.779,28440592,T0003,OBJ-F,SC-01,normal,66,113,67,112,28,holding,
2026-08-04T09:17:52.800,28460056,T0003,OBJ-F,SC-01,normal,67,113,67,112,28,holding,
2026-08-04T09:17:52.819,28480536,T0003,OBJ-F,SC-01,normal,67,113,67,112,28,holding,
2026-08-04T09:17:52.839,28501008,T0003,OBJ-F,SC-01,normal,67,113,67,112,28,holding,
2026-08-04T09:17:52.859,28520460,T0003,OBJ-F,SC-01,normal,67,113,67,112,28,holding,
2026-08-04T09:17:52.879,28540952,T0003,OBJ-F,SC-01,normal,67,113,67,112,28,holding,
2026-08-04T09:17:52.898,28560404,T0003,OBJ-F,SC-01,normal,67,113,67,112,28,holding,
2026-08-04T09:17:52.919,28580880,T0003,OBJ-F,SC-01,normal,67,113,67,112,28,holding,
2026-08-04T09:17:52.939,28600348,T0003,OBJ-F,SC-01,normal,67,113,67,112,28,holding,
2026-08-04T09:17:52.959,28620820,T0003,OBJ-F,SC-01,normal,67,113,67,112,28,holding,
2026-08-04T09:17:52.979,28640272,T0003,OBJ-F,SC-01,normal,67,113,67,112,28,holding,
2026-08-04T09:17:52.999,28660764,T0003,OBJ-F,SC-01,normal,67,113,67,112,28,holding,
2026-08-04T09:17:53.019,28680220,T0003,OBJ-F,SC-01,normal,67,113,67,112,28,holding,
2026-08-04T09:17:53.039,28700692,T0003,OBJ-F,SC-01,normal,67,113,67,112,28,holding,
2026-08-04T09:17:53.059,28720180,T0003,OBJ-F,SC-01,normal,67,113,67,112,28,holding,
2026-08-04T09:17:53.079,28740632,T0003,OBJ-F,SC-01,normal,67,113,67,112,27,holding,
2026-08-04T09:17:53.099,28760080,T0003,OBJ-F,SC-01,normal,67,113,67,112,28,holding,
2026-08-04T09:17:53.119,28780560,T0003,OBJ-F,SC-01,normal,68,113,67,112,28,holding,
2026-08-04T09:17:53.139,28800024,T0003,OBJ-F,SC-01,normal,68,113,67,112,27,holding,
2026-08-04T09:17:53.159,28820500,T0003,OBJ-F,SC-01,normal,68,113,67,112,28,holding,
2026-08-04T09:17:53.179,28840976,T0003,OBJ-F,SC-01,normal,68,113,67,112,28,holding,
2026-08-04T09:17:53.199,28860444,T0003,OBJ-F,SC-01,normal,68,113,67,112,28,holding,
2026-08-04T09:17:53.220,28880916,T0003,OBJ-F,SC-01,normal,68,113,67,112,28,holding,
2026-08-04T09:17:53.239,28900368,T0003,OBJ-F,SC-01,normal,68,113,67,112,28,holding,
2026-08-04T09:17:53.259,28920856,T0003,OBJ-F,SC-01,normal,68,113,67,112,28,holding,
2026-08-04T09:17:53.279,28940308,T0003,OBJ-F,SC-01,normal,68,113,67,112,28,holding,
2026-08-04T09:17:53.299,28960784,T0003,OBJ-F,SC-01,normal,68,113,67,112,27,holding,
2026-08-04T09:17:53.319,28980252,T0003,OBJ-F,SC-01,normal,68,113,67,112,28,holding,
2026-08-04T09:17:53.339,29000724,T0003,OBJ-F,SC-01,normal,68,113,67,112,28,holding,
2026-08-04T09:17:53.359,29020188,T0003,OBJ-F,SC-01,normal,68,113,67,112,28,holding,
2026-08-04T09:17:53.380,29040664,T0003,OBJ-F,SC-01,normal,68,113,67,112,28,holding,
2026-08-04T09:17:53.399,29060112,T0003,OBJ-F,SC-01,normal,68,113,67,112,28,holding,
2026-08-04T09:17:53.419,29080592,T0003,OBJ-F,SC-01,normal,68,113,67,112,28,holding,
2026-08-04T09:17:53.440,29100056,T0003,OBJ-F,SC-01,normal,68,113,67,112,28,holding,
2026-08-04T09:17:53.459,29120536,T0003,OBJ-F,SC-01,normal,68,113,67,112,28,holding,
2026-08-04T09:17:53.480,29141008,T0003,OBJ-F,SC-01,normal,68,113,67,112,28,holding,
2026-08-04T09:17:53.498,29160464,T0003,OBJ-F,SC-01,normal,68,113,67,112,28,holding,
2026-08-04T09:17:53.519,29180952,T0003,OBJ-F,SC-01,normal,68,113,67,112,28,holding,
2026-08-04T09:17:53.539,29200408,T0003,OBJ-F,SC-01,normal,68,113,67,112,28,holding,
2026-08-04T09:17:53.560,29220880,T0003,OBJ-F,SC-01,normal,68,113,67,112,27,holding,
2026-08-04T09:17:53.579,29240332,T0003,OBJ-F,SC-01,normal,68,113,67,112,28,holding,
2026-08-04T09:17:53.599,29260824,T0003,OBJ-F,SC-01,normal,68,113,67,112,28,holding,
2026-08-04T09:17:53.619,29280292,T0003,OBJ-F,SC-01,normal,68,113,67,112,28,holding,
2026-08-04T09:17:53.639,29300748,T0003,OBJ-F,SC-01,normal,68,113,67,112,28,holding,
2026-08-04T09:17:53.659,29320212,T0003,OBJ-F,SC-01,normal,68,113,67,112,28,holding,
2026-08-04T09:17:53.679,29340692,T0003,OBJ-F,SC-01,normal,68,113,67,112,28,holding,
2026-08-04T09:17:53.699,29360140,T0003,OBJ-F,SC-01,normal,68,113,67,112,28,holding,
2026-08-04T09:17:53.719,29380620,T0003,OBJ-F,SC-01,normal,68,113,67,112,28,holding,
2026-08-04T09:17:53.738,29400084,T0003,OBJ-F,SC-01,normal,68,113,67,112,28,holding,
2026-08-04T09:17:53.759,29420564,T0003,OBJ-F,SC-01,normal,68,113,67,112,28,holding,
2026-08-04T09:17:53.779,29440012,T0003,OBJ-F,SC-01,normal,68,113,67,112,28,holding,
2026-08-04T09:17:53.799,29460508,T0003,OBJ-F,SC-01,normal,68,113,67,112,28,holding,
2026-08-04T09:17:53.819,29480980,T0003,OBJ-F,SC-01,normal,68,113,67,112,28,holding,
2026-08-04T09:17:53.839,29500436,T0003,OBJ-F,SC-01,normal,68,113,67,112,28,holding,
2026-08-04T09:17:53.859,29520908,T0003,OBJ-F,SC-01,normal,68,113,67,112,28,holding,
2026-08-04T09:17:53.879,29540376,T0003,OBJ-F,SC-01,normal,68,113,67,112,28,holding,
2026-08-04T09:17:53.900,29560852,T0003,OBJ-F,SC-01,normal,68,113,67,112,28,holding,
2026-08-04T09:17:53.919,29580340,T0003,OBJ-F,SC-01,normal,68,113,67,112,28,holding,
2026-08-04T09:17:53.939,29600796,T0003,OBJ-F,SC-01,normal,68,113,67,112,28,holding,
2026-08-04T09:17:53.959,29620240,T0003,OBJ-F,SC-01,normal,68,112,67,112,28,holding,
2026-08-04T09:17:53.979,29640720,T0003,OBJ-F,SC-01,normal,68,112,67,112,28,holding,
2026-08-04T09:17:53.999,29660184,T0003,OBJ-F,SC-01,normal,68,111,67,112,28,holding,
2026-08-04T09:17:54.019,29680664,T0003,OBJ-F,SC-01,normal,68,111,67,112,28,holding,
2026-08-04T09:17:54.039,29700108,T0003,OBJ-F,SC-01,normal,68,110,67,112,28,holding,
2026-08-04T09:17:54.059,29720588,T0003,OBJ-F,SC-01,normal,68,109,67,112,28,holding,
2026-08-04T09:17:54.079,29740052,T0003,OBJ-F,SC-01,normal,68,109,67,112,28,holding,
2026-08-04T09:17:54.099,29760532,T0003,OBJ-F,SC-01,normal,68,108,67,112,28,holding,
2026-08-04T09:17:54.119,29781020,T0003,OBJ-F,SC-01,normal,68,108,67,112,28,holding,
2026-08-04T09:17:54.139,29800472,T0003,OBJ-F,SC-01,normal,68,107,67,112,28,holding,
2026-08-04T09:17:54.159,29820948,T0003,OBJ-F,SC-01,normal,68,106,67,112,28,holding,
2026-08-04T09:17:54.179,29840400,T0003,OBJ-F,SC-01,normal,68,106,67,112,28,holding,
2026-08-04T09:17:54.199,29860888,T0003,OBJ-F,SC-01,normal,68,106,67,112,28,holding,
2026-08-04T09:17:54.219,29880336,T0003,OBJ-F,SC-01,normal,68,105,67,112,28,holding,
2026-08-04T09:17:54.240,29900812,T0003,OBJ-F,SC-01,normal,68,105,67,112,28,holding,
2026-08-04T09:17:54.259,29920276,T0003,OBJ-F,SC-01,normal,68,105,67,112,28,holding,
2026-08-04T09:17:54.279,29940756,T0003,OBJ-F,SC-01,normal,68,105,67,112,28,holding,
2026-08-04T09:17:54.299,29960204,T0003,OBJ-F,SC-01,normal,68,105,67,112,28,holding,
2026-08-04T09:17:54.319,29980700,T0003,OBJ-F,SC-01,normal,68,105,67,112,28,holding,
2026-08-04T09:17:54.339,30000148,T0003,OBJ-F,SC-01,normal,68,105,67,112,28,holding,
2026-08-04T09:17:54.359,30020628,T0003,OBJ-F,SC-01,normal,68,105,67,112,28,holding,
2026-08-04T09:17:54.378,30040076,T0003,OBJ-F,SC-01,normal,68,105,67,112,28,holding,
2026-08-04T09:17:54.399,30060572,T0003,OBJ-F,SC-01,normal,68,106,67,112,28,holding,
2026-08-04T09:17:54.419,30080020,T0003,OBJ-F,SC-01,normal,68,106,67,112,28,holding,
2026-08-04T09:17:54.438,30100500,T0003,OBJ-F,SC-01,normal,68,107,67,112,28,holding,
2026-08-04T09:17:54.459,30120972,T0003,OBJ-F,SC-01,normal,68,108,67,112,28,holding,
2026-08-04T09:17:54.479,30140444,T0003,OBJ-F,SC-01,normal,68,109,67,112,28,holding,
2026-08-04T09:17:54.499,30160920,T0003,OBJ-F,SC-01,normal,68,109,67,112,28,holding,
2026-08-04T09:17:54.519,30180364,T0003,OBJ-F,SC-01,normal,68,110,67,112,28,holding,
2026-08-04T09:17:54.540,30200844,T0003,OBJ-F,SC-01,normal,68,110,67,112,28,holding,
2026-08-04T09:17:54.559,30220312,T0003,OBJ-F,SC-01,normal,68,111,67,112,28,holding,
2026-08-04T09:17:54.579,30240792,T0003,OBJ-F,SC-01,normal,68,111,67,112,28,holding,
2026-08-04T09:17:54.599,30260240,T0003,OBJ-F,SC-01,normal,68,112,67,112,28,holding,
2026-08-04T09:17:54.619,30280716,T0003,OBJ-F,SC-01,normal,68,113,67,112,28,holding,
2026-08-04T09:17:54.639,30300184,T0003,OBJ-F,SC-01,normal,68,113,67,112,28,holding,
2026-08-04T09:17:54.659,30320664,T0003,OBJ-F,SC-01,normal,68,113,67,112,28,holding,
2026-08-04T09:17:54.679,30340112,T0003,OBJ-F,SC-01,normal,68,114,67,112,28,holding,
2026-08-04T09:17:54.699,30360592,T0003,OBJ-F,SC-01,normal,68,114,67,112,28,holding,
2026-08-04T09:17:54.720,30380056,T0003,OBJ-F,SC-01,normal,68,114,67,112,28,holding,
2026-08-04T09:17:54.739,30400536,T0003,OBJ-F,SC-01,normal,68,114,67,112,28,holding,
2026-08-04T09:17:54.760,30421012,T0003,OBJ-F,SC-01,normal,68,114,67,112,28,holding,
2026-08-04T09:17:54.779,30440460,T0003,OBJ-F,SC-01,normal,68,114,67,112,28,holding,
2026-08-04T09:17:54.799,30460956,T0003,OBJ-F,SC-01,normal,68,114,67,112,28,holding,
2026-08-04T09:17:54.819,30480404,T0003,OBJ-F,SC-01,normal,68,114,67,112,28,holding,
2026-08-04T09:17:54.839,30500884,T0003,OBJ-F,SC-01,normal,68,114,67,112,28,holding,
2026-08-04T09:17:54.859,30520332,T0003,OBJ-F,SC-01,normal,68,114,67,112,28,holding,
2026-08-04T09:17:54.880,30540812,T0003,OBJ-F,SC-01,normal,68,114,67,112,28,holding,
2026-08-04T09:17:54.899,30560276,T0003,OBJ-F,SC-01,normal,68,114,67,112,28,holding,
2026-08-04T09:17:54.919,30580756,T0003,OBJ-F,SC-01,normal,68,114,67,112,28,holding,
2026-08-04T09:17:54.939,30600204,T0003,OBJ-F,SC-01,normal,68,115,67,112,28,holding,
2026-08-04T09:17:54.959,30620684,T0003,OBJ-F,SC-01,normal,68,115,67,112,28,holding,
2026-08-04T09:17:54.978,30640148,T0003,OBJ-F,SC-01,normal,68,116,67,112,28,holding,
2026-08-04T09:17:54.999,30660628,T0003,OBJ-F,SC-01,normal,68,116,67,112,28,holding,
2026-08-04T09:17:55.019,30680080,T0003,OBJ-F,SC-01,normal,68,117,67,112,27,holding,
2026-08-04T09:17:55.039,30700560,T0003,OBJ-F,SC-01,normal,68,117,67,112,28,holding,
2026-08-04T09:17:55.059,30720024,T0003,OBJ-F,SC-01,normal,68,118,67,112,28,holding,
2026-08-04T09:17:55.079,30740496,T0003,OBJ-F,SC-01,normal,68,119,67,112,28,holding,
2026-08-04T09:17:55.099,30760976,T0003,OBJ-F,SC-01,normal,68,120,67,112,28,holding,
2026-08-04T09:17:55.119,30780440,T0003,OBJ-F,SC-01,normal,68,120,67,112,28,holding,
2026-08-04T09:17:55.139,30800920,T0003,OBJ-F,SC-01,normal,68,121,67,112,28,holding,
2026-08-04T09:17:55.159,30820368,T0003,OBJ-F,SC-01,normal,68,121,67,112,28,holding,
2026-08-04T09:17:55.179,30840844,T0003,OBJ-F,SC-01,normal,68,121,67,112,28,holding,
2026-08-04T09:17:55.199,30860312,T0003,OBJ-F,SC-01,normal,68,121,67,112,28,holding,
2026-08-04T09:17:55.219,30880792,T0003,OBJ-F,SC-01,normal,68,121,67,112,28,holding,
2026-08-04T09:17:55.239,30900240,T0003,OBJ-F,SC-01,normal,68,121,67,112,27,holding,
2026-08-04T09:17:55.259,30920720,T0003,OBJ-F,SC-01,normal,68,121,67,112,28,holding,
2026-08-04T09:17:55.279,30940184,T0003,OBJ-F,SC-01,normal,68,121,67,112,28,holding,
2026-08-04T09:17:55.299,30960664,T0003,OBJ-F,SC-01,normal,68,122,67,112,28,holding,
2026-08-04T09:17:55.319,30980112,T0003,OBJ-F,SC-01,normal,68,122,67,112,28,holding,
2026-08-04T09:17:55.339,31000608,T0003,OBJ-F,SC-01,normal,68,123,67,112,28,holding,
2026-08-04T09:17:55.359,31020056,T0003,OBJ-F,SC-01,normal,68,124,67,112,28,holding,
2026-08-04T09:17:55.379,31040532,T0003,OBJ-F,SC-01,normal,68,124,67,112,28,holding,
2026-08-04T09:17:55.399,31061012,T0003,OBJ-F,SC-01,normal,68,125,67,112,28,holding,
2026-08-04T09:17:55.419,31080476,T0003,OBJ-F,SC-01,normal,68,126,67,112,28,holding,
2026-08-04T09:17:55.439,31100956,T0003,OBJ-F,SC-01,normal,68,127,67,112,28,holding,
2026-08-04T09:17:55.459,31120404,T0003,OBJ-F,SC-01,normal,68,128,67,112,28,holding,
2026-08-04T09:17:55.479,31140884,T0003,OBJ-F,SC-01,normal,68,128,67,112,28,holding,
2026-08-04T09:17:55.499,31160332,T0003,OBJ-F,SC-01,normal,68,129,67,112,28,holding,
2026-08-04T09:17:55.519,31180812,T0003,OBJ-F,SC-01,normal,68,130,67,112,28,holding,
2026-08-04T09:17:55.539,31200276,T0003,OBJ-F,SC-01,normal,68,131,67,112,28,holding,
2026-08-04T09:17:55.559,31220756,T0003,OBJ-F,SC-01,normal,68,132,67,112,28,holding,
2026-08-04T09:17:55.579,31240204,T0003,OBJ-F,SC-01,normal,68,133,67,112,28,holding,
2026-08-04T09:17:55.599,31260700,T0003,OBJ-F,SC-01,normal,68,134,67,112,28,holding,
2026-08-04T09:17:55.618,31280148,T0003,OBJ-F,SC-01,normal,68,135,67,112,28,holding,
2026-08-04T09:17:55.639,31300648,T0003,OBJ-F,SC-01,normal,68,136,67,112,28,holding,
2026-08-04T09:17:55.658,31320076,T0003,OBJ-F,SC-01,normal,68,137,67,112,28,holding,
2026-08-04T09:17:55.679,31340568,T0003,OBJ-F,SC-01,normal,68,137,67,112,28,holding,
2026-08-04T09:17:55.700,31360024,T0003,OBJ-F,SC-01,normal,68,138,67,112,28,holding,
2026-08-04T09:17:55.719,31380496,T0003,OBJ-F,SC-01,normal,68,138,67,112,27,holding,
2026-08-04T09:17:55.740,31400976,T0003,OBJ-F,SC-01,normal,68,139,67,112,28,holding,
2026-08-04T09:17:55.759,31420440,T0003,OBJ-F,SC-01,normal,68,139,67,112,28,holding,
2026-08-04T09:17:55.780,31440920,T0003,OBJ-F,SC-01,normal,68,139,67,112,28,holding,
2026-08-04T09:17:55.799,31460368,T0003,OBJ-F,SC-01,normal,68,139,67,112,28,holding,
2026-08-04T09:17:55.819,31480848,T0003,OBJ-F,SC-01,normal,68,139,67,112,28,holding,
2026-08-04T09:17:55.839,31500312,T0003,OBJ-F,SC-01,normal,68,139,67,112,28,holding,
2026-08-04T09:17:55.859,31520792,T0003,OBJ-F,SC-01,normal,68,139,67,112,28,holding,
2026-08-04T09:17:55.879,31540240,T0003,OBJ-F,SC-01,normal,68,139,67,112,28,holding,
2026-08-04T09:17:55.900,31560720,T0003,OBJ-F,SC-01,normal,68,139,67,112,28,holding,
2026-08-04T09:17:55.919,31580184,T0003,OBJ-F,SC-01,normal,68,139,67,112,28,holding,
2026-08-04T09:17:55.940,31600660,T0003,OBJ-F,SC-01,normal,68,139,67,112,28,holding,
2026-08-04T09:17:55.959,31620112,T0003,OBJ-F,SC-01,normal,68,139,67,112,28,holding,
2026-08-04T09:17:55.980,31640604,T0003,OBJ-F,SC-01,normal,68,139,67,112,28,holding,
2026-08-04T09:17:56.000,31660056,T0003,OBJ-F,SC-01,normal,68,139,67,112,28,holding,
2026-08-04T09:17:56.020,31680532,T0003,OBJ-F,SC-01,normal,68,139,67,112,28,holding,
2026-08-04T09:17:56.041,31701012,T0003,OBJ-F,SC-01,normal,68,139,67,112,28,holding,
2026-08-04T09:17:56.060,31720460,T0003,OBJ-F,SC-01,normal,68,139,67,112,28,holding,
2026-08-04T09:17:56.081,31740940,T0003,OBJ-F,SC-01,normal,68,140,67,112,28,holding,
2026-08-04T09:17:56.100,31760408,T0003,OBJ-F,SC-01,normal,68,140,67,112,28,holding,
2026-08-04T09:17:56.121,31780884,T0003,OBJ-F,SC-01,normal,68,140,67,112,28,holding,
2026-08-04T09:17:56.140,31800336,T0003,OBJ-F,SC-01,normal,68,140,67,112,28,holding,
2026-08-04T09:17:56.161,31820812,T0003,OBJ-F,SC-01,normal,68,141,67,112,28,holding,
2026-08-04T09:17:56.180,31840280,T0003,OBJ-F,SC-01,normal,68,141,67,112,28,holding,
2026-08-04T09:17:56.201,31860776,T0003,OBJ-F,SC-01,normal,68,142,67,112,28,holding,
2026-08-04T09:17:56.220,31880208,T0003,OBJ-F,SC-01,normal,68,143,67,112,28,holding,
2026-08-04T09:17:56.241,31900700,T0003,OBJ-F,SC-01,normal,68,143,67,112,28,holding,
2026-08-04T09:17:56.260,31920152,T0003,OBJ-F,SC-01,normal,68,144,67,112,28,holding,
2026-08-04T09:17:56.281,31940628,T0003,OBJ-F,SC-01,normal,68,145,67,112,28,holding,
2026-08-04T09:17:56.301,31960084,T0003,OBJ-F,SC-01,normal,68,145,67,112,28,holding,
2026-08-04T09:17:56.321,31980556,T0003,OBJ-F,SC-01,normal,68,146,67,112,28,holding,
2026-08-04T09:17:56.341,32000012,T0003,OBJ-F,SC-01,normal,68,147,67,112,28,holding,
2026-08-04T09:17:56.361,32020500,T0003,OBJ-F,SC-01,normal,68,147,67,112,28,holding,
2026-08-04T09:17:56.382,32040980,T0003,OBJ-F,SC-01,normal,68,147,67,112,28,holding,
2026-08-04T09:17:56.401,32060444,T0003,OBJ-F,SC-01,normal,68,147,67,112,28,holding,
2026-08-04T09:17:56.422,32080924,T0003,OBJ-F,SC-01,normal,68,148,67,112,28,holding,
2026-08-04T09:17:56.459,32100368,T0003,OBJ-F,SC-01,normal,68,148,67,112,28,holding,
2026-08-04T09:17:56.461,32120848,T0003,OBJ-F,SC-01,normal,68,148,67,112,28,holding,
2026-08-04T09:17:56.499,32140312,T0003,OBJ-F,SC-01,normal,68,148,67,112,28,holding,
2026-08-04T09:17:56.502,32160812,T0003,OBJ-F,SC-01,normal,68,148,67,112,28,holding,
2026-08-04T09:17:56.540,32180240,T0003,OBJ-F,SC-01,normal,68,148,67,112,28,holding,
2026-08-04T09:17:56.542,32200732,T0003,OBJ-F,SC-01,normal,68,148,67,112,28,holding,
2026-08-04T09:17:56.579,32220184,T0003,OBJ-F,SC-01,normal,68,148,67,112,28,holding,
2026-08-04T09:17:56.582,32240656,T0003,OBJ-F,SC-01,normal,68,148,67,112,28,holding,
2026-08-04T09:17:56.619,32260108,T0003,OBJ-F,SC-01,normal,68,148,67,112,28,holding,
2026-08-04T09:17:56.639,32280600,T0003,OBJ-F,SC-01,normal,68,148,67,112,28,holding,
2026-08-04T09:17:56.642,32300052,T0003,OBJ-F,SC-01,normal,68,149,67,112,28,holding,
2026-08-04T09:17:56.679,32320524,T0003,OBJ-F,SC-01,normal,68,149,67,112,28,holding,
2026-08-04T09:17:56.699,32341020,T0003,OBJ-F,SC-01,normal,68,150,67,112,28,holding,
2026-08-04T09:17:56.719,32360468,T0003,OBJ-F,SC-01,normal,68,150,67,112,28,holding,
2026-08-04T09:17:56.739,32380944,T0003,OBJ-F,SC-01,normal,68,150,67,112,28,holding,
2026-08-04T09:17:56.759,32400412,T0003,OBJ-F,SC-01,normal,68,151,67,112,28,holding,
2026-08-04T09:17:56.779,32420888,T0003,OBJ-F,SC-01,normal,68,151,67,112,28,holding,
2026-08-04T09:17:56.799,32440336,T0003,OBJ-F,SC-01,normal,68,151,67,112,28,holding,
2026-08-04T09:17:56.819,32460824,T0003,OBJ-F,SC-01,normal,68,151,67,112,28,holding,
2026-08-04T09:17:56.839,32480276,T0003,OBJ-F,SC-01,normal,68,152,67,112,28,holding,
2026-08-04T09:17:56.859,32500752,T0003,OBJ-F,SC-01,normal,68,152,67,112,28,holding,
2026-08-04T09:17:56.879,32520204,T0003,OBJ-F,SC-01,normal,68,153,67,112,28,holding,
2026-08-04T09:17:56.899,32540696,T0003,OBJ-F,SC-01,normal,68,153,67,112,28,holding,
2026-08-04T09:17:56.919,32560152,T0003,OBJ-F,SC-01,normal,68,153,67,112,28,holding,
2026-08-04T09:17:56.939,32580624,T0003,OBJ-F,SC-01,normal,68,153,67,112,28,holding,
2026-08-04T09:17:56.959,32600080,T0003,OBJ-F,SC-01,normal,68,154,67,112,28,holding,
2026-08-04T09:17:56.980,32620572,T0003,OBJ-F,SC-01,normal,68,154,67,112,28,holding,
2026-08-04T09:17:56.999,32640024,T0003,OBJ-F,SC-01,normal,68,154,67,112,28,holding,
2026-08-04T09:17:57.019,32660496,T0003,OBJ-F,SC-01,normal,68,155,67,112,28,holding,
2026-08-04T09:17:57.039,32680976,T0003,OBJ-F,SC-01,normal,68,155,67,112,28,holding,
2026-08-04T09:17:57.059,32700444,T0003,OBJ-F,SC-01,normal,68,155,67,112,28,holding,
2026-08-04T09:17:57.078,32720924,T0003,OBJ-F,SC-01,normal,68,155,67,112,28,holding,
2026-08-04T09:17:57.099,32740372,T0003,OBJ-F,SC-01,normal,68,155,67,112,28,holding,
2026-08-04T09:17:57.118,32760848,T0003,OBJ-F,SC-01,normal,68,155,67,112,28,holding,
2026-08-04T09:17:57.139,32780304,T0003,OBJ-F,SC-01,normal,68,155,67,112,28,holding,
2026-08-04T09:17:57.159,32800792,T0003,OBJ-F,SC-01,normal,68,156,67,112,28,holding,
2026-08-04T09:17:57.179,32820244,T0003,OBJ-F,SC-01,normal,68,156,67,112,28,holding,
2026-08-04T09:17:57.199,32840732,T0003,OBJ-F,SC-01,normal,68,156,67,112,28,holding,
2026-08-04T09:17:57.220,32860184,T0003,OBJ-F,SC-01,normal,68,156,67,112,28,holding,
2026-08-04T09:17:57.239,32880656,T0003,OBJ-F,SC-01,normal,68,155,67,112,28,holding,
2026-08-04T09:17:57.259,32900120,T0003,OBJ-F,SC-01,normal,68,156,67,112,28,holding,
2026-08-04T09:17:57.280,32920596,T0003,OBJ-F,SC-01,normal,68,155,67,112,28,holding,
2026-08-04T09:17:57.299,32940048,T0003,OBJ-F,SC-01,normal,68,156,67,112,28,holding,
2026-08-04T09:17:57.320,32960536,T0003,OBJ-F,SC-01,normal,68,155,67,112,28,holding,
2026-08-04T09:17:57.339,32981016,T0003,OBJ-F,SC-01,normal,68,156,67,112,28,holding,
2026-08-04T09:17:57.359,33000480,T0003,OBJ-F,SC-01,normal,68,156,67,112,28,holding,
2026-08-04T09:17:57.379,33020984,T0003,OBJ-F,SC-01,normal,68,156,67,112,28,holding,
2026-08-04T09:17:57.399,33040404,T0003,OBJ-F,SC-01,normal,68,156,67,112,28,holding,
2026-08-04T09:17:57.419,33060880,T0003,OBJ-F,SC-01,normal,68,156,67,112,28,holding,
2026-08-04T09:17:57.439,33080344,T0003,OBJ-F,SC-01,normal,68,156,67,112,28,holding,
2026-08-04T09:17:57.459,33100824,T0003,OBJ-F,SC-01,normal,68,156,67,112,28,holding,
2026-08-04T09:17:57.479,33120292,T0003,OBJ-F,SC-01,normal,68,156,67,112,28,holding,
2026-08-04T09:17:57.499,33140764,T0003,OBJ-F,SC-01,normal,68,156,67,112,28,holding,
2026-08-04T09:17:57.519,33160228,T0003,OBJ-F,SC-01,normal,68,156,67,112,28,holding,
2026-08-04T09:17:57.539,33180692,T0003,OBJ-F,SC-01,normal,68,156,67,112,28,holding,
2026-08-04T09:17:57.559,33200152,T0003,OBJ-F,SC-01,normal,68,156,67,112,28,holding,
2026-08-04T09:17:57.579,33220636,T0003,OBJ-F,SC-01,normal,68,156,67,112,28,holding,
2026-08-04T09:17:57.599,33240088,T0003,OBJ-F,SC-01,normal,68,156,67,112,28,holding,
2026-08-04T09:17:57.620,33260556,T0003,OBJ-F,SC-01,normal,68,156,67,112,28,holding,
2026-08-04T09:17:57.639,33280012,T0003,OBJ-F,SC-01,normal,68,156,67,112,28,holding,
2026-08-04T09:17:57.660,33300500,T0003,OBJ-F,SC-01,normal,68,156,67,112,28,holding,
2026-08-04T09:17:57.679,33320976,T0003,OBJ-F,SC-01,normal,68,156,67,112,28,holding,
2026-08-04T09:17:57.700,33340448,T0003,OBJ-F,SC-01,normal,68,156,67,112,28,holding,
2026-08-04T09:17:57.719,33360920,T0003,OBJ-F,SC-01,normal,68,156,67,112,28,holding,
2026-08-04T09:17:57.740,33380544,T0003,OBJ-F,SC-01,normal,68,156,67,112,28,holding,
2026-08-04T09:17:57.759,33400856,T0003,OBJ-F,SC-01,normal,68,156,67,112,28,holding,
2026-08-04T09:17:57.779,33420560,T0003,OBJ-F,SC-01,normal,68,156,67,112,28,holding,
2026-08-04T09:17:57.799,33440996,T0003,OBJ-F,SC-01,normal,68,156,67,112,28,holding,
2026-08-04T09:17:57.819,33460396,T0003,OBJ-F,SC-01,normal,68,156,67,112,28,holding,
2026-08-04T09:17:57.839,33480728,T0003,OBJ-F,SC-01,normal,68,156,67,112,28,holding,
2026-08-04T09:17:57.859,33500184,T0003,OBJ-F,SC-01,normal,68,156,67,112,28,holding,
2026-08-04T09:17:57.879,33520656,T0003,OBJ-F,SC-01,normal,68,156,67,112,28,holding,
2026-08-04T09:17:57.899,33540124,T0003,OBJ-F,SC-01,normal,68,156,67,112,28,holding,
2026-08-04T09:17:57.920,33560596,T0003,OBJ-F,SC-01,normal,68,156,67,112,28,holding,
2026-08-04T09:17:57.939,33580044,T0003,OBJ-F,SC-01,normal,68,156,67,112,28,holding,
2026-08-04T09:17:57.960,33600524,T0003,OBJ-F,SC-01,normal,68,156,67,112,28,holding,
2026-08-04T09:17:57.979,33621016,T0003,OBJ-F,SC-01,normal,68,156,67,112,28,holding,
2026-08-04T09:17:57.999,33640464,T0003,OBJ-F,SC-01,normal,68,156,67,112,28,holding,
2026-08-04T09:17:58.019,33660956,T0003,OBJ-F,SC-01,normal,68,156,67,112,28,holding,
2026-08-04T09:17:58.040,33680408,T0003,OBJ-F,SC-01,normal,68,156,67,112,28,holding,
2026-08-04T09:17:58.059,33700880,T0003,OBJ-F,SC-01,normal,68,156,67,112,28,holding,
2026-08-04T09:17:58.079,33720332,T0003,OBJ-F,SC-01,normal,68,156,67,112,28,holding,
2026-08-04T09:17:58.099,33740824,T0003,OBJ-F,SC-01,normal,68,156,67,112,28,holding,
2026-08-04T09:17:58.119,33760276,T0003,OBJ-F,SC-01,normal,68,156,67,112,28,holding,
2026-08-04T09:17:58.138,33780764,T0003,OBJ-F,SC-01,normal,68,156,67,112,28,holding,
2026-08-04T09:17:58.159,33800216,T0003,OBJ-F,SC-01,normal,68,156,67,112,28,holding,
2026-08-04T09:17:58.179,33820688,T0003,OBJ-F,SC-01,normal,68,156,67,112,28,holding,
2026-08-04T09:17:58.199,33840140,T0003,OBJ-F,SC-01,normal,68,156,67,112,28,holding,
2026-08-04T09:17:58.218,33860632,T0003,OBJ-F,SC-01,normal,68,156,67,112,28,holding,
2026-08-04T09:17:58.239,33880084,T0003,OBJ-F,SC-01,normal,68,156,67,112,28,holding,
2026-08-04T09:17:58.260,33900556,T0003,OBJ-F,SC-01,normal,68,156,67,112,28,holding,
2026-08-04T09:17:58.279,33920028,T0003,OBJ-F,SC-01,normal,68,156,67,112,28,holding,
2026-08-04T09:17:58.300,33940500,T0003,OBJ-F,SC-01,normal,68,156,67,112,28,holding,
2026-08-04T09:17:58.319,33960972,T0003,OBJ-F,SC-01,normal,68,156,67,112,28,holding,
2026-08-04T09:17:58.340,33980444,T0003,OBJ-F,SC-01,normal,68,156,67,112,28,holding,
2026-08-04T09:17:58.359,34000916,T0003,OBJ-F,SC-01,normal,68,156,67,112,28,holding,
2026-08-04T09:17:58.379,34020368,T0003,OBJ-F,SC-01,normal,68,156,67,112,28,holding,
2026-08-04T09:17:58.399,34040860,T0003,OBJ-F,SC-01,normal,68,156,67,112,28,holding,
2026-08-04T09:17:58.419,34060312,T0003,OBJ-F,SC-01,normal,68,156,67,112,28,holding,
2026-08-04T09:17:58.439,34080784,T0003,OBJ-F,SC-01,normal,68,156,67,112,28,holding,
2026-08-04T09:17:58.460,34100236,T0003,OBJ-F,SC-01,normal,68,156,67,112,28,holding,
2026-08-04T09:17:58.479,34120728,T0003,OBJ-F,SC-01,normal,68,156,67,112,28,holding,
2026-08-04T09:17:58.499,34140180,T0003,OBJ-F,SC-01,normal,68,156,67,112,28,holding,
2026-08-04T09:17:58.518,34160652,T0003,OBJ-F,SC-01,normal,68,156,67,112,28,holding,
2026-08-04T09:17:58.538,34180120,T0003,OBJ-F,SC-01,normal,68,156,67,112,28,holding,
2026-08-04T09:17:58.559,34200592,T0003,OBJ-F,SC-01,normal,68,156,67,112,28,holding,
2026-08-04T09:17:58.579,34220048,T0003,OBJ-F,SC-01,normal,68,156,67,112,28,holding,
2026-08-04T09:17:58.599,34240540,T0003,OBJ-F,SC-01,normal,68,156,67,112,28,holding,
2026-08-04T09:17:58.619,34261012,T0003,OBJ-F,SC-01,normal,68,156,67,113,28,holding,
2026-08-04T09:17:58.639,34280464,T0003,OBJ-F,SC-01,normal,68,156,67,114,28,holding,
2026-08-04T09:17:58.659,34300940,T0003,OBJ-F,SC-01,normal,68,156,67,114,28,holding,
2026-08-04T09:17:58.679,34320412,T0003,OBJ-F,SC-01,normal,68,156,67,115,28,holding,
2026-08-04T09:17:58.699,34340884,T0003,OBJ-F,SC-01,normal,68,156,67,115,28,holding,
2026-08-04T09:17:58.719,34360336,T0003,OBJ-F,SC-01,normal,68,156,67,115,28,holding,
2026-08-04T09:17:58.739,34380828,T0003,OBJ-F,SC-01,normal,68,156,67,116,28,holding,
2026-08-04T09:17:58.759,34400280,T0003,OBJ-F,SC-01,normal,68,156,67,116,28,holding,
2026-08-04T09:17:58.779,34420756,T0003,OBJ-F,SC-01,normal,68,156,67,116,28,holding,
2026-08-04T09:17:58.799,34440208,T0003,OBJ-F,SC-01,normal,68,156,67,116,28,holding,
2026-08-04T09:17:58.819,34460700,T0003,OBJ-F,SC-01,normal,68,156,67,117,28,holding,
2026-08-04T09:17:58.839,34480152,T0003,OBJ-F,SC-01,normal,68,156,67,117,28,holding,
2026-08-04T09:17:58.859,34500624,T0003,OBJ-F,SC-01,normal,68,156,67,117,28,holding,
2026-08-04T09:17:58.879,34520080,T0003,OBJ-F,SC-01,normal,68,156,67,117,28,holding,
2026-08-04T09:17:58.900,34540568,T0003,OBJ-F,SC-01,normal,68,156,67,117,28,holding,
2026-08-04T09:17:58.919,34560024,T0003,OBJ-F,SC-01,normal,68,156,67,117,28,holding,
2026-08-04T09:17:58.939,34580496,T0003,OBJ-F,SC-01,normal,68,156,67,117,28,holding,
2026-08-04T09:17:58.959,34600984,T0003,OBJ-F,SC-01,normal,68,156,67,117,28,holding,
2026-08-04T09:17:58.979,34620436,T0003,OBJ-F,SC-01,normal,68,156,67,118,28,holding,
2026-08-04T09:17:58.999,34640912,T0003,OBJ-F,SC-01,normal,68,156,67,119,28,holding,
2026-08-04T09:17:59.019,34660364,T0003,OBJ-F,SC-01,normal,68,156,67,120,28,holding,
2026-08-04T09:17:59.039,34680856,T0003,OBJ-F,SC-01,normal,68,156,67,120,28,holding,
2026-08-04T09:17:59.059,34700312,T0003,OBJ-F,SC-01,normal,68,156,67,121,28,holding,
2026-08-04T09:17:59.079,34720788,T0003,OBJ-F,SC-01,normal,68,156,67,121,28,holding,
2026-08-04T09:17:59.099,34740240,T0003,OBJ-F,SC-01,normal,68,156,67,122,28,holding,
2026-08-04T09:17:59.119,34760732,T0003,OBJ-F,SC-01,normal,68,156,67,122,28,holding,
2026-08-04T09:17:59.139,34780184,T0003,OBJ-F,SC-01,normal,68,156,67,122,28,holding,
2026-08-04T09:17:59.159,34800656,T0003,OBJ-F,SC-01,normal,68,156,67,123,28,holding,
2026-08-04T09:17:59.179,34820112,T0003,OBJ-F,SC-01,normal,68,156,67,124,28,holding,
2026-08-04T09:17:59.199,34840600,T0003,OBJ-F,SC-01,normal,68,156,67,125,28,holding,
2026-08-04T09:17:59.219,34860052,T0003,OBJ-F,SC-01,normal,68,156,67,125,28,holding,
2026-08-04T09:17:59.240,34880528,T0003,OBJ-F,SC-01,normal,68,156,67,126,28,holding,
2026-08-04T09:17:59.259,34901016,T0003,OBJ-F,SC-01,normal,68,156,67,126,28,holding,
2026-08-04T09:17:59.279,34920468,T0003,OBJ-F,SC-01,normal,68,156,67,126,28,holding,
2026-08-04T09:17:59.299,34940940,T0003,OBJ-F,SC-01,normal,68,156,67,126,28,holding,
2026-08-04T09:17:59.319,34960412,T0003,OBJ-F,SC-01,normal,68,156,67,126,28,holding,
2026-08-04T09:17:59.339,34980884,T0003,OBJ-F,SC-01,normal,68,156,67,126,28,holding,
2026-08-04T09:17:59.359,35000336,T0003,OBJ-F,SC-01,normal,68,156,67,126,28,holding,
2026-08-04T09:17:59.379,35020812,T0003,OBJ-F,SC-01,normal,68,156,67,126,28,holding,
2026-08-04T09:17:59.399,35040280,T0003,OBJ-F,SC-01,normal,68,156,67,126,28,holding,
2026-08-04T09:17:59.418,35060756,T0003,OBJ-F,SC-01,normal,68,156,67,126,28,holding,
2026-08-04T09:17:59.439,35080208,T0003,OBJ-F,SC-01,normal,68,156,67,126,28,holding,
2026-08-04T09:17:59.459,35100700,T0003,OBJ-F,SC-01,normal,68,156,67,127,28,holding,
2026-08-04T09:17:59.479,35120156,T0003,OBJ-F,SC-01,normal,68,156,67,128,28,holding,
2026-08-04T09:17:59.498,35140632,T0003,OBJ-F,SC-01,normal,68,156,67,129,28,holding,
2026-08-04T09:17:59.519,35160100,T0003,OBJ-F,SC-01,normal,68,156,67,131,28,holding,
2026-08-04T09:17:59.540,35180560,T0003,OBJ-F,SC-01,normal,68,156,67,132,28,holding,
2026-08-04T09:17:59.559,35200016,T0003,OBJ-F,SC-01,normal,68,156,67,134,28,holding,
2026-08-04T09:17:59.580,35220504,T0003,OBJ-F,SC-01,normal,68,156,67,136,28,holding,
2026-08-04T09:17:59.599,35240980,T0003,OBJ-F,SC-01,normal,68,156,67,138,28,holding,
2026-08-04T09:17:59.619,35260432,T0003,OBJ-F,SC-01,normal,68,156,67,140,28,holding,
2026-08-04T09:17:59.639,35280924,T0003,OBJ-F,SC-01,normal,68,156,67,141,28,holding,
2026-08-04T09:17:59.659,35300376,T0003,OBJ-F,SC-01,normal,68,156,67,142,28,holding,
2026-08-04T09:17:59.679,35320852,T0003,OBJ-F,SC-01,normal,68,156,67,142,28,holding,
2026-08-04T09:17:59.700,35340304,T0003,OBJ-F,SC-01,normal,68,156,67,142,28,holding,
2026-08-04T09:17:59.718,35360780,T0003,OBJ-F,SC-01,normal,68,156,67,142,28,holding,
2026-08-04T09:17:59.739,35380252,T0003,OBJ-F,SC-01,normal,68,156,67,142,28,holding,
2026-08-04T09:17:59.759,35400724,T0003,OBJ-F,SC-01,normal,68,156,67,142,28,holding,
2026-08-04T09:17:59.779,35420180,T0003,OBJ-F,SC-01,normal,68,156,67,142,28,holding,
2026-08-04T09:17:59.799,35440652,T0003,OBJ-F,SC-01,normal,68,156,67,142,28,holding,
2026-08-04T09:17:59.819,35460140,T0003,OBJ-F,SC-01,normal,68,156,67,142,28,holding,
2026-08-04T09:17:59.840,35480596,T0003,OBJ-F,SC-01,normal,68,156,67,142,28,holding,
2026-08-04T09:17:59.859,35500052,T0003,OBJ-F,SC-01,normal,68,156,67,142,28,holding,
2026-08-04T09:17:59.880,35520524,T0003,OBJ-F,SC-01,normal,68,156,67,143,28,holding,
2026-08-04T09:17:59.899,35541016,T0003,OBJ-F,SC-01,normal,68,156,67,145,28,holding,
2026-08-04T09:17:59.920,35560472,T0003,OBJ-F,SC-01,normal,68,156,67,146,28,holding,
2026-08-04T09:17:59.939,35580944,T0003,OBJ-F,SC-01,normal,68,156,67,147,28,holding,
2026-08-04T09:17:59.959,35600400,T0003,OBJ-F,SC-01,normal,68,156,67,148,28,holding,
2026-08-04T09:17:59.979,35620892,T0003,OBJ-F,SC-01,normal,68,156,67,150,28,holding,
2026-08-04T09:17:59.999,35640344,T0003,OBJ-F,SC-01,normal,68,156,67,151,28,holding,
2026-08-04T09:18:00.019,35660820,T0003,OBJ-F,SC-01,normal,68,156,67,152,28,holding,
2026-08-04T09:18:00.039,35680272,T0003,OBJ-F,SC-01,normal,68,156,67,152,28,holding,
2026-08-04T09:18:00.059,35700764,T0003,OBJ-F,SC-01,normal,68,156,67,153,28,holding,
2026-08-04T09:18:00.079,35720220,T0003,OBJ-F,SC-01,normal,68,156,67,153,28,holding,
2026-08-04T09:18:00.099,35740692,T0003,OBJ-F,SC-01,normal,68,156,67,154,28,holding,
2026-08-04T09:18:00.119,35760152,T0003,OBJ-F,SC-01,normal,68,156,67,154,28,holding,
2026-08-04T09:18:00.139,35780620,T0003,OBJ-F,SC-01,normal,68,156,67,155,28,open,
2026-08-04T09:18:00.159,35800088,T0003,OBJ-F,SC-01,normal,68,156,67,155,28,open,
2026-08-04T09:18:00.180,35820568,T0003,OBJ-F,SC-01,normal,68,156,67,156,28,open,
2026-08-04T09:18:00.199,35840012,T0003,OBJ-F,SC-01,normal,68,156,67,157,28,open,
2026-08-04T09:18:00.220,35860492,T0003,OBJ-F,SC-01,normal,68,156,67,158,28,open,
2026-08-04T09:18:00.239,35880972,T0003,OBJ-F,SC-01,normal,68,156,67,159,28,open,
2026-08-04T09:18:00.259,35900432,T0003,OBJ-F,SC-01,normal,68,156,67,160,28,open,
2026-08-04T09:18:00.279,35920912,T0003,OBJ-F,SC-01,normal,68,156,67,162,28,open,
2026-08-04T09:18:00.299,35940372,T0003,OBJ-F,SC-01,normal,68,156,67,162,28,open,
2026-08-04T09:18:00.319,35960856,T0003,OBJ-F,SC-01,normal,68,156,67,163,28,open,
2026-08-04T09:18:00.339,35980300,T0003,OBJ-F,SC-01,normal,68,156,67,164,28,open,
2026-08-04T09:18:00.359,36000784,T0003,OBJ-F,SC-01,normal,68,156,67,165,28,open,
2026-08-04T09:18:00.379,36020260,T0003,OBJ-F,SC-01,normal,68,156,67,166,28,open,
2026-08-04T09:18:00.399,36040724,T0003,OBJ-F,SC-01,normal,68,156,67,167,28,open,
2026-08-04T09:18:00.419,36060172,T0003,OBJ-F,SC-01,normal,68,156,67,167,28,open,
2026-08-04T09:18:00.439,36080668,T0003,OBJ-F,SC-01,normal,68,156,67,167,28,open,
2026-08-04T09:18:00.459,36100112,T0003,OBJ-F,SC-01,normal,68,156,67,167,28,open,
2026-08-04T09:18:00.479,36120588,T0003,OBJ-F,SC-01,normal,68,156,67,167,28,open,
2026-08-04T09:18:00.499,36140052,T0003,OBJ-F,SC-01,normal,68,156,67,167,28,open,
2026-08-04T09:18:00.519,36160532,T0003,OBJ-F,SC-01,normal,68,156,67,167,28,open,
2026-08-04T09:18:00.538,36181012,T0003,OBJ-F,SC-01,normal,68,156,67,167,28,open,
2026-08-04T09:18:00.559,36200472,T0003,OBJ-F,SC-01,normal,68,156,67,167,28,open,
2026-08-04T09:18:00.578,36220952,T0003,OBJ-F,SC-01,normal,68,156,67,168,28,open,
2026-08-04T09:18:00.599,36240396,T0003,OBJ-F,SC-01,normal,68,156,67,168,28,open,
2026-08-04T09:18:00.619,36260880,T0003,OBJ-F,SC-01,normal,68,156,67,169,28,open,
2026-08-04T09:18:00.639,36280340,T0003,OBJ-F,SC-01,normal,68,156,67,169,28,open,
2026-08-04T09:18:00.659,36300820,T0003,OBJ-F,SC-01,normal,68,156,67,170,28,open,
2026-08-04T09:18:00.679,36320280,T0003,OBJ-F,SC-01,normal,68,156,67,170,28,open,
2026-08-04T09:18:00.699,36340760,T0003,OBJ-F,SC-01,normal,68,156,67,170,28,open,
2026-08-04T09:18:00.719,36360208,T0003,OBJ-F,SC-01,normal,68,156,67,171,28,open,
2026-08-04T09:18:00.739,36380688,T0003,OBJ-F,SC-01,normal,68,156,67,172,28,open,
2026-08-04T09:18:00.759,36400152,T0003,OBJ-F,SC-01,normal,68,156,67,172,28,open,
2026-08-04T09:18:00.779,36420632,T0003,OBJ-F,SC-01,normal,68,156,67,173,28,open,
2026-08-04T09:18:00.799,36440076,T0003,OBJ-F,SC-01,normal,68,156,67,174,28,open,
2026-08-04T09:18:00.819,36460556,T0003,OBJ-F,SC-01,normal,68,156,67,175,28,open,
2026-08-04T09:18:00.839,36480020,T0003,OBJ-F,SC-01,normal,68,156,67,176,28,open,
2026-08-04T09:18:00.859,36500496,T0003,OBJ-F,SC-01,normal,68,156,67,176,28,open,
2026-08-04T09:18:00.879,36520976,T0003,OBJ-F,SC-01,normal,68,156,67,177,28,open,
2026-08-04T09:18:00.899,36540436,T0003,OBJ-F,SC-01,normal,68,156,67,177,28,open,
2026-08-04T09:18:00.919,36560920,T0003,OBJ-F,SC-01,normal,68,156,67,178,28,open,
2026-08-04T09:18:00.939,36580364,T0003,OBJ-F,SC-01,normal,68,156,67,178,28,open,
2026-08-04T09:18:00.959,36600844,T0003,OBJ-F,SC-01,normal,68,156,67,178,28,open,
2026-08-04T09:18:00.979,36620308,T0003,OBJ-F,SC-01,normal,68,156,67,179,28,open,
2026-08-04T09:18:00.999,36640788,T0003,OBJ-F,SC-01,normal,68,156,67,179,28,open,
2026-08-04T09:18:01.019,36660236,T0003,OBJ-F,SC-01,normal,68,156,67,179,28,open,
2026-08-04T09:18:01.039,36680716,T0003,OBJ-F,SC-01,normal,68,156,67,179,28,open,
2026-08-04T09:18:01.059,36700180,T0003,OBJ-F,SC-01,normal,68,156,67,179,28,open,
2026-08-04T09:18:01.079,36720660,T0003,OBJ-F,SC-01,normal,68,156,67,179,28,open,
2026-08-04T09:18:01.099,36740120,T0003,OBJ-F,SC-01,normal,68,156,67,179,28,open,
2026-08-04T09:18:01.119,36760600,T0003,OBJ-F,SC-01,normal,68,156,67,179,28,open,
2026-08-04T09:18:01.139,36780048,T0003,OBJ-F,SC-01,normal,68,156,67,179,28,open,
2026-08-04T09:18:01.159,36800528,T0003,OBJ-F,SC-01,normal,68,156,67,179,28,open,
2026-08-04T09:18:01.179,36821008,T0003,OBJ-F,SC-01,normal,68,156,67,179,28,open,
2026-08-04T09:18:01.199,36840472,T0003,OBJ-F,SC-01,normal,68,156,67,179,28,open,
2026-08-04T09:18:01.219,36860952,T0003,OBJ-F,SC-01,normal,68,156,67,179,28,open,
2026-08-04T09:18:01.239,36880416,T0003,OBJ-F,SC-01,normal,68,156,67,179,28,open,
2026-08-04T09:18:01.259,36900876,T0003,OBJ-F,SC-01,normal,68,156,67,179,28,open,
2026-08-04T09:18:01.279,36920340,T0003,OBJ-F,SC-01,normal,68,156,67,179,28,open,
2026-08-04T09:18:01.299,36940816,T0003,OBJ-F,SC-01,normal,68,156,67,179,28,open,
2026-08-04T09:18:01.319,36960280,T0003,OBJ-F,SC-01,normal,68,156,67,179,28,open,
2026-08-04T09:18:01.339,36980756,T0003,OBJ-F,SC-01,normal,68,156,67,179,28,open,
2026-08-04T09:18:01.359,37000204,T0003,OBJ-F,SC-01,normal,68,156,67,179,28,open,
2026-08-04T09:18:01.379,37020684,T0003,OBJ-F,SC-01,normal,68,156,67,179,28,open,
2026-08-04T09:18:01.399,37040148,T0003,OBJ-F,SC-01,normal,68,156,67,179,28,open,
2026-08-04T09:18:01.419,37060624,T0003,OBJ-F,SC-01,normal,68,156,67,179,28,open,
2026-08-04T09:18:01.439,37080088,T0003,OBJ-F,SC-01,normal,68,156,67,179,28,open,
2026-08-04T09:18:01.460,37100568,T0003,OBJ-F,SC-01,normal,68,156,67,179,28,open,
2026-08-04T09:18:01.479,37120016,T0003,OBJ-F,SC-01,normal,68,156,67,179,28,open,
2026-08-04T09:18:01.499,37140492,T0003,OBJ-F,SC-01,normal,68,156,67,179,28,open,
2026-08-04T09:18:01.520,37160972,T0003,OBJ-F,SC-01,normal,68,156,67,179,28,open,
2026-08-04T09:18:01.540,37180448,T0003,OBJ-F,SC-01,normal,68,156,67,179,28,open,
2026-08-04T09:18:01.560,37200916,T0003,OBJ-F,SC-01,normal,68,156,67,179,28,open,
2026-08-04T09:18:01.580,37220376,T0003,OBJ-F,SC-01,normal,68,156,67,179,28,open,
2026-08-04T09:18:01.600,37240856,T0003,OBJ-F,SC-01,normal,68,156,67,179,28,open,
2026-08-04T09:18:01.620,37260304,T0003,OBJ-F,SC-01,normal,68,156,67,179,28,open,
2026-08-04T09:18:01.640,37280784,T0003,OBJ-F,SC-01,normal,68,156,67,179,28,open,
2026-08-04T09:18:01.660,37300248,T0003,OBJ-F,SC-01,normal,68,156,67,179,28,open,
2026-08-04T09:18:01.681,37320724,T0003,OBJ-F,SC-01,normal,68,156,67,179,28,open,
2026-08-04T09:18:01.700,37340172,T0003,OBJ-F,SC-01,normal,68,156,67,179,28,open,
2026-08-04T09:18:01.720,37360652,T0003,OBJ-F,SC-01,normal,68,156,67,179,28,open,
2026-08-04T09:18:01.740,37380116,T0003,OBJ-F,SC-01,normal,68,156,67,179,28,open,
2026-08-04T09:18:01.761,37400592,T0003,OBJ-F,SC-01,normal,68,156,67,179,28,open,
2026-08-04T09:18:01.780,37420056,T0003,OBJ-F,SC-01,normal,68,156,67,179,28,open,
2026-08-04T09:18:01.801,37440536,T0003,OBJ-F,SC-01,normal,68,156,67,179,28,open,
2026-08-04T09:18:01.839,37461016,T0003,OBJ-F,SC-01,normal,68,156,67,179,28,open,
2026-08-04T09:18:01.841,37480464,T0003,OBJ-F,SC-01,normal,68,156,67,179,28,open,
2026-08-04T09:18:01.880,37500944,T0003,OBJ-F,SC-01,normal,68,156,67,179,28,open,
2026-08-04T09:18:01.881,37520408,T0003,OBJ-F,SC-01,normal,68,156,67,180,28,open,
2026-08-04T09:18:01.920,37540884,T0003,OBJ-F,SC-01,normal,68,156,67,180,28,open,
2026-08-04T09:18:01.921,37560332,T0003,OBJ-F,SC-01,normal,68,156,67,180,28,open,
2026-08-04T09:18:01.959,37580828,T0003,OBJ-F,SC-01,normal,68,156,67,180,28,open,
2026-08-04T09:18:01.961,37600272,T0003,OBJ-F,SC-01,normal,68,156,67,180,28,open,
2026-08-04T09:18:01.999,37620752,T0003,OBJ-F,SC-01,normal,68,156,67,180,28,open,
2026-08-04T09:18:02.001,37640216,T0003,OBJ-F,SC-01,normal,68,156,67,180,28,open,
2026-08-04T09:18:02.040,37660696,T0003,OBJ-F,SC-01,normal,68,156,67,180,28,open,
2026-08-04T09:18:02.041,37680140,T0003,OBJ-F,SC-01,normal,68,156,67,180,28,open,
2026-08-04T09:18:02.079,37700620,T0003,OBJ-F,SC-01,normal,68,156,67,180,28,open,
2026-08-04T09:18:02.081,37720084,T0003,OBJ-F,SC-01,normal,68,156,67,180,28,open,
2026-08-04T09:18:02.119,37740564,T0003,OBJ-F,SC-01,normal,68,156,67,180,28,open,
2026-08-04T09:18:02.122,37760028,T0003,OBJ-F,SC-01,normal,68,156,67,180,28,open,
2026-08-04T09:18:02.159,37780508,T0003,OBJ-F,SC-01,normal,68,156,67,180,28,open,
2026-08-04T09:18:02.179,37800984,T0003,OBJ-F,SC-01,normal,68,156,67,180,28,open,
2026-08-04T09:18:02.182,37820432,T0003,OBJ-F,SC-01,normal,68,156,67,180,28,open,
2026-08-04T09:18:02.219,37840912,T0003,OBJ-F,SC-01,normal,68,156,67,180,28,open,
2026-08-04T09:18:02.222,37860376,T0003,OBJ-F,SC-01,normal,68,156,67,180,28,open,
2026-08-04T09:18:02.259,37880852,T0003,OBJ-F,SC-01,normal,68,156,67,180,28,open,
2026-08-04T09:18:02.279,37900300,T0003,OBJ-F,SC-01,normal,68,156,67,180,28,open,
2026-08-04T09:18:02.299,37920780,T0003,OBJ-F,SC-01,normal,68,156,67,180,28,open,
2026-08-04T09:18:02.319,37940244,T0003,OBJ-F,SC-01,normal,68,156,67,180,28,open,
2026-08-04T09:18:02.339,37960720,T0003,OBJ-F,SC-01,normal,68,156,67,180,28,open,
2026-08-04T09:18:02.359,37980184,T0003,OBJ-F,SC-01,normal,68,156,67,180,28,open,
2026-08-04T09:18:02.379,38000664,T0003,OBJ-F,SC-01,normal,68,156,67,180,28,open,
2026-08-04T09:18:02.400,38020112,T0003,OBJ-F,SC-01,normal,68,156,67,180,28,open,
2026-08-04T09:18:02.419,38040608,T0003,OBJ-F,SC-01,normal,68,156,67,180,28,open,
2026-08-04T09:18:02.440,38060052,T0003,OBJ-F,SC-01,normal,68,156,67,180,28,open,
2026-08-04T09:18:02.459,38080536,T0003,OBJ-F,SC-01,normal,68,156,67,180,28,open,
2026-08-04T09:18:02.479,38101016,T0003,OBJ-F,SC-01,normal,68,156,67,180,28,open,
2026-08-04T09:18:02.499,38120460,T0003,OBJ-F,SC-01,normal,68,156,67,180,28,open,
2026-08-04T09:18:02.519,38140940,T0003,OBJ-F,SC-01,normal,68,156,67,180,28,open,
2026-08-04T09:18:02.539,38160404,T0003,OBJ-F,SC-01,normal,68,156,67,180,28,open,
2026-08-04T09:18:02.559,38180880,T0003,OBJ-F,SC-01,normal,68,156,67,180,28,open,
2026-08-04T09:18:02.578,38200344,T0003,OBJ-F,SC-01,normal,68,156,67,180,28,open,
2026-08-04T09:18:02.599,38220824,T0003,OBJ-F,SC-01,normal,68,156,67,180,28,open,
2026-08-04T09:18:02.618,38240268,T0003,OBJ-F,SC-01,normal,68,156,67,180,28,open,
2026-08-04T09:18:02.639,38260760,T0003,OBJ-F,SC-01,normal,68,156,67,180,28,open,
2026-08-04T09:18:02.658,38280212,T0003,OBJ-F,SC-01,normal,68,156,67,180,28,open,
2026-08-04T09:18:02.679,38300684,T0003,OBJ-F,SC-01,normal,68,156,67,180,28,open,
2026-08-04T09:18:02.699,38320140,T0003,OBJ-F,SC-01,normal,68,156,67,180,28,open,
2026-08-04T09:18:02.719,38340632,T0003,OBJ-F,SC-01,normal,68,156,67,180,28,open,
2026-08-04T09:18:02.739,38360084,T0003,OBJ-F,SC-01,normal,68,156,67,180,28,open,
2026-08-04T09:18:02.759,38380564,T0003,OBJ-F,SC-01,normal,68,156,67,180,28,open,
2026-08-04T09:18:02.779,38400028,T0003,OBJ-F,SC-01,normal,68,156,67,180,28,open,
2026-08-04T09:18:02.799,38420504,T0003,OBJ-F,SC-01,normal,68,156,67,180,28,open,
2026-08-04T09:18:02.819,38440992,T0003,OBJ-F,SC-01,normal,68,156,67,180,28,open,
2026-08-04T09:18:02.838,38460428,T0003,OBJ-F,SC-01,normal,68,156,67,180,28,open,
2026-08-04T09:18:02.859,38480908,T0003,OBJ-F,SC-01,normal,68,156,67,180,28,open,
2026-08-04T09:18:02.879,38500368,T0003,OBJ-F,SC-01,normal,68,156,67,180,28,open,
2026-08-04T09:18:02.899,38520864,T0003,OBJ-F,SC-01,normal,68,156,67,180,28,open,
2026-08-04T09:18:02.919,38540304,T0003,OBJ-F,SC-01,normal,68,156,67,180,28,open,
2026-08-04T09:18:02.939,38560792,T0003,OBJ-F,SC-01,normal,68,156,67,180,28,open,
2026-08-04T09:18:02.959,38580256,T0003,OBJ-F,SC-01,normal,68,156,67,180,28,open,
2026-08-04T09:18:02.979,38600732,T0003,OBJ-F,SC-01,normal,68,156,67,180,28,open,
2026-08-04T09:18:02.999,38620184,T0003,OBJ-F,SC-01,normal,68,156,67,180,28,open,
2026-08-04T09:18:03.019,38641020,T0003,OBJ-F,SC-01,normal,68,156,67,180,28,open,
2026-08-04T09:18:03.040,38660120,T0003,OBJ-F,SC-01,normal,68,156,67,180,28,open,
2026-08-04T09:18:03.059,38680588,T0003,OBJ-F,SC-01,normal,68,156,67,180,28,open,
2026-08-04T09:18:03.080,38700052,T0003,OBJ-F,SC-01,normal,68,156,67,180,28,open,
2026-08-04T09:18:03.099,38720524,T0003,OBJ-F,SC-01,normal,68,156,67,180,28,open,
2026-08-04T09:18:03.119,38741004,T0003,OBJ-F,SC-01,normal,68,156,67,180,28,open,
2026-08-04T09:18:03.138,38760464,T0003,OBJ-F,SC-01,normal,68,156,67,180,28,open,
2026-08-04T09:18:03.159,38780944,T0003,OBJ-F,SC-01,normal,68,156,67,180,28,open,
2026-08-04T09:18:03.179,38800416,T0003,OBJ-F,SC-01,normal,68,156,67,180,28,open,
2026-08-04T09:18:03.200,38820888,T0003,OBJ-F,SC-01,normal,68,156,67,180,28,open,
2026-08-04T09:18:03.219,38840340,T0003,OBJ-F,SC-01,normal,68,156,67,180,28,open,
2026-08-04T09:18:03.239,38860812,T0003,OBJ-F,SC-01,normal,68,156,67,180,28,open,
2026-08-04T09:18:03.259,38880284,T0003,OBJ-F,SC-01,normal,68,156,67,180,28,open,
2026-08-04T09:18:03.279,38900772,T0003,OBJ-F,SC-01,normal,68,156,67,180,28,open,
2026-08-04T09:18:03.299,38920216,T0003,OBJ-F,SC-01,normal,68,156,67,180,28,open,
2026-08-04T09:18:03.319,38940700,T0003,OBJ-F,SC-01,normal,68,156,67,180,28,open,
2026-08-04T09:18:03.339,38960492,T0003,OBJ-F,SC-01,normal,68,156,67,180,28,open,
2026-08-04T09:18:03.359,38980624,T0003,OBJ-F,SC-01,normal,68,156,67,180,28,open,
2026-08-04T09:18:03.380,39000296,T0003,OBJ-F,SC-01,normal,68,156,67,180,28,open,
2026-08-04T09:18:03.399,39020724,T0003,OBJ-F,SC-01,normal,68,156,67,180,28,open,
2026-08-04T09:18:03.419,39040168,T0003,OBJ-F,SC-01,normal,68,156,67,180,28,open,
2026-08-04T09:18:03.439,39060492,T0003,OBJ-F,SC-01,normal,68,156,67,180,28,open,
2026-08-04T09:18:03.459,39080988,T0003,OBJ-F,SC-01,normal,68,156,67,180,28,open,
2026-08-04T09:18:03.479,39100432,T0003,OBJ-F,SC-01,normal,68,156,67,180,28,open,
2026-08-04T09:18:03.499,39120912,T0003,OBJ-F,SC-01,normal,68,156,67,180,28,open,
2026-08-04T09:18:03.519,39140376,T0003,OBJ-F,SC-01,normal,68,156,67,180,28,open,
2026-08-04T09:18:03.539,39160856,T0003,OBJ-F,SC-01,normal,68,156,67,180,28,open,
2026-08-04T09:18:03.559,39180304,T0003,OBJ-F,SC-01,normal,68,156,67,180,28,open,
2026-08-04T09:18:03.579,39200784,T0003,OBJ-F,SC-01,normal,68,156,67,180,28,open,
2026-08-04T09:18:03.599,39220248,T0003,OBJ-F,SC-01,normal,69,156,67,180,28,open,
2026-08-04T09:18:03.619,39240728,T0003,OBJ-F,SC-01,normal,69,156,67,180,28,open,
2026-08-04T09:18:03.639,39260172,T0003,OBJ-F,SC-01,normal,69,156,67,180,28,open,
2026-08-04T09:18:03.659,39280652,T0003,OBJ-F,SC-01,normal,69,156,67,180,28,open,
2026-08-04T09:18:03.679,39300112,T0003,OBJ-F,SC-01,normal,69,156,67,180,28,open,
2026-08-04T09:18:03.699,39320596,T0003,OBJ-F,SC-01,normal,70,156,67,180,28,open,
2026-08-04T09:18:03.719,39340060,T0003,OBJ-F,SC-01,normal,70,156,67,180,28,open,
2026-08-04T09:18:03.738,39360540,T0003,OBJ-F,SC-01,normal,70,156,67,180,28,open,
2026-08-04T09:18:03.760,39381016,T0003,OBJ-F,SC-01,normal,70,156,67,180,28,open,
2026-08-04T09:18:03.779,39400464,T0003,OBJ-F,SC-01,normal,70,156,67,180,28,open,
2026-08-04T09:18:03.799,39420940,T0003,OBJ-F,SC-01,normal,70,156,67,180,28,open,
2026-08-04T09:18:03.819,39440404,T0003,OBJ-F,SC-01,normal,70,156,67,180,28,open,
2026-08-04T09:18:03.839,39460880,T0003,OBJ-F,SC-01,normal,70,156,67,180,28,open,
2026-08-04T09:18:03.859,39480344,T0003,OBJ-F,SC-01,normal,70,156,67,180,28,open,
2026-08-04T09:18:03.879,39500824,T0003,OBJ-F,SC-01,normal,70,156,67,180,28,open,
2026-08-04T09:18:03.899,39520268,T0003,OBJ-F,SC-01,normal,70,156,67,180,28,open,
2026-08-04T09:18:03.919,39540748,T0003,OBJ-F,SC-01,normal,70,156,67,180,28,open,
2026-08-04T09:18:03.939,39560208,T0003,OBJ-F,SC-01,normal,70,156,67,180,28,open,
2026-08-04T09:18:03.959,39580688,T0003,OBJ-F,SC-01,normal,70,156,67,180,28,open,
2026-08-04T09:18:03.978,39600148,T0003,OBJ-F,SC-01,normal,70,156,67,180,28,open,
2026-08-04T09:18:03.998,39620632,T0003,OBJ-F,SC-01,normal,70,156,67,180,28,open,
2026-08-04T09:18:04.019,39640076,T0003,OBJ-F,SC-01,normal,70,156,67,180,28,open,
2026-08-04T09:18:04.039,39660556,T0003,OBJ-F,SC-01,normal,70,156,67,180,28,open,
2026-08-04T09:18:04.059,39680020,T0003,OBJ-F,SC-01,normal,70,156,67,180,28,open,
2026-08-04T09:18:04.079,39700496,T0003,OBJ-F,SC-01,normal,70,156,67,180,28,open,
2026-08-04T09:18:04.099,39720976,T0003,OBJ-F,SC-01,normal,70,156,67,180,28,open,
2026-08-04T09:18:04.119,39740436,T0003,OBJ-F,SC-01,normal,70,156,67,180,28,open,
2026-08-04T09:18:04.139,39760932,T0003,OBJ-F,SC-01,normal,70,156,67,180,28,open,
2026-08-04T09:18:04.159,39780380,T0003,OBJ-F,SC-01,normal,70,156,67,180,28,open,
2026-08-04T09:18:04.179,39800844,T0003,OBJ-F,SC-01,normal,70,156,67,180,28,open,
2026-08-04T09:18:04.199,39820304,T0003,OBJ-F,SC-01,normal,70,156,67,180,28,open,
2026-08-04T09:18:04.219,39840788,T0003,OBJ-F,SC-01,normal,70,156,67,180,28,open,
2026-08-04T09:18:04.239,39860248,T0003,OBJ-F,SC-01,normal,70,156,67,180,28,open,
2026-08-04T09:18:04.259,39880728,T0003,OBJ-F,SC-01,normal,70,156,67,180,28,open,
2026-08-04T09:18:04.279,39900172,T0003,OBJ-F,SC-01,normal,70,156,67,180,28,open,
2026-08-04T09:18:04.299,39920652,T0003,OBJ-F,SC-01,normal,70,156,67,180,28,open,
2026-08-04T09:18:04.320,39940116,T0003,OBJ-F,SC-01,normal,70,156,67,180,28,open,
2026-08-04T09:18:04.339,39960596,T0003,OBJ-F,SC-01,normal,70,156,67,180,28,open,
2026-08-04T09:18:04.359,39980056,T0003,OBJ-F,SC-01,normal,70,156,67,180,28,open,
2026-08-04T09:18:04.379,40000540,T0003,OBJ-F,SC-01,normal,70,156,67,180,28,open,
2026-08-04T09:18:04.399,40021016,T0003,OBJ-F,SC-01,normal,70,156,67,180,28,open,
2026-08-04T09:18:04.419,40040460,T0003,OBJ-F,SC-01,normal,70,157,67,180,28,open,
2026-08-04T09:18:04.439,40060940,T0003,OBJ-F,SC-01,normal,70,157,67,180,28,open,
2026-08-04T09:18:04.459,40080400,T0003,OBJ-F,SC-01,normal,70,158,67,180,28,open,
2026-08-04T09:18:04.479,40100880,T0003,OBJ-F,SC-01,normal,70,158,67,180,28,open,
2026-08-04T09:18:04.499,40120340,T0003,OBJ-F,SC-01,normal,70,158,67,180,28,open,
2026-08-04T09:18:04.519,40140824,T0003,OBJ-F,SC-01,normal,70,158,67,180,28,open,
2026-08-04T09:18:04.539,40160280,T0003,OBJ-F,SC-01,normal,70,158,67,180,28,open,
2026-08-04T09:18:04.559,40180764,T0003,OBJ-F,SC-01,normal,70,158,67,180,28,open,
2026-08-04T09:18:04.579,40200208,T0003,OBJ-F,SC-01,normal,70,158,67,180,28,open,
2026-08-04T09:18:04.599,40220688,T0003,OBJ-F,SC-01,normal,70,158,67,180,28,open,
2026-08-04T09:18:04.618,40240148,T0003,OBJ-F,SC-01,normal,70,158,67,180,28,open,
2026-08-04T09:18:04.638,40260632,T0003,OBJ-F,SC-01,normal,70,158,67,180,28,open,
2026-08-04T09:18:04.659,40280076,T0003,OBJ-F,SC-01,normal,70,158,67,180,28,open,
2026-08-04T09:18:04.678,40300556,T0003,OBJ-F,SC-01,normal,70,158,67,180,28,open,
2026-08-04T09:18:04.699,40320020,T0003,OBJ-F,SC-01,normal,70,158,67,180,28,open,
2026-08-04T09:18:04.718,40340500,T0003,OBJ-F,SC-01,normal,70,158,67,180,28,open,
2026-08-04T09:18:04.739,40360980,T0003,OBJ-F,SC-01,normal,70,159,67,180,28,open,
2026-08-04T09:18:04.759,40380440,T0003,OBJ-F,SC-01,normal,70,159,67,180,28,open,
2026-08-04T09:18:04.779,40400924,T0003,OBJ-F,SC-01,normal,70,159,67,180,28,open,
2026-08-04T09:18:04.799,40420364,T0003,OBJ-F,SC-01,normal,70,159,67,180,28,open,
2026-08-04T09:18:04.819,40440848,T0003,OBJ-F,SC-01,normal,70,159,67,180,28,open,
2026-08-04T09:18:04.839,40460308,T0003,OBJ-F,SC-01,normal,70,159,67,180,28,open,
2026-08-04T09:18:04.859,40480792,T0003,OBJ-F,SC-01,normal,70,159,67,180,28,open,
2026-08-04T09:18:04.879,40500236,T0003,OBJ-F,SC-01,normal,70,159,67,180,28,open,
2026-08-04T09:18:04.899,40520716,T0003,OBJ-F,SC-01,normal,70,159,67,180,28,open,
2026-08-04T09:18:04.918,40540180,T0003,OBJ-F,SC-01,normal,70,159,67,180,28,open,
2026-08-04T09:18:04.939,40560660,T0003,OBJ-F,SC-01,normal,70,159,67,180,28,open,
2026-08-04T09:18:04.960,40580120,T0003,OBJ-F,SC-01,normal,70,159,67,180,28,open,
2026-08-04T09:18:04.979,40600604,T0003,OBJ-F,SC-01,normal,70,159,67,180,28,open,
2026-08-04T09:18:05.000,40620048,T0003,OBJ-F,SC-01,normal,70,159,67,180,28,open,
2026-08-04T09:18:05.019,40640532,T0003,OBJ-F,SC-01,normal,70,159,67,180,28,open,
2026-08-04T09:18:05.039,40661012,T0003,OBJ-F,SC-01,normal,70,159,67,180,28,open,
2026-08-04T09:18:05.059,40680472,T0003,OBJ-F,SC-01,normal,70,159,67,180,28,open,
2026-08-04T09:18:05.080,40700956,T0003,OBJ-F,SC-01,normal,70,159,67,180,28,open,
2026-08-04T09:18:05.099,40720400,T0003,OBJ-F,SC-01,normal,70,159,67,180,28,open,
2026-08-04T09:18:05.119,40740880,T0003,OBJ-F,SC-01,normal,70,159,67,180,28,open,
2026-08-04T09:18:05.139,40760344,T0003,OBJ-F,SC-01,normal,70,159,67,180,28,open,
2026-08-04T09:18:05.159,40780824,T0003,OBJ-F,SC-01,normal,70,159,67,180,28,open,
2026-08-04T09:18:05.179,40800268,T0003,OBJ-F,SC-01,normal,70,159,67,180,28,open,
2026-08-04T09:18:05.199,40820748,T0003,OBJ-F,SC-01,normal,70,159,67,180,28,open,
2026-08-04T09:18:05.219,40840212,T0003,OBJ-F,SC-01,normal,70,159,67,180,28,open,
2026-08-04T09:18:05.239,40860692,T0003,OBJ-F,SC-01,normal,70,159,67,180,28,open,
2026-08-04T09:18:05.258,40880156,T0003,OBJ-F,SC-01,normal,70,159,67,180,28,open,
2026-08-04T09:18:05.279,40900620,T0003,OBJ-F,SC-01,normal,70,159,67,180,28,open,
2026-08-04T09:18:05.300,40920080,T0003,OBJ-F,SC-01,normal,70,159,67,180,28,open,
2026-08-04T09:18:05.319,40940564,T0003,OBJ-F,SC-01,normal,70,159,67,180,28,open,
2026-08-04T09:18:05.339,40960028,T0003,OBJ-F,SC-01,normal,70,160,67,180,28,open,
2026-08-04T09:18:05.359,40980504,T0003,OBJ-F,SC-01,normal,70,160,67,180,28,open,
2026-08-04T09:18:05.379,41000980,T0003,OBJ-F,SC-01,normal,70,160,67,180,28,open,
2026-08-04T09:18:05.399,41020440,T0003,OBJ-F,SC-01,normal,70,160,67,180,28,open,
2026-08-04T09:18:05.420,41040920,T0003,OBJ-F,SC-01,normal,70,160,67,180,28,open,
2026-08-04T09:18:05.439,41060376,T0003,OBJ-F,SC-01,normal,70,161,67,180,28,open,
2026-08-04T09:18:05.459,41080860,T0003,OBJ-F,SC-01,normal,70,161,67,180,28,open,
2026-08-04T09:18:05.479,41100300,T0003,OBJ-F,SC-01,normal,70,161,67,180,28,open,
2026-08-04T09:18:05.499,41120780,T0003,OBJ-F,SC-01,normal,70,162,67,180,28,open,
2026-08-04T09:18:05.518,41140240,T0003,OBJ-F,SC-01,normal,70,162,67,180,28,open,
2026-08-04T09:18:05.539,41160720,T0003,OBJ-F,SC-01,normal,70,162,67,180,28,open,
2026-08-04T09:18:05.558,41180180,T0003,OBJ-F,SC-01,normal,70,162,67,180,28,open,
2026-08-04T09:18:05.579,41200660,T0003,OBJ-F,SC-01,normal,70,163,67,180,28,open,
2026-08-04T09:18:05.599,41220116,T0003,OBJ-F,SC-01,normal,70,163,67,180,28,open,
2026-08-04T09:18:05.619,41240596,T0003,OBJ-F,SC-01,normal,70,163,67,180,28,open,
2026-08-04T09:18:05.640,41260056,T0003,OBJ-F,SC-01,normal,70,164,67,180,28,open,
2026-08-04T09:18:05.659,41280540,T0003,OBJ-F,SC-01,normal,70,164,67,180,28,open,
2026-08-04T09:18:05.679,41301020,T0003,OBJ-F,SC-01,normal,70,164,67,180,28,open,
2026-08-04T09:18:05.699,41320460,T0003,OBJ-F,SC-01,normal,70,165,67,180,28,open,
2026-08-04T09:18:05.719,41340940,T0003,OBJ-F,SC-01,normal,70,165,67,180,28,open,
2026-08-04T09:18:05.739,41360400,T0003,OBJ-F,SC-01,normal,70,165,67,180,28,open,
2026-08-04T09:18:05.759,41380880,T0003,OBJ-F,SC-01,normal,70,165,67,180,28,open,
2026-08-04T09:18:05.778,41400340,T0003,OBJ-F,SC-01,normal,70,165,67,180,28,open,
2026-08-04T09:18:05.799,41420820,T0003,OBJ-F,SC-01,normal,70,165,67,180,28,open,
2026-08-04T09:18:05.819,41440280,T0003,OBJ-F,SC-01,normal,70,165,67,180,28,open,
2026-08-04T09:18:05.839,41460760,T0003,OBJ-F,SC-01,normal,70,165,67,180,28,open,
2026-08-04T09:18:05.859,41480220,T0003,OBJ-F,SC-01,normal,70,165,67,180,28,open,
2026-08-04T09:18:05.879,41500700,T0003,OBJ-F,SC-01,normal,70,165,67,180,28,open,
2026-08-04T09:18:05.899,41520144,T0003,OBJ-F,SC-01,normal,70,165,67,180,28,open,
2026-08-04T09:18:05.919,41540624,T0003,OBJ-F,SC-01,normal,70,166,67,180,28,open,
2026-08-04T09:18:05.940,41560084,T0003,OBJ-F,SC-01,normal,70,166,67,180,28,open,
2026-08-04T09:18:05.959,41580564,T0003,OBJ-F,SC-01,normal,70,166,67,180,28,open,
2026-08-04T09:18:05.979,41600028,T0003,OBJ-F,SC-01,normal,70,166,67,180,28,open,
2026-08-04T09:18:05.999,41620504,T0003,OBJ-F,SC-01,normal,70,166,67,180,28,open,
2026-08-04T09:18:06.019,41640984,T0003,OBJ-F,SC-01,normal,70,166,67,180,28,open,
2026-08-04T09:18:06.039,41660428,T0003,OBJ-F,SC-01,normal,70,167,67,180,28,open,
2026-08-04T09:18:06.059,41680908,T0003,OBJ-F,SC-01,normal,70,167,67,180,28,open,
2026-08-04T09:18:06.079,41700368,T0003,OBJ-F,SC-01,normal,70,167,67,180,28,open,
2026-08-04T09:18:06.099,41720848,T0003,OBJ-F,SC-01,normal,70,167,67,180,28,open,
2026-08-04T09:18:06.119,41740308,T0003,OBJ-F,SC-01,normal,70,167,67,180,28,open,
2026-08-04T09:18:06.139,41760788,T0003,OBJ-F,SC-01,normal,70,167,67,180,28,open,
2026-08-04T09:18:06.159,41780248,T0003,OBJ-F,SC-01,normal,70,167,67,180,28,open,
2026-08-04T09:18:06.179,41800728,T0003,OBJ-F,SC-01,normal,70,167,67,180,28,open,
2026-08-04T09:18:06.198,41820188,T0003,OBJ-F,SC-01,normal,70,168,67,180,28,open,
2026-08-04T09:18:06.219,41840668,T0003,OBJ-F,SC-01,normal,70,168,67,180,28,open,
2026-08-04T09:18:06.240,41860108,T0003,OBJ-F,SC-01,normal,70,168,67,180,28,open,
2026-08-04T09:18:06.259,41880588,T0003,OBJ-F,SC-01,normal,70,168,67,180,28,open,
2026-08-04T09:18:06.279,41900048,T0003,OBJ-F,SC-01,normal,70,168,67,180,28,open,
2026-08-04T09:18:06.299,41920532,T0003,OBJ-F,SC-01,normal,70,168,67,180,28,open,
2026-08-04T09:18:06.319,41941012,T0003,OBJ-F,SC-01,normal,70,168,67,180,28,open,
2026-08-04T09:18:06.339,41960472,T0003,OBJ-F,SC-01,normal,70,168,67,180,28,open,
2026-08-04T09:18:06.359,41980952,T0003,OBJ-F,SC-01,normal,70,168,67,180,28,open,
2026-08-04T09:18:06.379,42000396,T0003,OBJ-F,SC-01,normal,70,169,67,180,28,open,
2026-08-04T09:18:06.399,42020892,T0003,OBJ-F,SC-01,normal,70,169,67,180,28,open,
2026-08-04T09:18:06.418,42040332,T0003,OBJ-F,SC-01,normal,70,169,67,180,28,open,
2026-08-04T09:18:06.439,42060812,T0003,OBJ-F,SC-01,normal,70,169,67,180,28,open,
2026-08-04T09:18:06.459,42080268,T0003,OBJ-F,SC-01,normal,70,169,67,180,28,open,
2026-08-04T09:18:06.479,42100748,T0003,OBJ-F,SC-01,normal,70,170,67,180,28,open,
2026-08-04T09:18:06.498,42120208,T0003,OBJ-F,SC-01,normal,70,170,67,180,28,open,
2026-08-04T09:18:06.519,42140688,T0003,OBJ-F,SC-01,normal,70,170,67,180,28,open,
2026-08-04T09:18:06.538,42160148,T0003,OBJ-F,SC-01,normal,70,170,67,180,28,open,
2026-08-04T09:18:06.559,42180628,T0003,OBJ-F,SC-01,normal,70,170,67,180,28,open,
2026-08-04T09:18:06.580,42200088,T0003,OBJ-F,SC-01,normal,70,170,67,180,28,open,
2026-08-04T09:18:06.599,42220568,T0003,OBJ-F,SC-01,normal,70,170,67,180,28,open,
2026-08-04T09:18:06.619,42240028,T0003,OBJ-F,SC-01,normal,70,170,67,180,28,open,
2026-08-04T09:18:06.639,42260504,T0003,OBJ-F,SC-01,normal,70,170,67,180,28,open,
2026-08-04T09:18:06.659,42280984,T0003,OBJ-F,SC-01,normal,70,170,67,180,28,open,
2026-08-04T09:18:06.678,42300444,T0003,OBJ-F,SC-01,normal,70,171,67,180,28,open,
2026-08-04T09:18:06.699,42320908,T0003,OBJ-F,SC-01,normal,70,171,67,180,28,open,
2026-08-04T09:18:06.719,42340364,T0003,OBJ-F,SC-01,normal,70,171,67,180,28,open,
2026-08-04T09:18:06.739,42360848,T0003,OBJ-F,SC-01,normal,70,171,67,180,28,open,
2026-08-04T09:18:06.759,42380308,T0003,OBJ-F,SC-01,normal,70,171,67,180,28,open,
2026-08-04T09:18:06.779,42400788,T0003,OBJ-F,SC-01,normal,70,171,67,180,28,open,
2026-08-04T09:18:06.799,42420248,T0003,OBJ-F,SC-01,normal,70,171,67,180,28,open,
2026-08-04T09:18:06.819,42440728,T0003,OBJ-F,SC-01,normal,70,171,67,180,28,open,
2026-08-04T09:18:06.839,42460188,T0003,OBJ-F,SC-01,normal,70,171,67,180,28,open,
2026-08-04T09:18:06.859,42480668,T0003,OBJ-F,SC-01,normal,70,171,67,180,28,open,
2026-08-04T09:18:06.880,42500108,T0003,OBJ-F,SC-01,normal,70,171,67,180,28,open,
2026-08-04T09:18:06.899,42520588,T0003,OBJ-F,SC-01,normal,70,171,67,180,28,open,
2026-08-04T09:18:06.920,42540048,T0003,OBJ-F,SC-01,normal,70,171,67,180,28,open,
2026-08-04T09:18:06.940,42560528,T0003,OBJ-F,SC-01,normal,70,171,67,180,28,open,
2026-08-04T09:18:06.960,42581008,T0003,OBJ-F,SC-01,normal,70,171,67,180,28,open,
2026-08-04T09:18:06.980,42600468,T0003,OBJ-F,SC-01,normal,70,171,67,180,28,open,
2026-08-04T09:18:07.000,42620948,T0003,OBJ-F,SC-01,normal,70,171,67,180,28,open,
2026-08-04T09:18:07.020,42640408,T0003,OBJ-F,SC-01,normal,70,171,67,180,28,open,
2026-08-04T09:18:07.040,42660888,T0003,OBJ-F,SC-01,normal,70,171,67,180,28,open,
2026-08-04T09:18:07.060,42680344,T0003,OBJ-F,SC-01,normal,70,171,67,180,28,open,
2026-08-04T09:18:07.080,42700824,T0003,OBJ-F,SC-01,normal,70,171,67,180,28,open,
2026-08-04T09:18:07.100,42720284,T0003,OBJ-F,SC-01,normal,70,171,67,180,28,open,
2026-08-04T09:18:07.120,42740764,T0003,OBJ-F,SC-01,normal,70,171,67,180,28,open,
2026-08-04T09:18:07.140,42760204,T0003,OBJ-F,SC-01,normal,70,171,67,180,28,open,
2026-08-04T09:18:07.161,42780688,T0003,OBJ-F,SC-01,normal,70,171,67,180,28,open,
2026-08-04T09:18:07.180,42800148,T0003,OBJ-F,SC-01,normal,70,171,67,180,28,open,
2026-08-04T09:18:07.201,42820628,T0003,OBJ-F,SC-01,normal,70,171,67,180,28,open,
2026-08-04T09:18:07.220,42840088,T0003,OBJ-F,SC-01,normal,70,171,67,180,28,open,
2026-08-04T09:18:07.241,42860568,T0003,OBJ-F,SC-01,normal,70,171,67,180,28,open,
2026-08-04T09:18:07.260,42880012,T0003,OBJ-F,SC-01,normal,70,171,67,180,28,open,
2026-08-04T09:18:07.281,42900508,T0003,OBJ-F,SC-01,normal,70,171,67,180,28,open,
2026-08-04T09:18:07.302,42920988,T0003,OBJ-F,SC-01,normal,70,171,67,180,28,open,
2026-08-04T09:18:07.321,42940428,T0003,OBJ-F,SC-01,normal,70,171,67,180,28,open,
2026-08-04T09:18:07.341,42960912,T0003,OBJ-F,SC-01,normal,70,171,67,180,28,open,
2026-08-04T09:18:07.361,42980372,T0003,OBJ-F,SC-01,normal,70,171,67,180,28,open,
2026-08-04T09:18:07.399,43000852,T0003,OBJ-F,SC-01,normal,70,171,67,180,28,open,
2026-08-04T09:18:07.401,43020312,T0003,OBJ-F,SC-01,normal,70,171,67,180,28,open,
2026-08-04T09:18:07.439,43040796,T0003,OBJ-F,SC-01,normal,70,171,67,180,28,open,
2026-08-04T09:18:07.441,43060236,T0003,OBJ-F,SC-01,normal,70,171,67,180,28,open,
2026-08-04T09:18:07.478,43080716,T0003,OBJ-F,SC-01,normal,70,171,67,180,28,open,
2026-08-04T09:18:07.499,43100176,T0003,OBJ-F,SC-01,normal,70,171,67,180,28,open,
2026-08-04T09:18:07.519,43120656,T0003,OBJ-F,SC-01,normal,70,171,67,180,28,open,
2026-08-04T09:18:07.521,43140116,T0003,OBJ-F,SC-01,normal,70,171,67,180,28,open,
2026-08-04T09:18:07.560,43160600,T0003,OBJ-F,SC-01,normal,70,171,67,180,28,open,
2026-08-04T09:18:07.561,43180060,T0003,OBJ-F,SC-01,normal,70,171,67,180,28,open,
2026-08-04T09:18:07.599,43200524,T0003,OBJ-F,SC-01,normal,70,171,67,180,28,open,
2026-08-04T09:18:07.619,43221004,T0003,OBJ-F,SC-01,normal,70,171,67,180,28,open,
2026-08-04T09:18:07.639,43240464,T0003,OBJ-F,SC-01,normal,70,171,67,180,28,open,
2026-08-04T09:18:07.659,43260944,T0003,OBJ-F,SC-01,normal,70,171,67,180,28,open,
2026-08-04T09:18:07.679,43280404,T0003,OBJ-F,SC-01,normal,70,171,67,180,28,open,
2026-08-04T09:18:07.699,43300884,T0003,OBJ-F,SC-01,normal,70,171,67,180,28,open,
2026-08-04T09:18:07.719,43320344,T0003,OBJ-F,SC-01,normal,70,171,67,180,28,open,
2026-08-04T09:18:07.739,43340824,T0003,OBJ-F,SC-01,normal,70,171,67,180,28,open,
2026-08-04T09:18:07.759,43360284,T0003,OBJ-F,SC-01,normal,70,171,67,180,28,open,
2026-08-04T09:18:07.779,43380764,T0003,OBJ-F,SC-01,normal,70,171,67,180,28,open,
2026-08-04T09:18:07.799,43400204,T0003,OBJ-F,SC-01,normal,70,171,67,180,28,open,
2026-08-04T09:18:07.818,43420688,T0003,OBJ-F,SC-01,normal,70,171,67,180,28,open,
2026-08-04T09:18:07.839,43440148,T0003,OBJ-F,SC-01,normal,70,171,67,180,28,open,
2026-08-04T09:18:07.859,43460628,T0003,OBJ-F,SC-01,normal,70,171,67,180,28,open,
2026-08-04T09:18:07.879,43480088,T0003,OBJ-F,SC-01,normal,70,171,67,180,28,open,
2026-08-04T09:18:07.899,43500568,T0003,OBJ-F,SC-01,normal,70,171,67,180,28,open,
2026-08-04T09:18:07.919,43520012,T0003,OBJ-F,SC-01,normal,70,171,67,180,28,open,
2026-08-04T09:18:07.940,43540508,T0003,OBJ-F,SC-01,normal,70,171,67,180,28,open,
2026-08-04T09:18:07.959,43560984,T0003,OBJ-F,SC-01,normal,70,171,67,180,28,open,
2026-08-04T09:18:07.979,43580428,T0003,OBJ-F,SC-01,normal,70,171,67,180,28,open,
2026-08-04T09:18:07.999,43600908,T0003,OBJ-F,SC-01,normal,70,171,67,180,28,open,
2026-08-04T09:18:08.019,43620368,T0003,OBJ-F,SC-01,normal,70,171,67,180,28,open,
2026-08-04T09:18:08.039,43640848,T0003,OBJ-F,SC-01,normal,70,171,67,180,28,open,
2026-08-04T09:18:08.059,43660308,T0003,OBJ-F,SC-01,normal,70,171,67,179,28,open,
2026-08-04T09:18:08.079,43680792,T0003,OBJ-F,SC-01,normal,70,171,67,179,28,open,
2026-08-04T09:18:08.099,43700236,T0003,OBJ-F,SC-01,normal,70,171,67,178,28,open,
2026-08-04T09:18:08.118,43720716,T0003,OBJ-F,SC-01,normal,70,171,67,178,28,open,
2026-08-04T09:18:08.139,43740176,T0003,OBJ-F,SC-01,normal,70,171,67,177,28,open,
2026-08-04T09:18:08.160,43760660,T0003,OBJ-F,SC-01,normal,70,171,67,177,28,open,
2026-08-04T09:18:08.179,43780120,T0003,OBJ-F,SC-01,normal,70,171,67,176,28,open,
2026-08-04T09:18:08.199,43800600,T0003,OBJ-F,SC-01,normal,70,171,67,176,28,open,
2026-08-04T09:18:08.219,43820044,T0003,OBJ-F,SC-01,normal,70,171,67,175,28,open,
2026-08-04T09:18:08.239,43840540,T0003,OBJ-F,SC-01,normal,70,171,67,175,28,open,
2026-08-04T09:18:08.259,43861016,T0003,OBJ-F,SC-01,normal,70,171,67,175,28,open,
2026-08-04T09:18:08.279,43880472,T0003,OBJ-F,SC-01,normal,70,171,67,175,28,open,
2026-08-04T09:18:08.299,43900952,T0003,OBJ-F,SC-01,normal,70,171,67,175,28,open,
2026-08-04T09:18:08.319,43920396,T0003,OBJ-F,SC-01,normal,70,171,67,174,28,open,
2026-08-04T09:18:08.339,43940892,T0003,OBJ-F,SC-01,normal,70,171,67,174,28,open,
2026-08-04T09:18:08.359,43960340,T0003,OBJ-F,SC-01,normal,70,171,67,174,28,open,
2026-08-04T09:18:08.379,43980832,T0003,OBJ-F,SC-01,normal,70,171,67,174,28,open,
2026-08-04T09:18:08.399,44000272,T0003,OBJ-F,SC-01,normal,70,171,67,174,28,open,
2026-08-04T09:18:08.419,44020756,T0003,OBJ-F,SC-01,normal,70,171,67,174,28,open,
2026-08-04T09:18:08.439,44040216,T0003,OBJ-F,SC-01,normal,70,171,67,174,28,open,
2026-08-04T09:18:08.459,44060688,T0003,OBJ-F,SC-01,normal,70,171,67,174,28,open,
2026-08-04T09:18:08.479,44080144,T0003,OBJ-F,SC-01,normal,70,171,67,174,28,open,
2026-08-04T09:18:08.499,44100636,T0003,OBJ-F,SC-01,normal,70,171,67,174,28,open,
2026-08-04T09:18:08.519,44120100,T0003,OBJ-F,SC-01,normal,70,171,67,174,28,open,
2026-08-04T09:18:08.539,44140572,T0003,OBJ-F,SC-01,normal,70,171,67,175,28,open,
2026-08-04T09:18:08.559,44160016,T0003,OBJ-F,SC-01,normal,70,171,67,175,28,open,
2026-08-04T09:18:08.579,44180504,T0003,OBJ-F,SC-01,normal,70,171,67,176,28,open,
2026-08-04T09:18:08.599,44200976,T0003,OBJ-F,SC-01,normal,70,171,67,177,28,open,
2026-08-04T09:18:08.619,44220668,T0003,OBJ-F,SC-01,normal,70,171,67,179,28,open,
2026-08-04T09:18:08.639,44241224,T0003,OBJ-F,SC-01,normal,70,171,67,180,28,open,
2026-08-04T09:18:08.659,44260524,T0003,OBJ-F,SC-01,normal,70,171,67,180,28,open,
2026-08-04T09:18:08.679,44280952,T0003,OBJ-F,SC-01,normal,70,171,67,180,28,open,
2026-08-04T09:18:08.699,44300484,T0003,OBJ-F,SC-01,normal,70,171,67,180,28,open,
2026-08-04T09:18:08.718,44320948,T0003,OBJ-F,SC-01,normal,70,171,67,180,28,open,
2026-08-04T09:18:08.738,44340248,T0003,OBJ-F,SC-01,normal,70,171,67,180,28,open,
2026-08-04T09:18:08.758,44360728,T0003,OBJ-F,SC-01,normal,70,171,67,180,28,open,
2026-08-04T09:18:08.779,44380172,T0003,OBJ-F,SC-01,normal,70,171,67,180,28,open,
2026-08-04T09:18:08.800,44400652,T0003,OBJ-F,SC-01,normal,70,171,67,180,28,open,
2026-08-04T09:18:08.819,44420112,T0003,OBJ-F,SC-01,normal,70,171,67,180,28,open,
2026-08-04T09:18:08.839,44440592,T0003,OBJ-F,SC-01,normal,70,171,67,180,28,open,
2026-08-04T09:18:08.859,44460048,T0003,OBJ-F,SC-01,normal,70,171,67,180,28,open,
2026-08-04T09:18:08.880,44480536,T0003,OBJ-F,SC-01,normal,70,171,67,180,28,open,
2026-08-04T09:18:08.899,44501020,T0003,OBJ-F,SC-01,normal,70,171,67,180,28,open,
2026-08-04T09:18:08.920,44520460,T0003,OBJ-F,SC-01,normal,70,171,67,180,28,open,
2026-08-04T09:18:08.939,44540944,T0003,OBJ-F,SC-01,normal,70,171,67,180,28,open,
2026-08-04T09:18:08.959,44560404,T0003,OBJ-F,SC-01,normal,70,171,67,180,28,open,
2026-08-04T09:18:08.979,44580888,T0003,OBJ-F,SC-01,normal,70,171,67,180,28,open,
2026-08-04T09:18:08.999,44600348,T0003,OBJ-F,SC-01,normal,70,171,67,180,28,open,
2026-08-04T09:18:09.018,44620828,T0003,OBJ-F,SC-01,normal,70,171,67,180,28,open,
2026-08-04T09:18:09.039,44640268,T0003,OBJ-F,SC-01,normal,70,171,67,180,28,open,
2026-08-04T09:18:09.059,44660752,T0003,OBJ-F,SC-01,normal,70,171,67,180,28,open,
2026-08-04T09:18:09.079,44680212,T0003,OBJ-F,SC-01,normal,70,171,67,180,28,open,
2026-08-04T09:18:09.099,44700692,T0003,OBJ-F,SC-01,normal,70,171,67,180,28,open,
2026-08-04T09:18:09.119,44720152,T0003,OBJ-F,SC-01,normal,70,171,67,180,28,open,
2026-08-04T09:18:09.139,44740636,T0003,OBJ-F,SC-01,normal,70,171,67,180,28,open,
2026-08-04T09:18:09.159,44760080,T0003,OBJ-F,SC-01,normal,70,171,67,180,28,open,
2026-08-04T09:18:09.179,44780560,T0003,OBJ-F,SC-01,normal,70,171,67,180,28,open,
2026-08-04T09:18:09.199,44800024,T0003,OBJ-F,SC-01,normal,70,171,67,180,28,open,
2026-08-04T09:18:09.219,44820500,T0003,OBJ-F,SC-01,normal,70,171,67,180,28,open,
2026-08-04T09:18:09.239,44840980,T0003,OBJ-F,SC-01,normal,70,171,67,180,28,open,
2026-08-04T09:18:09.259,44860440,T0003,OBJ-F,SC-01,normal,70,171,67,180,28,open,
2026-08-04T09:18:09.279,44880920,T0003,OBJ-F,SC-01,normal,70,171,67,180,28,open,
2026-08-04T09:18:09.299,44900364,T0003,OBJ-F,SC-01,normal,70,171,67,180,28,open,
2026-08-04T09:18:09.319,44920844,T0003,OBJ-F,SC-01,normal,70,171,67,180,28,open,
2026-08-04T09:18:09.339,44940304,T0003,OBJ-F,SC-01,normal,70,171,67,180,28,open,
2026-08-04T09:18:09.359,44960784,T0003,OBJ-F,SC-01,normal,70,171,67,180,28,open,
2026-08-04T09:18:09.379,44980244,T0003,OBJ-F,SC-01,normal,70,171,67,180,28,open,
2026-08-04T09:18:09.399,45000728,T0003,OBJ-F,SC-01,normal,70,171,67,180,28,open,
2026-08-04T09:18:09.419,45020188,T0003,OBJ-F,SC-01,normal,70,171,67,180,28,open,
2026-08-04T09:18:09.440,45040652,T0003,OBJ-F,SC-01,normal,70,171,67,180,28,open,
2026-08-04T09:18:09.459,45060112,T0003,OBJ-F,SC-01,normal,70,171,67,180,28,open,
2026-08-04T09:18:09.479,45080592,T0003,OBJ-F,SC-01,normal,70,171,67,180,28,open,
2026-08-04T09:18:09.499,45100052,T0003,OBJ-F,SC-01,normal,70,171,67,178,28,open,
2026-08-04T09:18:09.519,45120532,T0003,OBJ-F,SC-01,normal,70,171,67,177,28,open,
2026-08-04T09:18:09.539,45141012,T0003,OBJ-F,SC-01,normal,70,171,67,175,28,open,
2026-08-04T09:18:09.559,45160472,T0003,OBJ-F,SC-01,normal,70,171,67,174,28,open,
2026-08-04T09:18:09.579,45180956,T0003,OBJ-F,SC-01,normal,70,171,67,173,28,open,
2026-08-04T09:18:09.599,45200400,T0003,OBJ-F,SC-01,normal,70,171,67,171,28,open,
2026-08-04T09:18:09.619,45220880,T0003,OBJ-F,SC-01,normal,70,171,67,170,28,open,
2026-08-04T09:18:09.639,45240340,T0003,OBJ-F,SC-01,normal,70,171,67,169,28,open,
2026-08-04T09:18:09.659,45260820,T0003,OBJ-F,SC-01,normal,70,171,67,168,28,open,
2026-08-04T09:18:09.679,45280276,T0003,OBJ-F,SC-01,normal,70,171,67,167,28,open,
2026-08-04T09:18:09.699,45300760,T0003,OBJ-F,SC-01,normal,70,171,67,166,28,open,
2026-08-04T09:18:09.719,45320204,T0003,OBJ-F,SC-01,normal,70,171,67,164,28,open,
2026-08-04T09:18:09.739,45340684,T0003,OBJ-F,SC-01,normal,70,171,67,162,28,open,
2026-08-04T09:18:09.759,45360144,T0003,OBJ-F,SC-01,normal,70,171,67,162,28,open,
2026-08-04T09:18:09.780,45380624,T0003,OBJ-F,SC-01,normal,70,171,67,162,28,open,
2026-08-04T09:18:09.799,45400088,T0003,OBJ-F,SC-01,normal,70,171,67,162,28,open,
2026-08-04T09:18:09.819,45420568,T0003,OBJ-F,SC-01,normal,70,171,67,162,28,open,
2026-08-04T09:18:09.839,45440012,T0003,OBJ-F,SC-01,normal,70,171,67,162,28,open,
2026-08-04T09:18:09.859,45460492,T0003,OBJ-F,SC-01,normal,70,171,67,162,28,open,
2026-08-04T09:18:09.879,45480972,T0003,OBJ-F,SC-01,normal,70,171,67,162,28,open,
2026-08-04T09:18:09.900,45500432,T0003,OBJ-F,SC-01,normal,70,171,67,162,28,open,
2026-08-04T09:18:09.919,45520916,T0003,OBJ-F,SC-01,normal,70,171,67,162,28,open,
2026-08-04T09:18:09.939,45540376,T0003,OBJ-F,SC-01,normal,70,171,67,162,28,open,
2026-08-04T09:18:09.959,45560860,T0003,OBJ-F,SC-01,normal,70,171,67,161,28,open,
2026-08-04T09:18:09.979,45580300,T0003,OBJ-F,SC-01,normal,70,171,67,160,28,open,
2026-08-04T09:18:09.999,45600784,T0003,OBJ-F,SC-01,normal,70,171,67,158,28,open,
2026-08-04T09:18:10.019,45620244,T0003,OBJ-F,SC-01,normal,70,171,67,157,28,open,
2026-08-04T09:18:10.038,45640728,T0003,OBJ-F,SC-01,normal,70,171,67,155,28,open,
2026-08-04T09:18:10.059,45660188,T0003,OBJ-F,SC-01,normal,70,171,67,153,28,holding,
2026-08-04T09:18:10.079,45680664,T0003,OBJ-F,SC-01,normal,70,171,67,152,28,holding,
2026-08-04T09:18:10.099,45700116,T0003,OBJ-F,SC-01,normal,70,171,67,151,28,holding,
2026-08-04T09:18:10.119,45720592,T0003,OBJ-F,SC-01,normal,70,171,67,150,28,holding,
2026-08-04T09:18:10.139,45740044,T0003,OBJ-F,SC-01,normal,70,171,67,149,28,holding,
2026-08-04T09:18:10.159,45760536,T0003,OBJ-F,SC-01,normal,70,171,67,148,28,holding,
2026-08-04T09:18:10.179,45781012,T0003,OBJ-F,SC-01,normal,70,171,67,147,28,holding,
2026-08-04T09:18:10.200,45800468,T0003,OBJ-F,SC-01,normal,70,171,67,146,28,holding,
2026-08-04T09:18:10.219,45820944,T0003,OBJ-F,SC-01,normal,70,171,67,145,28,holding,
2026-08-04T09:18:10.239,45840396,T0003,OBJ-F,SC-01,normal,70,171,67,144,28,holding,
2026-08-04T09:18:10.259,45860888,T0003,OBJ-F,SC-01,normal,70,171,67,143,28,holding,
2026-08-04T09:18:10.279,45880344,T0003,OBJ-F,SC-01,normal,70,171,67,142,28,holding,
2026-08-04T09:18:10.299,45900816,T0003,OBJ-F,SC-01,normal,70,171,67,141,28,holding,
2026-08-04T09:18:10.319,45920268,T0003,OBJ-F,SC-01,normal,70,171,67,140,28,holding,
2026-08-04T09:18:10.339,45940760,T0003,OBJ-F,SC-01,normal,70,171,67,139,28,holding,
2026-08-04T09:18:10.359,45960216,T0003,OBJ-F,SC-01,normal,70,171,67,139,28,holding,
2026-08-04T09:18:10.379,45980688,T0003,OBJ-F,SC-01,normal,70,171,67,139,28,holding,
2026-08-04T09:18:10.399,46000140,T0003,OBJ-F,SC-01,normal,70,171,67,139,28,holding,
2026-08-04T09:18:10.420,46020632,T0003,OBJ-F,SC-01,normal,70,171,67,139,28,holding,
2026-08-04T09:18:10.439,46040088,T0003,OBJ-F,SC-01,normal,70,171,67,139,28,holding,
2026-08-04T09:18:10.459,46060560,T0003,OBJ-F,SC-01,normal,70,171,67,139,28,holding,
2026-08-04T09:18:10.479,46080016,T0003,OBJ-F,SC-01,normal,70,171,67,139,28,holding,
2026-08-04T09:18:10.500,46100504,T0003,OBJ-F,SC-01,normal,70,171,67,139,28,holding,
2026-08-04T09:18:10.519,46120976,T0003,OBJ-F,SC-01,normal,70,171,67,139,28,holding,
2026-08-04T09:18:10.540,46140428,T0003,OBJ-F,SC-01,normal,70,171,67,139,28,holding,
2026-08-04T09:18:10.559,46160920,T0003,OBJ-F,SC-01,normal,70,171,67,139,28,holding,
2026-08-04T09:18:10.579,46180372,T0003,OBJ-F,SC-01,normal,70,171,67,138,28,holding,
2026-08-04T09:18:10.599,46200848,T0003,OBJ-F,SC-01,normal,70,171,67,137,28,holding,
2026-08-04T09:18:10.619,46220300,T0003,OBJ-F,SC-01,normal,70,171,67,135,28,holding,
2026-08-04T09:18:10.639,46240792,T0003,OBJ-F,SC-01,normal,70,171,67,133,28,holding,
2026-08-04T09:18:10.659,46260248,T0003,OBJ-F,SC-01,normal,70,171,67,130,28,closing,
2026-08-04T09:18:10.679,46280720,T0003,OBJ-F,SC-01,normal,70,171,67,128,28,holding,
2026-08-04T09:18:10.699,46300176,T0003,OBJ-F,SC-01,normal,70,171,67,126,28,holding,
2026-08-04T09:18:10.720,46320664,T0003,OBJ-F,SC-01,normal,70,171,67,125,28,holding,
2026-08-04T09:18:10.739,46340120,T0003,OBJ-F,SC-01,normal,70,171,67,124,28,holding,
2026-08-04T09:18:10.759,46360592,T0003,OBJ-F,SC-01,normal,70,171,67,123,28,holding,
2026-08-04T09:18:10.779,46380048,T0003,OBJ-F,SC-01,normal,70,171,67,123,28,holding,
2026-08-04T09:18:10.799,46400540,T0003,OBJ-F,SC-01,normal,70,171,67,123,28,holding,
2026-08-04T09:18:10.818,46421012,T0003,OBJ-F,SC-01,normal,70,171,67,122,28,holding,
2026-08-04T09:18:10.839,46440464,T0003,OBJ-F,SC-01,normal,70,171,67,123,28,holding,
2026-08-04T09:18:10.859,46460956,T0003,OBJ-F,SC-01,normal,70,171,67,123,28,holding,
2026-08-04T09:18:10.880,46480408,T0003,OBJ-F,SC-01,normal,70,171,67,123,28,holding,
2026-08-04T09:18:10.899,46500884,T0003,OBJ-F,SC-01,normal,70,171,67,123,28,holding,
2026-08-04T09:18:10.919,46520336,T0003,OBJ-F,SC-01,normal,70,171,67,123,28,holding,
2026-08-04T09:18:10.939,46540828,T0003,OBJ-F,SC-01,normal,70,171,67,123,28,holding,
2026-08-04T09:18:10.959,46560280,T0003,OBJ-F,SC-01,normal,70,171,67,123,28,holding,
2026-08-04T09:18:10.979,46580752,T0003,OBJ-F,SC-01,normal,70,171,67,122,28,holding,
2026-08-04T09:18:10.999,46600208,T0003,OBJ-F,SC-01,normal,70,171,67,122,28,holding,
2026-08-04T09:18:11.019,46620700,T0003,OBJ-F,SC-01,normal,70,171,67,120,28,holding,
2026-08-04T09:18:11.039,46640152,T0003,OBJ-F,SC-01,normal,70,171,67,119,28,holding,
2026-08-04T09:18:11.060,46660628,T0003,OBJ-F,SC-01,normal,70,171,67,117,28,holding,
2026-08-04T09:18:11.079,46680080,T0003,OBJ-F,SC-01,normal,70,171,67,115,28,holding,
2026-08-04T09:18:11.100,46700572,T0003,OBJ-F,SC-01,normal,70,171,67,114,28,holding,
2026-08-04T09:18:11.119,46720028,T0003,OBJ-F,SC-01,normal,70,171,67,113,28,holding,
2026-08-04T09:18:11.140,46740496,T0003,OBJ-F,SC-01,normal,70,171,67,112,28,holding,
2026-08-04T09:18:11.159,46760988,T0003,OBJ-F,SC-01,normal,70,171,67,111,28,holding,
2026-08-04T09:18:11.179,46780440,T0003,OBJ-F,SC-01,normal,70,171,67,110,28,holding,
2026-08-04T09:18:11.199,46800916,T0003,OBJ-F,SC-01,normal,70,171,67,109,28,holding,
2026-08-04T09:18:11.219,46820368,T0003,OBJ-F,SC-01,normal,70,171,67,109,28,holding,
2026-08-04T09:18:11.239,46840844,T0003,OBJ-F,SC-01,normal,70,171,67,109,28,holding,
2026-08-04T09:18:11.259,46860316,T0003,OBJ-F,SC-01,normal,70,171,67,109,28,holding,
2026-08-04T09:18:11.278,46880788,T0003,OBJ-F,SC-01,normal,70,171,67,109,28,holding,
2026-08-04T09:18:11.299,46900240,T0003,OBJ-F,SC-01,normal,70,171,67,109,28,holding,
2026-08-04T09:18:11.319,46920716,T0003,OBJ-F,SC-01,normal,70,171,67,109,28,holding,
2026-08-04T09:18:11.339,46940188,T0003,OBJ-F,SC-01,normal,70,171,67,109,28,holding,
2026-08-04T09:18:11.360,46960660,T0003,OBJ-F,SC-01,normal,70,171,67,109,28,holding,
2026-08-04T09:18:11.379,46980112,T0003,OBJ-F,SC-01,normal,70,171,67,109,28,holding,
2026-08-04T09:18:11.400,47000588,T0003,OBJ-F,SC-01,normal,70,171,67,109,28,holding,
2026-08-04T09:18:11.419,47020044,T0003,OBJ-F,SC-01,normal,70,171,67,109,28,holding,
2026-08-04T09:18:11.439,47040536,T0003,OBJ-F,SC-01,normal,70,171,67,109,28,holding,
2026-08-04T09:18:11.459,47061012,T0003,OBJ-F,SC-01,normal,70,171,67,109,28,holding,
2026-08-04T09:18:11.479,47080464,T0003,OBJ-F,SC-01,normal,70,171,67,109,28,holding,
2026-08-04T09:18:11.499,47100940,T0003,OBJ-F,SC-01,normal,70,171,67,109,28,holding,
2026-08-04T09:18:11.519,47120396,T0003,OBJ-F,SC-01,normal,70,171,67,108,28,closed,
2026-08-04T09:18:11.538,47140888,T0003,OBJ-F,SC-01,normal,70,171,67,107,28,closed,
2026-08-04T09:18:11.559,47160344,T0003,OBJ-F,SC-01,normal,70,171,67,106,28,closed,
2026-08-04T09:18:11.578,47180820,T0003,OBJ-F,SC-01,normal,70,171,67,105,28,closed,
2026-08-04T09:18:11.599,47200272,T0003,OBJ-F,SC-01,normal,70,171,67,103,28,closed,
2026-08-04T09:18:11.619,47220748,T0003,OBJ-F,SC-01,normal,70,171,67,102,28,closed,
2026-08-04T09:18:11.639,47240204,T0003,OBJ-F,SC-01,normal,70,171,67,102,28,closed,
2026-08-04T09:18:11.658,47260696,T0003,OBJ-F,SC-01,normal,70,171,67,101,28,closed,
2026-08-04T09:18:11.679,47280148,T0003,OBJ-F,SC-01,normal,70,171,67,101,28,closed,
2026-08-04T09:18:11.699,47300624,T0003,OBJ-F,SC-01,normal,70,171,67,100,28,closed,
2026-08-04T09:18:11.719,47320080,T0003,OBJ-F,SC-01,normal,70,171,67,100,28,closed,
2026-08-04T09:18:11.739,47340552,T0003,OBJ-F,SC-01,normal,70,171,67,100,28,closed,
2026-08-04T09:18:11.759,47360028,T0003,OBJ-F,SC-01,normal,70,171,67,100,28,closed,
2026-08-04T09:18:11.779,47380500,T0003,OBJ-F,SC-01,normal,70,171,67,100,28,closed,
2026-08-04T09:18:11.799,47400976,T0003,OBJ-F,SC-01,normal,70,171,67,100,28,closed,
2026-08-04T09:18:11.819,47420428,T0003,OBJ-F,SC-01,normal,70,171,67,100,28,closed,
2026-08-04T09:18:11.839,47440920,T0003,OBJ-F,SC-01,normal,70,171,67,100,28,closed,
2026-08-04T09:18:11.859,47460376,T0003,OBJ-F,SC-01,normal,70,171,67,100,28,closed,
2026-08-04T09:18:11.879,47480852,T0003,OBJ-F,SC-01,normal,70,171,67,100,28,closed,
2026-08-04T09:18:11.899,47500308,T0003,OBJ-F,SC-01,normal,70,171,67,100,28,closed,
2026-08-04T09:18:11.918,47520784,T0003,OBJ-F,SC-01,normal,70,171,67,100,28,closed,
2026-08-04T09:18:11.939,47540244,T0003,OBJ-F,SC-01,normal,70,171,67,99,28,closed,
2026-08-04T09:18:11.959,47560724,T0003,OBJ-F,SC-01,normal,70,171,67,98,28,closed,
2026-08-04T09:18:11.979,47580184,T0003,OBJ-F,SC-01,normal,70,171,67,97,28,closed,
2026-08-04T09:18:11.999,47600664,T0003,OBJ-F,SC-01,normal,70,171,67,96,28,closed,
2026-08-04T09:18:12.019,47620108,T0003,OBJ-F,SC-01,normal,70,171,67,95,28,closed,
2026-08-04T09:18:12.040,47640588,T0003,OBJ-F,SC-01,normal,70,171,67,95,28,closed,
2026-08-04T09:18:12.059,47660052,T0003,OBJ-F,SC-01,normal,70,171,67,95,28,closed,
2026-08-04T09:18:12.079,47680532,T0003,OBJ-F,SC-01,normal,70,171,67,94,28,closed,
2026-08-04T09:18:12.099,47701012,T0003,OBJ-F,SC-01,normal,70,171,67,94,28,closed,
2026-08-04T09:18:12.119,47720476,T0003,OBJ-F,SC-01,normal,70,171,67,94,28,closed,
2026-08-04T09:18:12.139,47740940,T0003,OBJ-F,SC-01,normal,70,171,67,94,28,closed,
2026-08-04T09:18:12.159,47760400,T0003,OBJ-F,SC-01,normal,70,171,67,94,28,closed,
2026-08-04T09:18:12.179,47780880,T0003,OBJ-F,SC-01,normal,70,171,67,94,28,closed,
2026-08-04T09:18:12.199,47800344,T0003,OBJ-F,SC-01,normal,70,171,67,94,28,closed,
2026-08-04T09:18:12.219,47820824,T0003,OBJ-F,SC-01,normal,70,171,67,94,28,closed,
2026-08-04T09:18:12.239,47840268,T0003,OBJ-F,SC-01,normal,70,171,67,94,28,closed,
2026-08-04T09:18:12.259,47860748,T0003,OBJ-F,SC-01,normal,70,171,67,94,28,closed,
2026-08-04T09:18:12.279,47880212,T0003,OBJ-F,SC-01,normal,70,171,67,94,28,closed,
2026-08-04T09:18:12.300,47900692,T0003,OBJ-F,SC-01,normal,70,171,67,94,28,closed,
2026-08-04T09:18:12.319,47920140,T0003,OBJ-F,SC-01,normal,70,171,67,94,28,closed,
2026-08-04T09:18:12.340,47940620,T0003,OBJ-F,SC-01,normal,70,171,67,94,28,closed,
2026-08-04T09:18:12.359,47960084,T0003,OBJ-F,SC-01,normal,70,171,67,93,28,closed,
2026-08-04T09:18:12.380,47980568,T0003,OBJ-F,SC-01,normal,70,171,67,93,28,closed,
2026-08-04T09:18:12.399,48000012,T0003,OBJ-F,SC-01,normal,70,171,67,92,28,closed,
2026-08-04T09:18:12.420,48020492,T0003,OBJ-F,SC-01,normal,70,171,67,91,28,closed,
2026-08-04T09:18:12.440,48040972,T0003,OBJ-F,SC-01,normal,70,171,67,91,28,closed,
2026-08-04T09:18:12.460,48060432,T0003,OBJ-F,SC-01,normal,70,171,67,91,28,closed,
2026-08-04T09:18:12.480,48080912,T0003,OBJ-F,SC-01,normal,70,171,67,91,28,closed,
2026-08-04T09:18:12.500,48100372,T0003,OBJ-F,SC-01,normal,70,171,67,91,28,closed,
2026-08-04T09:18:12.521,48120856,T0003,OBJ-F,SC-01,normal,70,171,67,91,28,closed,
2026-08-04T09:18:12.540,48140300,T0003,OBJ-F,SC-01,normal,70,171,67,91,28,closed,
2026-08-04T09:18:12.560,48160784,T0003,OBJ-F,SC-01,normal,70,171,67,91,28,closed,
2026-08-04T09:18:12.580,48180244,T0003,OBJ-F,SC-01,normal,70,171,67,91,28,closed,
2026-08-04T09:18:12.601,48200724,T0003,OBJ-F,SC-01,normal,70,171,67,91,28,closed,
2026-08-04T09:18:12.620,48220184,T0003,OBJ-F,SC-01,normal,70,171,67,91,28,closed,
2026-08-04T09:18:12.641,48240664,T0003,OBJ-F,SC-01,normal,70,171,67,91,28,closed,
2026-08-04T09:18:12.660,48260108,T0003,OBJ-F,SC-01,normal,70,171,67,91,28,closed,
2026-08-04T09:18:12.681,48280588,T0003,OBJ-F,SC-01,normal,70,171,67,91,28,closed,
2026-08-04T09:18:12.700,48300052,T0003,OBJ-F,SC-01,normal,70,171,67,91,28,closed,
2026-08-04T09:18:12.721,48320532,T0003,OBJ-F,SC-01,normal,70,171,67,91,28,closed,
2026-08-04T09:18:12.759,48341016,T0003,OBJ-F,SC-01,normal,70,171,67,91,28,closed,
2026-08-04T09:18:12.761,48360476,T0003,OBJ-F,SC-01,normal,70,171,67,91,28,closed,
2026-08-04T09:18:12.800,48380940,T0003,OBJ-F,SC-01,normal,70,171,67,91,28,closed,
2026-08-04T09:18:12.801,48400400,T0003,OBJ-F,SC-01,normal,70,171,67,91,28,closed,
2026-08-04T09:18:12.839,48420884,T0003,OBJ-F,SC-01,normal,70,171,67,91,28,closed,
2026-08-04T09:18:12.841,48440344,T0003,OBJ-F,SC-01,normal,70,171,67,91,28,closed,
2026-08-04T09:18:12.879,48460824,T0003,OBJ-F,SC-01,normal,70,171,67,91,28,closed,
2026-08-04T09:18:12.881,48480284,T0003,OBJ-F,SC-01,normal,70,171,67,90,28,closed,
2026-08-04T09:18:12.919,48500748,T0003,OBJ-F,SC-01,normal,70,171,67,91,28,closed,
2026-08-04T09:18:12.921,48520208,T0003,OBJ-F,SC-01,normal,70,171,67,91,28,closed,
2026-08-04T09:18:12.959,48540692,T0003,OBJ-F,SC-01,normal,70,171,67,91,28,closed,
2026-08-04T09:18:12.961,48560152,T0003,OBJ-F,SC-01,normal,70,171,67,91,28,closed,
2026-08-04T09:18:12.999,48580632,T0003,OBJ-F,SC-01,normal,70,171,67,91,28,closed,
2026-08-04T09:18:13.001,48600076,T0003,OBJ-F,SC-01,normal,70,171,67,91,28,closed,
2026-08-04T09:18:13.039,48620560,T0003,OBJ-F,SC-01,normal,70,171,67,91,28,closed,
2026-08-04T09:18:13.042,48640020,T0003,OBJ-F,SC-01,normal,70,171,67,91,28,closed,
2026-08-04T09:18:13.079,48660500,T0003,OBJ-F,SC-01,normal,70,171,67,91,28,closed,
2026-08-04T09:18:13.099,48680980,T0003,OBJ-F,SC-01,normal,70,171,67,91,28,closed,
2026-08-04T09:18:13.119,48700440,T0003,OBJ-F,SC-01,normal,70,171,67,91,28,closed,
2026-08-04T09:18:13.139,48720924,T0003,OBJ-F,SC-01,normal,70,171,67,91,28,closed,
2026-08-04T09:18:13.159,48740364,T0003,OBJ-F,SC-01,normal,70,171,67,91,28,closed,
2026-08-04T09:18:13.179,48760848,T0003,OBJ-F,SC-01,normal,70,171,67,91,28,closed,
2026-08-04T09:18:13.198,48780308,T0003,OBJ-F,SC-01,normal,70,171,67,91,28,closed,
2026-08-04T09:18:13.219,48800792,T0003,OBJ-F,SC-01,normal,70,170,67,91,28,closed,
2026-08-04T09:18:13.223,48820236,T0003,OBJ-F,SC-01,normal,70,170,67,91,28,closed,
2026-08-04T09:18:13.259,48840716,T0003,OBJ-F,SC-01,normal,70,169,67,91,28,closed,
2026-08-04T09:18:13.279,48860180,T0003,OBJ-F,SC-01,normal,70,168,67,91,28,closed,
2026-08-04T09:18:13.299,48880660,T0003,OBJ-F,SC-01,normal,70,168,67,91,28,closed,
2026-08-04T09:18:13.320,48900120,T0003,OBJ-F,SC-01,normal,70,167,67,91,28,closed,
2026-08-04T09:18:13.339,48920600,T0003,OBJ-F,SC-01,normal,70,167,67,91,28,closed,
2026-08-04T09:18:13.359,48940044,T0003,OBJ-F,SC-01,normal,70,166,67,91,28,closed,
2026-08-04T09:18:13.379,48960528,T0003,OBJ-F,SC-01,normal,70,166,67,91,28,closed,
2026-08-04T09:18:13.399,48981008,T0003,OBJ-F,SC-01,normal,70,165,67,91,28,closed,
2026-08-04T09:18:13.419,49000468,T0003,OBJ-F,SC-01,normal,70,165,67,91,28,closed,
2026-08-04T09:18:13.439,49020952,T0003,OBJ-F,SC-01,normal,70,165,67,91,28,closed,
2026-08-04T09:18:13.459,49040396,T0003,OBJ-F,SC-01,normal,70,164,67,91,28,closed,
2026-08-04T09:18:13.479,49060876,T0003,OBJ-F,SC-01,normal,70,164,67,91,28,closed,
2026-08-04T09:18:13.498,49080340,T0003,OBJ-F,SC-01,normal,70,164,67,91,28,closed,
2026-08-04T09:18:13.519,49100820,T0003,OBJ-F,SC-01,normal,70,164,67,91,28,closed,
2026-08-04T09:18:13.539,49120284,T0003,OBJ-F,SC-01,normal,70,164,67,91,28,closed,
2026-08-04T09:18:13.559,49140764,T0003,OBJ-F,SC-01,normal,70,164,67,91,28,closed,
2026-08-04T09:18:13.579,49160212,T0003,OBJ-F,SC-01,normal,70,164,67,91,28,closed,
2026-08-04T09:18:13.599,49180684,T0003,OBJ-F,SC-01,normal,70,164,67,91,28,closed,
2026-08-04T09:18:13.619,49200152,T0003,OBJ-F,SC-01,normal,70,164,67,91,28,closed,
2026-08-04T09:18:13.639,49220632,T0003,OBJ-F,SC-01,normal,70,164,67,91,28,closed,
2026-08-04T09:18:13.660,49240076,T0003,OBJ-F,SC-01,normal,70,164,67,91,28,closed,
2026-08-04T09:18:13.679,49260556,T0003,OBJ-F,SC-01,normal,70,164,67,91,28,closed,
2026-08-04T09:18:13.699,49280016,T0003,OBJ-F,SC-01,normal,70,164,67,91,28,closed,
2026-08-04T09:18:13.719,49300496,T0003,OBJ-F,SC-01,normal,70,164,67,91,28,closed,
2026-08-04T09:18:13.739,49320988,T0003,OBJ-F,SC-01,normal,70,164,67,91,28,closed,
2026-08-04T09:18:13.759,49340436,T0003,OBJ-F,SC-01,normal,70,164,67,91,28,closed,
2026-08-04T09:18:13.779,49360908,T0003,OBJ-F,SC-01,normal,70,164,67,91,28,closed,
2026-08-04T09:18:13.798,49380368,T0003,OBJ-F,SC-01,normal,70,164,67,91,28,closed,
2026-08-04T09:18:13.819,49400856,T0003,OBJ-F,SC-01,normal,70,164,67,91,28,closed,
2026-08-04T09:18:13.838,49420316,T0003,OBJ-F,SC-01,normal,70,164,67,91,28,closed,
2026-08-04T09:18:13.859,49440792,T0003,OBJ-F,SC-01,normal,70,164,67,91,28,closed,
2026-08-04T09:18:13.879,49460252,T0003,OBJ-F,SC-01,normal,70,164,67,91,28,closed,
2026-08-04T09:18:13.899,49480720,T0003,OBJ-F,SC-01,normal,70,164,67,91,28,closed,
2026-08-04T09:18:13.920,49500172,T0003,OBJ-F,SC-01,normal,70,164,67,91,28,closed,
2026-08-04T09:18:13.939,49520672,T0003,OBJ-F,SC-01,normal,70,164,67,91,28,closed,
2026-08-04T09:18:13.960,49540112,T0003,OBJ-F,SC-01,normal,70,164,67,91,28,closed,
2026-08-04T09:18:13.979,49560604,T0003,OBJ-F,SC-01,normal,70,164,67,91,28,closed,
2026-08-04T09:18:13.999,49580056,T0003,OBJ-F,SC-01,normal,70,164,67,91,28,closed,
2026-08-04T09:18:14.018,49600536,T0003,OBJ-F,SC-01,normal,70,164,67,91,28,closed,
2026-08-04T09:18:14.039,49621020,T0003,OBJ-F,SC-01,normal,70,164,67,91,28,closed,
2026-08-04T09:18:14.059,49640472,T0003,OBJ-F,SC-01,normal,70,164,67,91,28,closed,
2026-08-04T09:18:14.079,49660944,T0003,OBJ-F,SC-01,normal,70,164,67,91,28,closed,
2026-08-04T09:18:14.099,49680408,T0003,OBJ-F,SC-01,normal,70,164,67,91,28,closed,
2026-08-04T09:18:14.119,49700884,T0003,OBJ-F,SC-01,normal,70,164,67,91,28,closed,
2026-08-04T09:18:14.139,49720344,T0003,OBJ-F,SC-01,normal,70,164,67,91,28,closed,
2026-08-04T09:18:14.159,49740828,T0003,OBJ-F,SC-01,normal,70,164,67,91,28,closed,
2026-08-04T09:18:14.179,49760276,T0003,OBJ-F,SC-01,normal,70,164,67,91,28,closed,
2026-08-04T09:18:14.199,49780752,T0003,OBJ-F,SC-01,normal,70,164,67,91,28,closed,
2026-08-04T09:18:14.218,49800424,T0003,OBJ-F,SC-01,normal,70,164,67,91,28,closed,
2026-08-04T09:18:14.239,49820696,T0003,OBJ-F,SC-01,normal,70,164,67,91,28,closed,
2026-08-04T09:18:14.259,49840156,T0003,OBJ-F,SC-01,normal,70,164,67,91,28,closed,
2026-08-04T09:18:14.279,49860620,T0003,OBJ-F,SC-01,normal,70,164,67,91,28,closed,
2026-08-04T09:18:14.299,49880080,T0003,OBJ-F,SC-01,normal,70,164,67,90,28,closed,
2026-08-04T09:18:14.319,49900560,T0003,OBJ-F,SC-01,normal,70,164,67,91,28,closed,
2026-08-04T09:18:14.339,49920024,T0003,OBJ-F,SC-01,normal,70,164,67,91,28,closed,
2026-08-04T09:18:14.359,49940504,T0003,OBJ-F,SC-01,normal,70,164,67,91,28,closed,
2026-08-04T09:18:14.380,49960984,T0003,OBJ-F,SC-01,normal,70,164,67,91,28,closed,
2026-08-04T09:18:14.399,49980444,T0003,OBJ-F,SC-01,normal,70,164,67,91,28,closed,
2026-08-04T09:18:14.419,50000908,T0003,OBJ-F,SC-01,normal,70,164,67,91,28,closed,
2026-08-04T09:18:14.438,50020368,T0003,OBJ-F,SC-01,normal,70,164,67,91,28,closed,
2026-08-04T09:18:14.459,50040848,T0003,OBJ-F,SC-01,normal,70,164,67,90,28,closed,
2026-08-04T09:18:14.479,50060308,T0003,OBJ-F,SC-01,normal,70,163,67,90,28,closed,
2026-08-04T09:18:14.499,50080792,T0003,OBJ-F,SC-01,normal,70,164,67,90,28,closed,
2026-08-04T09:18:14.519,50100252,T0003,OBJ-F,SC-01,normal,70,164,67,90,28,closed,
2026-08-04T09:18:14.539,50120716,T0003,OBJ-F,SC-01,normal,70,164,67,89,28,closed,
2026-08-04T09:18:14.559,50140176,T0003,OBJ-F,SC-01,normal,70,164,67,89,28,closed,
2026-08-04T09:18:14.579,50160656,T0003,OBJ-F,SC-01,normal,70,164,67,89,28,closed,
2026-08-04T09:18:14.600,50180120,T0003,OBJ-F,SC-01,normal,70,164,67,88,28,closed,
2026-08-04T09:18:14.619,50200600,T0003,OBJ-F,SC-01,normal,70,164,67,88,28,closed,
2026-08-04T09:18:14.639,50220060,T0003,OBJ-F,SC-01,normal,70,164,67,87,28,closed,
2026-08-04T09:18:14.659,50240524,T0003,OBJ-F,SC-01,normal,70,164,67,87,28,closed,
2026-08-04T09:18:14.679,50261004,T0003,OBJ-F,SC-01,normal,70,164,67,87,28,closed,
2026-08-04T09:18:14.699,50280464,T0003,OBJ-F,SC-01,normal,70,164,67,87,28,closed,
2026-08-04T09:18:14.719,50300944,T0003,OBJ-F,SC-01,normal,70,164,67,86,28,closed,
2026-08-04T09:18:14.739,50320408,T0003,OBJ-F,SC-01,normal,70,164,67,86,28,closed,
2026-08-04T09:18:14.759,50340888,T0003,OBJ-F,SC-01,normal,70,164,67,86,28,closed,
2026-08-04T09:18:14.779,50360332,T0003,OBJ-F,SC-01,normal,70,164,67,86,28,closed,
2026-08-04T09:18:14.799,50380812,T0003,OBJ-F,SC-01,normal,70,163,67,85,28,closed,
2026-08-04T09:18:14.819,50400272,T0003,OBJ-F,SC-01,normal,70,164,67,85,28,closed,
2026-08-04T09:18:14.839,50420752,T0003,OBJ-F,SC-01,normal,70,164,67,85,28,closed,
2026-08-04T09:18:14.858,50440216,T0003,OBJ-F,SC-01,normal,70,164,67,85,28,closed,
2026-08-04T09:18:14.878,50460696,T0003,OBJ-F,SC-01,normal,70,164,67,84,28,closed,
2026-08-04T09:18:14.899,50480140,T0003,OBJ-F,SC-01,normal,70,164,67,84,28,closed,
2026-08-04T09:18:14.918,50500624,T0003,OBJ-F,SC-01,normal,70,164,67,84,28,closed,
2026-08-04T09:18:14.939,50520084,T0003,OBJ-F,SC-01,normal,70,164,67,84,28,closed,
2026-08-04T09:18:14.959,50540564,T0003,OBJ-F,SC-01,normal,70,164,67,84,28,closed,
2026-08-04T09:18:14.979,50560028,T0003,OBJ-F,SC-01,normal,70,164,67,84,28,closed,
2026-08-04T09:18:14.999,50580508,T0003,OBJ-F,SC-01,normal,70,164,67,84,28,closed,
2026-08-04T09:18:15.019,50600972,T0003,OBJ-F,SC-01,normal,70,164,67,84,28,closed,
2026-08-04T09:18:15.039,50620432,T0003,OBJ-F,SC-01,normal,70,164,67,84,28,closed,
2026-08-04T09:18:15.060,50640916,T0003,OBJ-F,SC-01,normal,70,164,67,84,28,closed,
2026-08-04T09:18:15.079,50660376,T0003,OBJ-F,SC-01,normal,70,164,67,84,28,closed,
2026-08-04T09:18:15.099,50680860,T0003,OBJ-F,SC-01,normal,70,164,67,84,28,closed,
2026-08-04T09:18:15.119,50700304,T0003,OBJ-F,SC-01,normal,70,164,67,84,28,closed,
2026-08-04T09:18:15.139,50720784,T0003,OBJ-F,SC-01,normal,70,164,67,84,28,closed,
2026-08-04T09:18:15.159,50740248,T0003,OBJ-F,SC-01,normal,70,164,67,84,28,closed,
2026-08-04T09:18:15.179,50760728,T0003,OBJ-F,SC-01,normal,70,164,67,84,28,closed,
2026-08-04T09:18:15.200,50780172,T0003,OBJ-F,SC-01,normal,70,164,67,84,28,closed,
2026-08-04T09:18:15.219,50800656,T0003,OBJ-F,SC-01,normal,70,164,67,84,28,closed,
2026-08-04T09:18:15.239,50820116,T0003,OBJ-F,SC-01,normal,70,164,67,84,28,closed,
2026-08-04T09:18:15.258,50840596,T0003,OBJ-F,SC-01,normal,70,164,67,84,28,closed,
2026-08-04T09:18:15.279,50860056,T0003,OBJ-F,SC-01,normal,70,164,67,84,28,closed,
2026-08-04T09:18:15.298,50880524,T0003,OBJ-F,SC-01,normal,70,164,67,84,28,closed,
2026-08-04T09:18:15.319,50901004,T0003,OBJ-F,SC-01,normal,70,164,67,84,28,closed,
2026-08-04T09:18:15.338,50920464,T0003,OBJ-F,SC-01,normal,70,164,67,84,28,closed,
2026-08-04T09:18:15.359,50940948,T0003,OBJ-F,SC-01,normal,70,164,67,84,28,closed,
2026-08-04T09:18:15.378,50960408,T0003,OBJ-F,SC-01,normal,70,164,67,84,28,closed,
2026-08-04T09:18:15.399,50980892,T0003,OBJ-F,SC-01,normal,70,164,67,84,28,closed,
2026-08-04T09:18:15.419,51000336,T0003,OBJ-F,SC-01,normal,70,164,67,84,28,closed,
2026-08-04T09:18:15.439,51020816,T0003,OBJ-F,SC-01,normal,70,164,67,84,28,closed,
2026-08-04T09:18:15.459,51040276,T0003,OBJ-F,SC-01,normal,70,164,67,84,28,closed,
2026-08-04T09:18:15.479,51060760,T0003,OBJ-F,SC-01,normal,70,164,67,84,28,closed,
2026-08-04T09:18:15.498,51080204,T0003,OBJ-F,SC-01,normal,70,164,67,84,28,closed,
2026-08-04T09:18:15.519,51100688,T0003,OBJ-F,SC-01,normal,70,164,67,84,28,closed,
2026-08-04T09:18:15.540,51120148,T0003,OBJ-F,SC-01,normal,70,164,67,84,28,closed,
2026-08-04T09:18:15.559,51140632,T0003,OBJ-F,SC-01,normal,70,163,67,84,28,closed,
2026-08-04T09:18:15.579,51160076,T0003,OBJ-F,SC-01,normal,70,163,67,84,28,closed,
2026-08-04T09:18:15.599,51180556,T0003,OBJ-F,SC-01,normal,70,162,67,84,28,closed,
2026-08-04T09:18:15.619,51200020,T0003,OBJ-F,SC-01,normal,70,162,67,84,28,closed,
2026-08-04T09:18:15.639,51220496,T0003,OBJ-F,SC-01,normal,70,161,67,84,28,closed,
2026-08-04T09:18:15.659,51240976,T0003,OBJ-F,SC-01,normal,70,161,67,84,28,closed,
2026-08-04T09:18:15.679,51260432,T0003,OBJ-F,SC-01,normal,70,160,67,84,28,closed,
2026-08-04T09:18:15.700,51280916,T0003,OBJ-F,SC-01,normal,70,160,67,84,28,closed,
2026-08-04T09:18:15.719,51300372,T0003,OBJ-F,SC-01,normal,70,159,67,84,28,closed,
2026-08-04T09:18:15.739,51320856,T0003,OBJ-F,SC-01,normal,70,159,67,84,28,closed,
2026-08-04T09:18:15.759,51340300,T0003,OBJ-F,SC-01,normal,70,159,67,84,28,closed,
2026-08-04T09:18:15.779,51360780,T0003,OBJ-F,SC-01,normal,70,159,67,84,28,closed,
2026-08-04T09:18:15.799,51380240,T0003,OBJ-F,SC-01,normal,70,159,67,84,28,closed,
2026-08-04T09:18:15.819,51400720,T0003,OBJ-F,SC-01,normal,70,159,67,84,28,closed,
2026-08-04T09:18:15.840,51420184,T0003,OBJ-F,SC-01,normal,70,159,67,84,28,closed,
2026-08-04T09:18:15.859,51440664,T0003,OBJ-F,SC-01,normal,70,159,67,84,28,closed,
2026-08-04T09:18:15.880,51460124,T0003,OBJ-F,SC-01,normal,70,159,67,84,28,closed,
2026-08-04T09:18:15.899,51480588,T0003,OBJ-F,SC-01,normal,70,159,67,84,28,closed,
2026-08-04T09:18:15.920,51500048,T0003,OBJ-F,SC-01,normal,70,159,67,84,28,closed,
2026-08-04T09:18:15.938,51520528,T0003,OBJ-F,SC-01,normal,70,159,67,84,28,closed,
2026-08-04T09:18:15.959,51541012,T0003,OBJ-F,SC-01,normal,70,159,67,84,28,closed,
2026-08-04T09:18:15.978,51560472,T0003,OBJ-F,SC-01,normal,70,159,67,84,28,closed,
2026-08-04T09:18:15.999,51580952,T0003,OBJ-F,SC-01,normal,70,159,67,84,28,closed,
2026-08-04T09:18:16.019,51600396,T0003,OBJ-F,SC-01,normal,70,159,67,84,28,closed,
2026-08-04T09:18:16.039,51620880,T0003,OBJ-F,SC-01,normal,70,158,67,84,28,closed,
2026-08-04T09:18:16.059,51640340,T0003,OBJ-F,SC-01,normal,70,158,67,84,28,closed,
2026-08-04T09:18:16.079,51660820,T0003,OBJ-F,SC-01,normal,70,157,67,84,28,closed,
2026-08-04T09:18:16.099,51680276,T0003,OBJ-F,SC-01,normal,70,156,67,84,28,closed,
2026-08-04T09:18:16.119,51700760,T0003,OBJ-F,SC-01,normal,70,156,67,84,28,closed,
2026-08-04T09:18:16.139,51720204,T0003,OBJ-F,SC-01,normal,70,155,67,84,28,closed,
2026-08-04T09:18:16.159,51740684,T0003,OBJ-F,SC-01,normal,70,155,67,84,28,closed,
2026-08-04T09:18:16.179,51760144,T0003,OBJ-F,SC-01,normal,70,155,67,84,28,closed,
2026-08-04T09:18:16.199,51780628,T0003,OBJ-F,SC-01,normal,70,155,67,84,28,closed,
2026-08-04T09:18:16.220,51800088,T0003,OBJ-F,SC-01,normal,70,155,67,84,28,closed,
2026-08-04T09:18:16.238,51820568,T0003,OBJ-F,SC-01,normal,70,154,67,84,28,closed,
2026-08-04T09:18:16.259,51840012,T0003,OBJ-F,SC-01,normal,70,154,67,84,28,closed,
2026-08-04T09:18:16.279,51860492,T0003,OBJ-F,SC-01,normal,70,154,67,84,28,closed,
2026-08-04T09:18:16.299,51880972,T0003,OBJ-F,SC-01,normal,70,154,67,84,28,closed,
2026-08-04T09:18:16.319,51900432,T0003,OBJ-F,SC-01,normal,70,154,67,84,28,closed,
2026-08-04T09:18:16.339,51920916,T0003,OBJ-F,SC-01,normal,70,154,67,84,28,closed,
2026-08-04T09:18:16.358,51940376,T0003,OBJ-F,SC-01,normal,70,154,67,84,28,closed,
2026-08-04T09:18:16.379,51960856,T0003,OBJ-F,SC-01,normal,70,154,67,84,28,closed,
2026-08-04T09:18:16.399,51980300,T0003,OBJ-F,SC-01,normal,70,153,67,84,28,closed,
2026-08-04T09:18:16.419,52000784,T0003,OBJ-F,SC-01,normal,70,153,67,84,28,closed,
2026-08-04T09:18:16.439,52020244,T0003,OBJ-F,SC-01,normal,70,153,67,84,28,closed,
2026-08-04T09:18:16.459,52040724,T0003,OBJ-F,SC-01,normal,70,152,67,84,28,closed,
2026-08-04T09:18:16.479,52060184,T0003,OBJ-F,SC-01,normal,70,151,67,84,28,closed,
2026-08-04T09:18:16.499,52080664,T0003,OBJ-F,SC-01,normal,70,151,67,84,28,closed,
2026-08-04T09:18:16.519,52100108,T0003,OBJ-F,SC-01,normal,70,150,67,84,28,closed,
2026-08-04T09:18:16.539,52120588,T0003,OBJ-F,SC-01,normal,70,150,67,84,28,closed,
2026-08-04T09:18:16.559,52140052,T0003,OBJ-F,SC-01,normal,70,149,67,84,28,closed,
2026-08-04T09:18:16.579,52160532,T0003,OBJ-F,SC-01,normal,70,149,67,84,28,closed,
2026-08-04T09:18:16.599,52181012,T0003,OBJ-F,SC-01,normal,70,148,67,84,28,closed,
2026-08-04T09:18:16.619,52200476,T0003,OBJ-F,SC-01,normal,70,148,67,84,28,closed,
2026-08-04T09:18:16.640,52220940,T0003,OBJ-F,SC-01,normal,70,147,67,84,28,closed,
2026-08-04T09:18:16.659,52240404,T0003,OBJ-F,SC-01,normal,70,147,67,84,28,closed,
2026-08-04T09:18:16.679,52260884,T0003,OBJ-F,SC-01,normal,70,146,67,84,28,closed,
2026-08-04T09:18:16.699,52280344,T0003,OBJ-F,SC-01,normal,70,145,67,84,28,closed,
2026-08-04T09:18:16.720,52300824,T0003,OBJ-F,SC-01,normal,70,145,67,84,28,closed,
2026-08-04T09:18:16.739,52320268,T0003,OBJ-F,SC-01,normal,70,145,67,84,28,closed,
2026-08-04T09:18:16.759,52340752,T0003,OBJ-F,SC-01,normal,70,144,67,84,28,closed,
2026-08-04T09:18:16.779,52360212,T0003,OBJ-F,SC-01,normal,70,143,67,84,28,closed,
2026-08-04T09:18:16.799,52380692,T0003,OBJ-F,SC-01,normal,70,143,67,84,28,closed,
2026-08-04T09:18:16.819,52400140,T0003,OBJ-F,SC-01,normal,70,142,67,84,28,closed,
2026-08-04T09:18:16.839,52420620,T0003,OBJ-F,SC-01,normal,70,141,67,84,28,closed,
2026-08-04T09:18:16.859,52440084,T0003,OBJ-F,SC-01,normal,70,141,67,84,28,closed,
2026-08-04T09:18:16.879,52460564,T0003,OBJ-F,SC-01,normal,70,140,67,84,28,closed,
2026-08-04T09:18:16.900,52480020,T0003,OBJ-F,SC-01,normal,70,139,67,84,28,closed,
2026-08-04T09:18:16.919,52500500,T0003,OBJ-F,SC-01,normal,70,139,67,84,28,closed,
2026-08-04T09:18:16.940,52520976,T0003,OBJ-F,SC-01,normal,70,138,67,84,28,closed,
2026-08-04T09:18:16.958,52540436,T0003,OBJ-F,SC-01,normal,70,138,67,84,28,closed,
2026-08-04T09:18:16.979,52560916,T0003,OBJ-F,SC-01,normal,70,137,67,84,28,closed,
2026-08-04T09:18:16.999,52580376,T0003,OBJ-F,SC-01,normal,70,137,67,84,28,closed,
2026-08-04T09:18:17.019,52600856,T0003,OBJ-F,SC-01,normal,70,136,67,84,28,closed,
2026-08-04T09:18:17.039,52620316,T0003,OBJ-F,SC-01,normal,70,135,67,84,28,closed,
2026-08-04T09:18:17.059,52640796,T0003,OBJ-F,SC-01,normal,70,135,67,84,28,closed,
2026-08-04T09:18:17.079,52660236,T0003,OBJ-F,SC-01,normal,70,134,67,84,28,closed,
2026-08-04T09:18:17.099,52680716,T0003,OBJ-F,SC-01,normal,70,134,67,84,28,closed,
2026-08-04T09:18:17.119,52700176,T0003,OBJ-F,SC-01,normal,70,134,67,84,28,closed,
2026-08-04T09:18:17.139,52720656,T0003,OBJ-F,SC-01,normal,70,134,67,84,28,closed,
2026-08-04T09:18:17.159,52740116,T0003,OBJ-F,SC-01,normal,70,134,67,84,28,closed,
2026-08-04T09:18:17.179,52760596,T0003,OBJ-F,SC-01,normal,70,134,67,84,28,closed,
2026-08-04T09:18:17.199,52780056,T0003,OBJ-F,SC-01,normal,70,134,67,84,28,closed,
2026-08-04T09:18:17.219,52800536,T0003,OBJ-F,SC-01,normal,70,134,67,84,28,closed,
2026-08-04T09:18:17.239,52821016,T0003,OBJ-F,SC-01,normal,70,134,67,84,28,closed,
2026-08-04T09:18:17.258,52840476,T0003,OBJ-F,SC-01,normal,70,134,67,84,28,closed,
2026-08-04T09:18:17.279,52860956,T0003,OBJ-F,SC-01,normal,70,134,67,84,28,closed,
2026-08-04T09:18:17.298,52880396,T0003,OBJ-F,SC-01,normal,70,134,67,84,28,closed,
2026-08-04T09:18:17.319,52900876,T0003,OBJ-F,SC-01,normal,70,134,67,84,28,closed,
2026-08-04T09:18:17.339,52920336,T0003,OBJ-F,SC-01,normal,70,134,67,84,28,closed,
2026-08-04T09:18:17.359,52940816,T0003,OBJ-F,SC-01,normal,70,134,67,84,28,closed,
2026-08-04T09:18:17.379,52960272,T0003,OBJ-F,SC-01,normal,70,133,67,84,28,closed,
2026-08-04T09:18:17.399,52980756,T0003,OBJ-F,SC-01,normal,70,133,67,84,28,closed,
2026-08-04T09:18:17.419,53000216,T0003,OBJ-F,SC-01,normal,70,132,67,84,28,closed,
2026-08-04T09:18:17.438,53020696,T0003,OBJ-F,SC-01,normal,70,131,67,84,28,closed,
2026-08-04T09:18:17.459,53040140,T0003,OBJ-F,SC-01,normal,70,130,67,84,28,closed,
2026-08-04T09:18:17.479,53060620,T0003,OBJ-F,SC-01,normal,70,130,67,84,28,closed,
2026-08-04T09:18:17.499,53080080,T0003,OBJ-F,SC-01,normal,70,130,67,84,28,closed,
2026-08-04T09:18:17.519,53100560,T0003,OBJ-F,SC-01,normal,70,129,67,84,28,closed,
2026-08-04T09:18:17.540,53120020,T0003,OBJ-F,SC-01,normal,70,129,67,84,28,closed,
2026-08-04T09:18:17.559,53140500,T0003,OBJ-F,SC-01,normal,70,128,67,84,28,closed,
2026-08-04T09:18:17.579,53160980,T0003,OBJ-F,SC-01,normal,70,128,67,84,28,closed,
2026-08-04T09:18:17.599,53180440,T0003,OBJ-F,SC-01,normal,70,128,67,84,28,closed,
2026-08-04T09:18:17.619,53200920,T0003,OBJ-F,SC-01,normal,70,127,67,84,28,closed,
2026-08-04T09:18:17.639,53220364,T0003,OBJ-F,SC-01,normal,70,127,67,84,28,closed,
2026-08-04T09:18:17.659,53240844,T0003,OBJ-F,SC-01,normal,70,126,67,84,28,closed,
2026-08-04T09:18:17.679,53260304,T0003,OBJ-F,SC-01,normal,70,126,67,84,28,closed,
2026-08-04T09:18:17.699,53280784,T0003,OBJ-F,SC-01,normal,70,126,67,84,28,closed,
2026-08-04T09:18:17.719,53300244,T0003,OBJ-F,SC-01,normal,70,126,67,84,28,closed,
2026-08-04T09:18:17.739,53320720,T0003,OBJ-F,SC-01,normal,70,126,67,84,28,closed,
2026-08-04T09:18:17.760,53340180,T0003,OBJ-F,SC-01,normal,70,126,67,84,28,closed,
2026-08-04T09:18:17.780,53360660,T0003,OBJ-F,SC-01,normal,70,126,67,84,28,closed,
2026-08-04T09:18:17.800,53380120,T0003,OBJ-F,SC-01,normal,70,126,67,84,28,closed,
2026-08-04T09:18:17.820,53400600,T0003,OBJ-F,SC-01,normal,70,126,67,84,28,closed,
2026-08-04T09:18:17.840,53420044,T0003,OBJ-F,SC-01,normal,70,126,67,84,28,closed,
2026-08-04T09:18:17.860,53440524,T0003,OBJ-F,SC-01,normal,70,126,67,84,28,closed,
2026-08-04T09:18:17.880,53461004,T0003,OBJ-F,SC-01,normal,70,126,67,84,28,closed,
2026-08-04T09:18:17.900,53480460,T0003,OBJ-F,SC-01,normal,70,126,67,84,28,closed,
2026-08-04T09:18:17.920,53500940,T0003,OBJ-F,SC-01,normal,70,125,67,84,28,closed,
2026-08-04T09:18:17.940,53520404,T0003,OBJ-F,SC-01,normal,70,124,67,84,28,closed,
2026-08-04T09:18:17.960,53540884,T0003,OBJ-F,SC-01,normal,70,124,67,84,28,closed,
2026-08-04T09:18:17.980,53560344,T0003,OBJ-F,SC-01,normal,70,122,67,84,28,closed,
2026-08-04T09:18:18.000,53580824,T0003,OBJ-F,SC-01,normal,70,121,67,84,28,closed,
2026-08-04T09:18:18.020,53600284,T0003,OBJ-F,SC-01,normal,70,121,67,84,28,closed,
2026-08-04T09:18:18.041,53620764,T0003,OBJ-F,SC-01,normal,70,120,67,84,28,closed,
2026-08-04T09:18:18.060,53640204,T0003,OBJ-F,SC-01,normal,70,120,67,84,28,closed,
2026-08-04T09:18:18.081,53660684,T0003,OBJ-F,SC-01,normal,70,119,67,84,28,closed,
2026-08-04T09:18:18.100,53680144,T0003,OBJ-F,SC-01,normal,70,118,67,84,28,closed,
2026-08-04T09:18:18.121,53700624,T0003,OBJ-F,SC-01,normal,70,118,67,84,28,closed,
2026-08-04T09:18:18.140,53720084,T0003,OBJ-F,SC-01,normal,70,118,67,84,28,closed,
2026-08-04T09:18:18.161,53740568,T0003,OBJ-F,SC-01,normal,70,117,67,84,28,closed,
2026-08-04T09:18:18.181,53760028,T0003,OBJ-F,SC-01,normal,70,117,67,84,28,closed,
2026-08-04T09:18:18.201,53780504,T0003,OBJ-F,SC-01,normal,70,116,67,84,28,closed,
2026-08-04T09:18:18.221,53800984,T0003,OBJ-F,SC-01,normal,70,116,67,84,28,closed,
2026-08-04T09:18:18.241,53820440,T0003,OBJ-F,SC-01,normal,70,115,67,84,28,closed,
2026-08-04T09:18:18.278,53840924,T0003,OBJ-F,SC-01,normal,70,115,67,84,28,closed,
2026-08-04T09:18:18.281,53860364,T0003,OBJ-F,SC-01,normal,70,114,67,84,28,closed,
2026-08-04T09:18:18.319,53880844,T0003,OBJ-F,SC-01,normal,70,114,67,84,28,closed,
2026-08-04T09:18:18.321,53900304,T0003,OBJ-F,SC-01,normal,70,114,67,84,28,closed,
2026-08-04T09:18:18.359,53920788,T0003,OBJ-F,SC-01,normal,70,113,67,84,28,closed,
2026-08-04T09:18:18.361,53940248,T0003,OBJ-F,SC-01,normal,70,113,67,84,28,closed,
2026-08-04T09:18:18.400,53960728,T0003,OBJ-F,SC-01,normal,70,113,67,84,28,closed,
2026-08-04T09:18:18.401,53980188,T0003,OBJ-F,SC-01,normal,70,113,67,84,28,closed,
2026-08-04T09:18:18.440,54000652,T0003,OBJ-F,SC-01,normal,70,112,67,84,28,closed,
2026-08-04T09:18:18.442,54020108,T0003,OBJ-F,SC-01,normal,70,112,67,84,28,closed,
2026-08-04T09:18:18.480,54040592,T0003,OBJ-F,SC-01,normal,70,112,67,84,28,closed,
2026-08-04T09:18:18.481,54060052,T0003,OBJ-F,SC-01,normal,70,111,67,84,28,closed,
2026-08-04T09:18:18.519,54080532,T0003,OBJ-F,SC-01,normal,70,111,67,84,28,closed,
2026-08-04T09:18:18.539,54101012,T0003,OBJ-F,SC-01,normal,70,111,67,84,28,closed,
2026-08-04T09:18:18.559,54120472,T0003,OBJ-F,SC-01,normal,70,111,67,84,28,closed,
2026-08-04T09:18:18.579,54140952,T0003,OBJ-F,SC-01,normal,70,110,67,84,28,closed,
2026-08-04T09:18:18.599,54160396,T0003,OBJ-F,SC-01,normal,70,110,67,84,28,closed,
2026-08-04T09:18:18.619,54180876,T0003,OBJ-F,SC-01,normal,70,109,67,84,28,closed,
2026-08-04T09:18:18.639,54200336,T0003,OBJ-F,SC-01,normal,70,109,67,84,28,closed,
2026-08-04T09:18:18.659,54220816,T0003,OBJ-F,SC-01,normal,70,109,67,84,28,closed,
2026-08-04T09:18:18.679,54240276,T0003,OBJ-F,SC-01,normal,70,108,67,84,28,closed,
2026-08-04T09:18:18.698,54260756,T0003,OBJ-F,SC-01,normal,70,108,67,84,28,closed,
2026-08-04T09:18:18.719,54280216,T0003,OBJ-F,SC-01,normal,70,108,67,84,28,closed,
2026-08-04T09:18:18.739,54300696,T0003,OBJ-F,SC-01,normal,70,107,67,84,28,closed,
2026-08-04T09:18:18.759,54320140,T0003,OBJ-F,SC-01,normal,70,106,67,84,28,closed,
2026-08-04T09:18:18.780,54340620,T0003,OBJ-F,SC-01,normal,70,106,67,84,28,closed,
2026-08-04T09:18:18.799,54360080,T0003,OBJ-F,SC-01,normal,70,106,67,84,28,closed,
2026-08-04T09:18:18.820,54380560,T0003,OBJ-F,SC-01,normal,70,105,67,84,28,closed,
2026-08-04T09:18:18.839,54400020,T0003,OBJ-F,SC-01,normal,70,105,67,84,28,closed,
2026-08-04T09:18:18.859,54420500,T0003,OBJ-F,SC-01,normal,70,105,67,84,28,closed,
2026-08-04T09:18:18.879,54440980,T0003,OBJ-F,SC-01,normal,70,105,67,84,28,closed,
2026-08-04T09:18:18.900,54460436,T0003,OBJ-F,SC-01,normal,70,104,67,84,28,closed,
2026-08-04T09:18:18.919,54480916,T0003,OBJ-F,SC-01,normal,70,104,67,84,28,closed,
2026-08-04T09:18:18.939,54500376,T0003,OBJ-F,SC-01,normal,70,104,67,84,28,closed,
2026-08-04T09:18:18.959,54520856,T0003,OBJ-F,SC-01,normal,70,104,67,84,28,closed,
2026-08-04T09:18:18.979,54540316,T0003,OBJ-F,SC-01,normal,70,104,67,84,28,closed,
2026-08-04T09:18:18.998,54560780,T0003,OBJ-F,SC-01,normal,70,104,67,84,28,closed,
2026-08-04T09:18:19.019,54580236,T0003,OBJ-F,SC-01,normal,70,104,67,84,28,closed,
2026-08-04T09:18:19.039,54600716,T0003,OBJ-F,SC-01,normal,70,104,67,84,28,closed,
2026-08-04T09:18:19.059,54620176,T0003,OBJ-F,SC-01,normal,70,104,67,84,28,closed,
2026-08-04T09:18:19.079,54640656,T0003,OBJ-F,SC-01,normal,70,104,67,84,28,closed,
2026-08-04T09:18:19.099,54660116,T0003,OBJ-F,SC-01,normal,70,104,67,84,28,closed,
2026-08-04T09:18:19.119,54680588,T0003,OBJ-F,SC-01,normal,70,104,67,84,28,closed,
2026-08-04T09:18:19.139,54700056,T0003,OBJ-F,SC-01,normal,70,104,67,84,28,closed,
2026-08-04T09:18:19.159,54720528,T0003,OBJ-F,SC-01,normal,70,103,67,84,28,closed,
2026-08-04T09:18:19.179,54741004,T0003,OBJ-F,SC-01,normal,70,103,67,84,28,closed,
2026-08-04T09:18:19.200,54760484,T0003,OBJ-F,SC-01,normal,70,103,67,84,28,closed,
2026-08-04T09:18:19.219,54780952,T0003,OBJ-F,SC-01,normal,70,103,67,84,28,closed,
2026-08-04T09:18:19.239,54800416,T0003,OBJ-F,SC-01,normal,70,102,67,84,28,closed,
2026-08-04T09:18:19.259,54820888,T0003,OBJ-F,SC-01,normal,70,102,67,84,28,closed,
2026-08-04T09:18:19.279,54840348,T0003,OBJ-F,SC-01,normal,70,102,67,84,28,closed,
2026-08-04T09:18:19.299,54860816,T0003,OBJ-F,SC-01,normal,70,101,67,84,28,closed,
2026-08-04T09:18:19.319,54880280,T0003,OBJ-F,SC-01,normal,70,101,67,84,28,closed,
2026-08-04T09:18:19.338,54900752,T0003,OBJ-F,SC-01,normal,70,101,67,84,28,closed,
2026-08-04T09:18:19.359,54920220,T0003,OBJ-F,SC-01,normal,70,101,67,84,28,closed,
2026-08-04T09:18:19.380,54940696,T0003,OBJ-F,SC-01,normal,70,100,67,84,28,closed,
2026-08-04T09:18:19.399,54960148,T0003,OBJ-F,SC-01,normal,70,100,67,84,28,closed,
2026-08-04T09:18:19.420,54980632,T0003,OBJ-F,SC-01,normal,70,100,67,84,28,closed,
2026-08-04T09:18:19.439,55000084,T0003,OBJ-F,SC-01,normal,70,100,67,84,28,closed,
2026-08-04T09:18:19.459,55020820,T0003,OBJ-F,SC-01,normal,70,99,67,84,28,closed,
2026-08-04T09:18:19.478,55040032,T0003,OBJ-F,SC-01,normal,70,99,67,84,28,closed,
2026-08-04T09:18:19.499,55060544,T0003,OBJ-F,SC-01,normal,70,99,67,84,28,closed,
2026-08-04T09:18:19.518,55080996,T0003,OBJ-F,SC-01,normal,70,99,67,84,28,closed,
2026-08-04T09:18:19.539,55100428,T0003,OBJ-F,SC-01,normal,70,99,67,84,28,closed,
2026-08-04T09:18:19.559,55120916,T0003,OBJ-F,SC-01,normal,70,98,67,84,28,closed,
2026-08-04T09:18:19.579,55140484,T0003,OBJ-F,SC-01,normal,70,98,67,84,28,closed,
2026-08-04T09:18:19.599,55160884,T0003,OBJ-F,SC-01,normal,70,98,67,84,28,closed,
2026-08-04T09:18:19.619,55180316,T0003,OBJ-F,SC-01,normal,70,98,67,84,28,closed,
2026-08-04T09:18:19.639,55200788,T0003,OBJ-F,SC-01,normal,70,98,67,84,28,closed,
2026-08-04T09:18:19.659,55220236,T0003,OBJ-F,SC-01,normal,70,98,67,84,28,closed,
2026-08-04T09:18:19.680,55240720,T0003,OBJ-F,SC-01,normal,70,98,67,84,28,closed,
2026-08-04T09:18:19.699,55260180,T0003,OBJ-F,SC-01,normal,70,98,67,84,28,closed,
2026-08-04T09:18:19.719,55280656,T0003,OBJ-F,SC-01,normal,70,98,67,84,28,closed,
2026-08-04T09:18:19.739,55300404,T0003,OBJ-F,SC-01,normal,70,98,67,84,28,closed,
2026-08-04T09:18:19.759,55320592,T0003,OBJ-F,SC-01,normal,70,98,67,84,28,closed,
2026-08-04T09:18:19.779,55340160,T0003,OBJ-F,SC-01,normal,70,98,67,84,28,closed,
2026-08-04T09:18:19.799,55360524,T0003,OBJ-F,SC-01,normal,70,98,67,84,28,closed,
2026-08-04T09:18:19.819,55381012,T0003,OBJ-F,SC-01,normal,70,98,67,84,28,closed,
2026-08-04T09:18:19.839,55400460,T0003,OBJ-F,SC-01,normal,70,98,67,84,28,closed,
2026-08-04T09:18:19.859,55420944,T0003,OBJ-F,SC-01,normal,70,98,67,84,28,closed,
2026-08-04T09:18:19.880,55440396,T0003,OBJ-F,SC-01,normal,70,98,67,84,28,closed,
2026-08-04T09:18:19.899,55460880,T0003,OBJ-F,SC-01,normal,70,98,67,84,28,closed,
2026-08-04T09:18:19.919,55480348,T0003,OBJ-F,SC-01,normal,70,98,67,84,28,closed,
2026-08-04T09:18:19.939,55500816,T0003,OBJ-F,SC-01,normal,70,98,67,84,28,closed,
2026-08-04T09:18:19.958,55520280,T0003,OBJ-F,SC-01,normal,70,98,67,84,28,closed,
2026-08-04T09:18:19.978,55540752,T0003,OBJ-F,SC-01,normal,70,98,67,84,28,closed,
2026-08-04T09:18:19.999,55560216,T0003,OBJ-F,SC-01,normal,70,98,67,84,28,closed,
2026-08-04T09:18:20.019,55580688,T0003,OBJ-F,SC-01,normal,70,98,67,84,28,closed,
2026-08-04T09:18:20.039,55600156,T0003,OBJ-F,SC-01,normal,70,98,66,84,28,closed,
2026-08-04T09:18:20.059,55620624,T0003,OBJ-F,SC-01,normal,70,98,66,84,28,closed,
2026-08-04T09:18:20.079,55640092,T0003,OBJ-F,SC-01,normal,70,98,65,84,28,closed,
2026-08-04T09:18:20.099,55660560,T0003,OBJ-F,SC-01,normal,70,98,65,84,28,closed,
2026-08-04T09:18:20.118,55680012,T0003,OBJ-F,SC-01,normal,70,98,65,84,28,closed,
2026-08-04T09:18:20.139,55700496,T0003,OBJ-F,SC-01,normal,70,98,64,84,28,closed,
2026-08-04T09:18:20.158,55720984,T0003,OBJ-F,SC-01,normal,70,98,64,84,28,closed,
2026-08-04T09:18:20.179,55740432,T0003,OBJ-F,SC-01,normal,70,98,63,84,28,closed,
2026-08-04T09:18:20.199,55760920,T0003,OBJ-F,SC-01,normal,70,98,62,84,28,closed,
2026-08-04T09:18:20.219,55780368,T0003,OBJ-F,SC-01,normal,70,98,62,84,28,closed,
2026-08-04T09:18:20.239,55800856,T0003,OBJ-F,SC-01,normal,70,98,62,84,28,closed,
2026-08-04T09:18:20.259,55820304,T0003,OBJ-F,SC-01,normal,70,98,61,84,28,closed,
2026-08-04T09:18:20.279,55840792,T0003,OBJ-F,SC-01,normal,70,98,61,84,28,closed,
2026-08-04T09:18:20.299,55860240,T0003,OBJ-F,SC-01,normal,70,98,61,84,28,closed,
2026-08-04T09:18:20.320,55880728,T0003,OBJ-F,SC-01,normal,70,98,61,84,28,closed,
2026-08-04T09:18:20.339,55900176,T0003,OBJ-F,SC-01,normal,70,98,61,84,28,closed,
2026-08-04T09:18:20.360,55920664,T0003,OBJ-F,SC-01,normal,70,98,61,84,28,closed,
2026-08-04T09:18:20.379,55940112,T0003,OBJ-F,SC-01,normal,70,98,61,84,28,closed,
2026-08-04T09:18:20.399,55960600,T0003,OBJ-F,SC-01,normal,70,98,61,84,28,closed,
2026-08-04T09:18:20.419,55980048,T0003,OBJ-F,SC-01,normal,70,98,61,84,28,closed,
2026-08-04T09:18:20.439,56000536,T0003,OBJ-F,SC-01,normal,70,98,61,84,28,closed,
2026-08-04T09:18:20.459,56021004,T0003,OBJ-F,SC-01,normal,70,98,61,84,28,closed,
2026-08-04T09:18:20.479,56040472,T0003,OBJ-F,SC-01,normal,70,98,61,84,28,closed,
2026-08-04T09:18:20.499,56060940,T0003,OBJ-F,SC-01,normal,70,98,61,84,28,closed,
2026-08-04T09:18:20.520,56080408,T0003,OBJ-F,SC-01,normal,70,98,61,84,28,closed,
2026-08-04T09:18:20.539,56100876,T0003,OBJ-F,SC-01,normal,70,98,61,84,28,closed,
2026-08-04T09:18:20.559,56120340,T0003,OBJ-F,SC-01,normal,70,98,61,84,28,closed,
2026-08-04T09:18:20.579,56140812,T0003,OBJ-F,SC-01,normal,70,98,62,84,28,closed,
2026-08-04T09:18:20.599,56160276,T0003,OBJ-F,SC-01,normal,70,98,63,84,28,closed,
2026-08-04T09:18:20.619,56180764,T0003,OBJ-F,SC-01,normal,70,98,64,84,28,closed,
2026-08-04T09:18:20.639,56200212,T0003,OBJ-F,SC-01,normal,70,98,64,84,28,closed,
2026-08-04T09:18:20.659,56220700,T0003,OBJ-F,SC-01,normal,70,98,65,84,28,closed,
2026-08-04T09:18:20.679,56240148,T0003,OBJ-F,SC-01,normal,70,98,65,84,28,closed,
2026-08-04T09:18:20.699,56260636,T0003,OBJ-F,SC-01,normal,70,98,65,84,28,closed,
2026-08-04T09:18:20.719,56280084,T0003,OBJ-F,SC-01,normal,70,98,66,84,28,closed,
2026-08-04T09:18:20.739,56300572,T0003,OBJ-F,SC-01,normal,70,98,67,84,28,closed,
2026-08-04T09:18:20.759,56320020,T0003,OBJ-F,SC-01,normal,70,98,67,84,28,closed,
2026-08-04T09:18:20.779,56340504,T0003,OBJ-F,SC-01,normal,70,98,68,84,28,closed,
2026-08-04T09:18:20.799,56360976,T0003,OBJ-F,SC-01,normal,70,98,69,84,28,closed,
2026-08-04T09:18:20.819,56380440,T0003,OBJ-F,SC-01,normal,70,98,70,84,28,closed,
2026-08-04T09:18:20.839,56400908,T0003,OBJ-F,SC-01,normal,70,98,70,84,28,closed,
2026-08-04T09:18:20.859,56420372,T0003,OBJ-F,SC-01,normal,70,98,71,84,28,closed,
2026-08-04T09:18:20.879,56440844,T0003,OBJ-F,SC-01,normal,70,98,72,84,28,closed,
2026-08-04T09:18:20.899,56460308,T0003,OBJ-F,SC-01,normal,70,98,73,84,28,closed,
2026-08-04T09:18:20.919,56480780,T0003,OBJ-F,SC-01,normal,70,98,73,84,28,closed,
2026-08-04T09:18:20.939,56500244,T0003,OBJ-F,SC-01,normal,70,98,74,84,28,closed,
2026-08-04T09:18:20.959,56520716,T0003,OBJ-F,SC-01,normal,70,98,75,84,28,closed,
2026-08-04T09:18:20.979,56540180,T0003,OBJ-F,SC-01,normal,70,98,75,84,28,closed,
2026-08-04T09:18:21.000,56560652,T0003,OBJ-F,SC-01,normal,70,98,76,84,28,closed,
2026-08-04T09:18:21.019,56580116,T0003,OBJ-F,SC-01,normal,70,98,77,84,28,closed,
2026-08-04T09:18:21.039,56600604,T0003,OBJ-F,SC-01,normal,70,98,77,84,28,closed,
2026-08-04T09:18:21.059,56620052,T0003,OBJ-F,SC-01,normal,70,98,78,84,28,closed,
2026-08-04T09:18:21.079,56640540,T0003,OBJ-F,SC-01,normal,70,98,79,84,28,closed,
2026-08-04T09:18:21.098,56661008,T0003,OBJ-F,SC-01,normal,70,98,79,84,28,closed,
2026-08-04T09:18:21.119,56680472,T0003,OBJ-F,SC-01,normal,70,98,80,84,28,closed,
2026-08-04T09:18:21.139,56700944,T0003,OBJ-F,SC-01,normal,70,98,81,84,28,closed,
2026-08-04T09:18:21.159,56720408,T0003,OBJ-F,SC-01,normal,70,98,81,84,28,closed,
2026-08-04T09:18:21.179,56740880,T0003,OBJ-F,SC-01,normal,70,98,82,84,28,closed,
2026-08-04T09:18:21.199,56760344,T0003,OBJ-F,SC-01,normal,70,98,82,84,28,closed,
2026-08-04T09:18:21.219,56780812,T0003,OBJ-F,SC-01,normal,70,98,83,84,28,closed,
2026-08-04T09:18:21.239,56800280,T0003,OBJ-F,SC-01,normal,70,98,83,84,28,closed,
2026-08-04T09:18:21.258,56820748,T0003,OBJ-F,SC-01,normal,70,98,84,84,28,closed,
2026-08-04T09:18:21.279,56840216,T0003,OBJ-F,SC-01,normal,70,98,84,84,28,closed,
2026-08-04T09:18:21.299,56860684,T0003,OBJ-F,SC-01,normal,70,98,85,84,28,closed,
2026-08-04T09:18:21.319,56880148,T0003,OBJ-F,SC-01,normal,70,98,86,84,28,closed,
2026-08-04T09:18:21.339,56900620,T0003,OBJ-F,SC-01,normal,70,98,86,84,28,closed,
2026-08-04T09:18:21.359,56920088,T0003,OBJ-F,SC-01,normal,70,98,86,84,28,closed,
2026-08-04T09:18:21.380,56940556,T0003,OBJ-F,SC-01,normal,70,98,87,84,28,closed,
2026-08-04T09:18:21.399,56960024,T0003,OBJ-F,SC-01,normal,70,98,87,84,28,closed,
2026-08-04T09:18:21.419,56980508,T0003,OBJ-F,SC-01,normal,70,98,87,84,28,closed,
2026-08-04T09:18:21.439,57000976,T0003,OBJ-F,SC-01,normal,70,98,88,84,28,closed,
2026-08-04T09:18:21.459,57020444,T0003,OBJ-F,SC-01,normal,70,98,89,84,28,closed,
2026-08-04T09:18:21.479,57040912,T0003,OBJ-F,SC-01,normal,70,98,89,84,28,closed,
2026-08-04T09:18:21.499,57060376,T0003,OBJ-F,SC-01,normal,70,98,90,84,28,closed,
2026-08-04T09:18:21.519,57080848,T0003,OBJ-F,SC-01,normal,70,98,90,84,28,closed,
2026-08-04T09:18:21.539,57100312,T0003,OBJ-F,SC-01,normal,70,98,90,84,28,closed,
2026-08-04T09:18:21.558,57120784,T0003,OBJ-F,SC-01,normal,70,98,91,84,28,closed,
2026-08-04T09:18:21.579,57140252,T0003,OBJ-F,SC-01,normal,70,98,91,84,28,closed,
2026-08-04T09:18:21.599,57160720,T0003,OBJ-F,SC-01,normal,70,98,92,84,28,closed,
2026-08-04T09:18:21.619,57180172,T0003,OBJ-F,SC-01,normal,70,98,92,84,28,closed,
2026-08-04T09:18:21.640,57200660,T0003,OBJ-F,SC-01,normal,70,98,93,84,28,closed,
2026-08-04T09:18:21.659,57220108,T0003,OBJ-F,SC-01,normal,70,98,93,84,28,closed,
2026-08-04T09:18:21.679,57240596,T0003,OBJ-F,SC-01,normal,70,98,93,84,28,closed,
2026-08-04T09:18:21.699,57260048,T0003,OBJ-F,SC-01,normal,70,98,94,84,28,closed,
2026-08-04T09:18:21.719,57280536,T0003,OBJ-F,SC-01,normal,70,98,94,84,28,closed,
2026-08-04T09:18:21.739,57301004,T0003,OBJ-F,SC-01,normal,70,98,95,84,28,closed,
2026-08-04T09:18:21.759,57320472,T0003,OBJ-F,SC-01,normal,70,98,95,84,28,closed,
2026-08-04T09:18:21.779,57340944,T0003,OBJ-F,SC-01,normal,70,98,96,84,28,closed,
2026-08-04T09:18:21.799,57360396,T0003,OBJ-F,SC-01,normal,70,98,96,84,28,closed,
2026-08-04T09:18:21.819,57380884,T0003,OBJ-F,SC-01,normal,70,98,97,84,28,closed,
2026-08-04T09:18:21.839,57400332,T0003,OBJ-F,SC-01,normal,70,98,97,84,28,closed,
2026-08-04T09:18:21.859,57420820,T0003,OBJ-F,SC-01,normal,70,98,97,84,28,closed,
2026-08-04T09:18:21.879,57440268,T0003,OBJ-F,SC-01,normal,70,98,97,84,28,closed,
2026-08-04T09:18:21.898,57460752,T0003,OBJ-F,SC-01,normal,70,98,97,84,28,closed,
2026-08-04T09:18:21.919,57480204,T0003,OBJ-F,SC-01,normal,70,98,97,84,28,closed,
2026-08-04T09:18:21.940,57500688,T0003,OBJ-F,SC-01,normal,70,98,97,84,28,closed,
2026-08-04T09:18:21.959,57520140,T0003,OBJ-F,SC-01,normal,70,98,97,84,28,closed,
2026-08-04T09:18:21.979,57540628,T0003,OBJ-F,SC-01,normal,70,98,97,84,28,closed,
2026-08-04T09:18:21.999,57560076,T0003,OBJ-F,SC-01,normal,70,98,97,84,28,closed,
2026-08-04T09:18:22.019,57580564,T0003,OBJ-F,SC-01,normal,70,98,97,84,28,closed,
2026-08-04T09:18:22.039,57600016,T0003,OBJ-F,SC-01,normal,70,98,97,84,28,closed,
2026-08-04T09:18:22.059,57620500,T0003,OBJ-F,SC-01,normal,70,98,97,84,28,closed,
2026-08-04T09:18:22.079,57640984,T0003,OBJ-F,SC-01,normal,70,98,97,84,28,closed,
2026-08-04T09:18:22.099,57660432,T0003,OBJ-F,SC-01,normal,70,98,97,84,28,closed,
2026-08-04T09:18:22.119,57680920,T0003,OBJ-F,SC-01,normal,70,98,97,84,28,closed,
2026-08-04T09:18:22.139,57700368,T0003,OBJ-F,SC-01,normal,70,98,97,84,28,closed,
2026-08-04T09:18:22.159,57720856,T0003,OBJ-F,SC-01,normal,70,98,97,84,28,closed,
2026-08-04T09:18:22.179,57740304,T0003,OBJ-F,SC-01,normal,70,98,97,84,28,closed,
2026-08-04T09:18:22.199,57760788,T0003,OBJ-F,SC-01,normal,70,98,97,84,28,closed,
2026-08-04T09:18:22.219,57780236,T0003,OBJ-F,SC-01,normal,70,98,97,84,28,closed,
2026-08-04T09:18:22.239,57800724,T0003,OBJ-F,SC-01,normal,70,98,97,84,28,closed,
2026-08-04T09:18:22.259,57820172,T0003,OBJ-F,SC-01,normal,70,98,97,84,28,closed,
2026-08-04T09:18:22.279,57840656,T0003,OBJ-F,SC-01,normal,70,98,97,84,28,closed,
2026-08-04T09:18:22.299,57860124,T0003,OBJ-F,SC-01,normal,70,98,97,84,28,closed,
2026-08-04T09:18:22.319,57880592,T0003,OBJ-F,SC-01,normal,70,98,97,84,28,closed,
2026-08-04T09:18:22.338,57900056,T0003,OBJ-F,SC-01,normal,70,98,97,84,28,closed,
2026-08-04T09:18:22.359,57920528,T0003,OBJ-F,SC-01,normal,70,98,97,84,28,closed,
2026-08-04T09:18:22.379,57941012,T0003,OBJ-F,SC-01,normal,70,98,97,84,28,closed,
2026-08-04T09:18:22.399,57960460,T0003,OBJ-F,SC-01,normal,70,98,97,84,28,closed,
2026-08-04T09:18:22.419,57980948,T0003,OBJ-F,SC-01,normal,70,98,97,84,28,closed,
2026-08-04T09:18:22.439,58000396,T0003,OBJ-F,SC-01,normal,70,98,97,84,28,closed,
2026-08-04T09:18:22.459,58020884,T0003,OBJ-F,SC-01,normal,70,98,97,84,28,closed,
2026-08-04T09:18:22.479,58040348,T0003,OBJ-F,SC-01,normal,70,98,97,84,28,closed,
2026-08-04T09:18:22.499,58060816,T0003,OBJ-F,SC-01,normal,70,98,97,84,28,closed,
2026-08-04T09:18:22.519,58080280,T0003,OBJ-F,SC-01,normal,70,98,97,84,28,closed,
2026-08-04T09:18:22.538,58100752,T0003,OBJ-F,SC-01,normal,70,98,97,84,28,closed,
2026-08-04T09:18:22.559,58120216,T0003,OBJ-F,SC-01,normal,70,98,97,84,28,closed,
2026-08-04T09:18:22.580,58140688,T0003,OBJ-F,SC-01,normal,70,98,97,84,28,closed,
2026-08-04T09:18:22.599,58160156,T0003,OBJ-F,SC-01,normal,70,98,97,84,28,closed,
2026-08-04T09:18:22.619,58180624,T0003,OBJ-F,SC-01,normal,70,98,97,84,28,closed,
2026-08-04T09:18:22.639,58200092,T0003,OBJ-F,SC-01,normal,70,98,97,84,28,closed,
2026-08-04T09:18:22.660,58220560,T0003,OBJ-F,SC-01,normal,70,98,97,84,28,closed,
2026-08-04T09:18:22.679,58240012,T0003,OBJ-F,SC-01,normal,70,98,97,84,28,closed,
2026-08-04T09:18:22.699,58260496,T0003,OBJ-F,SC-01,normal,70,98,97,84,28,closed,
2026-08-04T09:18:22.719,58280984,T0003,OBJ-F,SC-01,normal,70,98,97,84,28,closed,
2026-08-04T09:18:22.739,58300432,T0003,OBJ-F,SC-01,normal,70,98,97,84,28,closed,
2026-08-04T09:18:22.759,58320920,T0003,OBJ-F,SC-01,normal,70,98,97,84,28,closed,
2026-08-04T09:18:22.779,58340368,T0003,OBJ-F,SC-01,normal,70,98,97,84,28,closed,
2026-08-04T09:18:22.798,58360856,T0003,OBJ-F,SC-01,normal,70,98,97,84,28,closed,
2026-08-04T09:18:22.819,58380304,T0003,OBJ-F,SC-01,normal,71,98,97,84,28,closed,
2026-08-04T09:18:22.839,58400792,T0003,OBJ-F,SC-01,normal,71,98,97,84,28,closed,
2026-08-04T09:18:22.859,58420240,T0003,OBJ-F,SC-01,normal,72,98,97,84,28,closed,
2026-08-04T09:18:22.880,58440728,T0003,OBJ-F,SC-01,normal,73,98,97,84,28,closed,
2026-08-04T09:18:22.899,58460176,T0003,OBJ-F,SC-01,normal,73,98,97,84,28,closed,
2026-08-04T09:18:22.920,58480664,T0003,OBJ-F,SC-01,normal,74,98,97,84,28,closed,
2026-08-04T09:18:22.939,58500112,T0003,OBJ-F,SC-01,normal,74,98,97,84,28,closed,
2026-08-04T09:18:22.959,58520600,T0003,OBJ-F,SC-01,normal,74,98,97,84,28,closed,
2026-08-04T09:18:22.979,58540048,T0003,OBJ-F,SC-01,normal,75,98,97,84,28,closed,
2026-08-04T09:18:22.999,58560536,T0003,OBJ-F,SC-01,normal,75,98,97,84,28,closed,
2026-08-04T09:18:23.019,58581008,T0003,OBJ-F,SC-01,normal,76,98,97,84,28,closed,
2026-08-04T09:18:23.039,58600472,T0003,OBJ-F,SC-01,normal,76,98,97,84,28,closed,
2026-08-04T09:18:23.059,58620944,T0003,OBJ-F,SC-01,normal,76,98,97,84,28,closed,
2026-08-04T09:18:23.079,58640412,T0003,OBJ-F,SC-01,normal,77,98,97,84,28,closed,
2026-08-04T09:18:23.099,58660880,T0003,OBJ-F,SC-01,normal,77,98,97,84,28,closed,
2026-08-04T09:18:23.119,58680344,T0003,OBJ-F,SC-01,normal,78,98,97,84,28,closed,
2026-08-04T09:18:23.139,58700816,T0003,OBJ-F,SC-01,normal,78,98,97,84,28,closed,
2026-08-04T09:18:23.159,58720280,T0003,OBJ-F,SC-01,normal,78,98,97,84,28,closed,
2026-08-04T09:18:23.179,58740752,T0003,OBJ-F,SC-01,normal,79,98,97,84,28,closed,
2026-08-04T09:18:23.199,58760216,T0003,OBJ-F,SC-01,normal,79,98,97,84,28,closed,
2026-08-04T09:18:23.220,58780688,T0003,OBJ-F,SC-01,normal,80,98,97,84,28,closed,
2026-08-04T09:18:23.239,58800156,T0003,OBJ-F,SC-01,normal,80,98,97,84,28,closed,
2026-08-04T09:18:23.259,58820624,T0003,OBJ-F,SC-01,normal,81,98,97,84,28,closed,
2026-08-04T09:18:23.279,58840092,T0003,OBJ-F,SC-01,normal,81,98,97,84,28,closed,
2026-08-04T09:18:23.299,58860560,T0003,OBJ-F,SC-01,normal,82,98,97,84,28,closed,
2026-08-04T09:18:23.319,58880012,T0003,OBJ-F,SC-01,normal,82,98,97,84,28,closed,
2026-08-04T09:18:23.340,58900496,T0003,OBJ-F,SC-01,normal,83,98,97,84,28,closed,
2026-08-04T09:18:23.360,58920984,T0003,OBJ-F,SC-01,normal,83,98,97,84,28,closed,
2026-08-04T09:18:23.380,58940432,T0003,OBJ-F,SC-01,normal,84,98,97,84,28,closed,
2026-08-04T09:18:23.400,58960920,T0003,OBJ-F,SC-01,normal,85,98,97,84,28,closed,
2026-08-04T09:18:23.420,58980368,T0003,OBJ-F,SC-01,normal,86,98,97,84,28,closed,
2026-08-04T09:18:23.440,59000860,T0003,OBJ-F,SC-01,normal,86,98,97,84,28,closed,
2026-08-04T09:18:23.460,59020308,T0003,OBJ-F,SC-01,normal,87,98,97,84,28,closed,
2026-08-04T09:18:23.481,59040792,T0003,OBJ-F,SC-01,normal,88,98,97,84,28,closed,
2026-08-04T09:18:23.500,59060240,T0003,OBJ-F,SC-01,normal,88,98,97,84,28,closed,
2026-08-04T09:18:23.521,59080728,T0003,OBJ-F,SC-01,normal,89,98,97,84,28,closed,
2026-08-04T09:18:23.540,59100176,T0003,OBJ-F,SC-01,normal,90,98,97,84,28,closed,
2026-08-04T09:18:23.561,59120664,T0003,OBJ-F,SC-01,normal,91,98,97,84,28,closed,
2026-08-04T09:18:23.580,59140112,T0003,OBJ-F,SC-01,normal,92,98,97,84,28,closed,
2026-08-04T09:18:23.601,59160600,T0003,OBJ-F,SC-01,normal,92,98,97,84,28,closed,
2026-08-04T09:18:23.620,59180048,T0003,OBJ-F,SC-01,normal,93,98,97,84,28,closed,
2026-08-04T09:18:23.641,59200536,T0003,OBJ-F,SC-01,normal,94,98,97,84,28,closed,
2026-08-04T09:18:23.679,59221008,T0003,OBJ-F,SC-01,normal,95,98,97,84,28,closed,
2026-08-04T09:18:23.681,59240472,T0003,OBJ-F,SC-01,normal,96,98,97,84,28,closed,
2026-08-04T09:18:23.720,59260944,T0003,OBJ-F,SC-01,normal,96,98,97,84,28,closed,
2026-08-04T09:18:23.721,59280408,T0003,OBJ-F,SC-01,normal,97,98,97,84,28,closed,
2026-08-04T09:18:23.759,59300880,T0003,OBJ-F,SC-01,normal,98,98,97,84,28,closed,
2026-08-04T09:18:23.761,59320344,T0003,OBJ-F,SC-01,normal,98,98,97,84,28,closed,
2026-08-04T09:18:23.799,59340816,T0003,OBJ-F,SC-01,normal,99,98,97,84,28,closed,
2026-08-04T09:18:23.801,59360276,T0003,OBJ-F,SC-01,normal,100,98,97,84,28,closed,
2026-08-04T09:18:23.839,59380756,T0003,OBJ-F,SC-01,normal,100,98,97,84,28,closed,
2026-08-04T09:18:23.841,59400220,T0003,OBJ-F,SC-01,normal,101,98,97,84,28,closed,
2026-08-04T09:18:23.879,59420700,T0003,OBJ-F,SC-01,normal,102,98,97,84,28,closed,
2026-08-04T09:18:23.882,59440144,T0003,OBJ-F,SC-01,normal,103,98,97,84,28,closed,
2026-08-04T09:18:23.919,59460624,T0003,OBJ-F,SC-01,normal,103,98,97,84,28,closed,
2026-08-04T09:18:23.921,59480084,T0003,OBJ-F,SC-01,normal,104,98,97,84,28,closed,
2026-08-04T09:18:23.959,59500564,T0003,OBJ-F,SC-01,normal,105,98,97,84,28,closed,
2026-08-04T09:18:23.962,59520028,T0003,OBJ-F,SC-01,normal,106,98,97,84,28,closed,
2026-08-04T09:18:23.999,59540504,T0003,OBJ-F,SC-01,normal,107,98,97,84,28,closed,
2026-08-04T09:18:24.019,59560988,T0003,OBJ-F,SC-01,normal,108,98,97,84,28,closed,
2026-08-04T09:18:24.039,59580428,T0003,OBJ-F,SC-01,normal,108,98,97,84,28,closed,
2026-08-04T09:18:24.059,59600912,T0003,OBJ-F,SC-01,normal,109,98,97,84,28,closed,
2026-08-04T09:18:24.062,59620372,T0003,OBJ-F,SC-01,normal,110,98,97,84,28,closed,
2026-08-04T09:18:24.099,59640856,T0003,OBJ-F,SC-01,normal,111,98,97,84,28,closed,
2026-08-04T09:18:24.119,59660300,T0003,OBJ-F,SC-01,normal,111,98,97,84,28,closed,
2026-08-04T09:18:24.139,59680780,T0003,OBJ-F,SC-01,normal,112,98,97,84,28,closed,
2026-08-04T09:18:24.160,59700240,T0003,OBJ-F,SC-01,normal,113,98,97,84,28,closed,
2026-08-04T09:18:24.179,59720720,T0003,OBJ-F,SC-01,normal,113,98,97,84,28,closed,
2026-08-04T09:18:24.200,59740184,T0003,OBJ-F,SC-01,normal,114,98,97,84,28,closed,
2026-08-04T09:18:24.218,59760664,T0003,OBJ-F,SC-01,normal,115,98,97,84,28,closed,
2026-08-04T09:18:24.239,59780108,T0003,OBJ-F,SC-01,normal,115,98,97,84,28,closed,
2026-08-04T09:18:24.259,59800588,T0003,OBJ-F,SC-01,normal,115,98,97,84,28,closed,
2026-08-04T09:18:24.279,59820052,T0003,OBJ-F,SC-01,normal,116,98,97,84,28,closed,
2026-08-04T09:18:24.299,59840536,T0003,OBJ-F,SC-01,normal,116,98,97,84,28,closed,
2026-08-04T09:18:24.319,59861016,T0003,OBJ-F,SC-01,normal,116,98,97,84,28,closed,
2026-08-04T09:18:24.339,59880460,T0003,OBJ-F,SC-01,normal,117,98,97,84,28,closed,
2026-08-04T09:18:24.359,59900944,T0003,OBJ-F,SC-01,normal,117,98,97,84,28,closed,
2026-08-04T09:18:24.379,59920408,T0003,OBJ-F,SC-01,normal,117,98,97,84,28,closed,
2026-08-04T09:18:24.399,59940888,T0003,OBJ-F,SC-01,normal,117,98,97,84,28,closed,
2026-08-04T09:18:24.419,59960332,T0003,OBJ-F,SC-01,normal,117,98,97,84,28,closed,
2026-08-04T09:18:24.439,59980828,T0003,OBJ-F,SC-01,normal,117,98,97,84,28,closed,
2026-08-04T09:18:24.459,60000276,T0003,OBJ-F,SC-01,normal,118,98,97,84,28,closed,
2026-08-04T09:18:24.479,60020756,T0003,OBJ-F,SC-01,normal,118,98,97,84,28,closed,
2026-08-04T09:18:24.500,60040216,T0003,OBJ-F,SC-01,normal,118,98,97,84,28,closed,
2026-08-04T09:18:24.519,60060700,T0003,OBJ-F,SC-01,normal,118,98,97,84,28,closed,
2026-08-04T09:18:24.540,60080144,T0003,OBJ-F,SC-01,normal,118,98,97,84,28,closed,
2026-08-04T09:18:24.559,60100624,T0003,OBJ-F,SC-01,normal,118,98,97,84,28,closed,
2026-08-04T09:18:24.580,60120088,T0003,OBJ-F,SC-01,normal,118,98,97,84,28,closed,
2026-08-04T09:18:24.599,60140568,T0003,OBJ-F,SC-01,normal,118,98,97,84,28,closed,
2026-08-04T09:18:24.619,60160012,T0003,OBJ-F,SC-01,normal,118,98,97,84,28,closed,
2026-08-04T09:18:24.639,60180492,T0003,OBJ-F,SC-01,normal,118,98,97,84,28,closed,
2026-08-04T09:18:24.659,60200984,T0003,OBJ-F,SC-01,normal,118,98,97,84,28,closed,
2026-08-04T09:18:24.679,60220436,T0003,OBJ-F,SC-01,normal,118,98,97,84,28,closed,
2026-08-04T09:18:24.700,60240912,T0003,OBJ-F,SC-01,normal,118,98,97,84,28,closed,
2026-08-04T09:18:24.719,60260376,T0003,OBJ-F,SC-01,normal,118,98,97,84,28,closed,
2026-08-04T09:18:24.739,60280848,T0003,OBJ-F,SC-01,normal,118,98,97,84,28,closed,
2026-08-04T09:18:24.759,60300304,T0003,OBJ-F,SC-01,normal,118,98,97,84,28,closed,
2026-08-04T09:18:24.779,60320796,T0003,OBJ-F,SC-01,normal,118,98,97,84,28,closed,
2026-08-04T09:18:24.800,60340244,T0003,OBJ-F,SC-01,normal,119,98,97,84,28,closed,
2026-08-04T09:18:24.819,60360736,T0003,OBJ-F,SC-01,normal,119,98,97,84,28,closed,
2026-08-04T09:18:24.840,60380172,T0003,OBJ-F,SC-01,normal,120,98,97,84,28,closed,
2026-08-04T09:18:24.859,60400656,T0003,OBJ-F,SC-01,normal,120,98,97,84,28,closed,
2026-08-04T09:18:24.880,60420120,T0003,OBJ-F,SC-01,normal,121,98,97,84,28,closed,
2026-08-04T09:18:24.899,60440600,T0003,OBJ-F,SC-01,normal,121,98,97,84,28,closed,
2026-08-04T09:18:24.919,60460052,T0003,OBJ-F,SC-01,normal,122,98,97,84,28,closed,
2026-08-04T09:18:24.939,60480536,T0003,OBJ-F,SC-01,normal,122,98,97,84,28,closed,
2026-08-04T09:18:24.960,60501008,T0003,OBJ-F,SC-01,normal,123,98,97,84,28,closed,
2026-08-04T09:18:24.979,60520460,T0003,OBJ-F,SC-01,normal,123,98,97,84,28,closed,
2026-08-04T09:18:24.999,60540952,T0003,OBJ-F,SC-01,normal,124,98,97,84,28,closed,
2026-08-04T09:18:25.019,60560400,T0003,OBJ-F,SC-01,normal,124,98,97,84,28,closed,
2026-08-04T09:18:25.039,60580880,T0003,OBJ-F,SC-01,normal,125,98,97,84,28,closed,
2026-08-04T09:18:25.059,60600340,T0003,OBJ-F,SC-01,normal,125,98,97,84,28,closed,
2026-08-04T09:18:25.079,60620820,T0003,OBJ-F,SC-01,normal,126,98,97,84,28,closed,
2026-08-04T09:18:25.098,60640508,T0003,OBJ-F,SC-01,normal,126,98,97,84,28,closed,
2026-08-04T09:18:25.118,60660764,T0003,OBJ-F,SC-01,normal,127,98,97,84,28,closed,
2026-08-04T09:18:25.139,60680208,T0003,OBJ-F,SC-01,normal,127,98,97,84,28,closed,
2026-08-04T09:18:25.159,60700688,T0003,OBJ-F,SC-01,normal,127,98,97,84,28,closed,
2026-08-04T09:18:25.179,60720152,T0003,OBJ-F,SC-01,normal,128,98,97,84,28,closed,
2026-08-04T09:18:25.199,60740632,T0003,OBJ-F,SC-01,normal,128,98,97,84,28,closed,
2026-08-04T09:18:25.220,60760148,T0003,OBJ-F,SC-01,normal,128,98,97,84,28,closed,
2026-08-04T09:18:25.239,60780580,T0003,OBJ-F,SC-01,normal,129,98,97,84,28,closed,
2026-08-04T09:18:25.259,60800024,T0003,OBJ-F,SC-01,normal,129,98,97,84,28,closed,
2026-08-04T09:18:25.279,60820504,T0003,OBJ-F,SC-01,normal,129,98,97,84,28,closed,
2026-08-04T09:18:25.299,60840984,T0003,OBJ-F,SC-01,normal,129,98,97,84,28,closed,
2026-08-04T09:18:25.319,60860428,T0003,OBJ-F,SC-01,normal,129,98,97,84,28,closed,
2026-08-04T09:18:25.339,60880912,T0003,OBJ-F,SC-01,normal,129,98,97,84,28,closed,
2026-08-04T09:18:25.359,60900372,T0003,OBJ-F,SC-01,normal,129,98,97,84,28,closed,
2026-08-04T09:18:25.379,60920852,T0003,OBJ-F,SC-01,normal,129,98,97,84,28,closed,
2026-08-04T09:18:25.399,60940300,T0003,OBJ-F,SC-01,normal,129,98,97,84,28,closed,
2026-08-04T09:18:25.420,60960780,T0003,OBJ-F,SC-01,normal,129,98,97,84,28,closed,
2026-08-04T09:18:25.440,60980240,T0003,OBJ-F,SC-01,normal,129,98,97,84,28,closed,
2026-08-04T09:18:25.459,61000724,T0003,OBJ-F,SC-01,normal,129,98,97,84,28,closed,
2026-08-04T09:18:25.479,61020184,T0003,OBJ-F,SC-01,normal,129,98,97,84,28,closed,
2026-08-04T09:18:25.499,61040668,T0003,OBJ-F,SC-01,normal,129,98,97,84,28,closed,
2026-08-04T09:18:25.519,61060108,T0003,OBJ-F,SC-01,normal,129,98,97,84,28,closed,
2026-08-04T09:18:25.539,61080592,T0003,OBJ-F,SC-01,normal,129,98,97,84,28,closed,
2026-08-04T09:18:25.559,61100052,T0003,OBJ-F,SC-01,normal,129,98,97,84,28,closed,
2026-08-04T09:18:25.579,61120536,T0003,OBJ-F,SC-01,normal,129,98,97,84,28,closed,
2026-08-04T09:18:25.599,61141020,T0003,OBJ-F,SC-01,normal,129,98,97,84,28,closed,
2026-08-04T09:18:25.619,61160464,T0003,OBJ-F,SC-01,normal,129,98,97,84,28,closed,
2026-08-04T09:18:25.639,61180944,T0003,OBJ-F,SC-01,normal,129,98,97,84,28,closed,
2026-08-04T09:18:25.659,61200408,T0003,OBJ-F,SC-01,normal,129,98,97,84,28,closed,
2026-08-04T09:18:25.679,61220888,T0003,OBJ-F,SC-01,normal,129,98,97,84,28,closed,
2026-08-04T09:18:25.699,61240332,T0003,OBJ-F,SC-01,normal,129,98,97,84,28,closed,
2026-08-04T09:18:25.719,61260816,T0003,OBJ-F,SC-01,normal,129,98,97,84,28,closed,
2026-08-04T09:18:25.739,61280276,T0003,OBJ-F,SC-01,normal,129,98,97,84,28,closed,
2026-08-04T09:18:25.759,61300760,T0003,OBJ-F,SC-01,normal,129,98,97,84,28,closed,
2026-08-04T09:18:25.780,61320204,T0003,OBJ-F,SC-01,normal,129,98,97,84,28,closed,
2026-08-04T09:18:25.799,61340684,T0003,OBJ-F,SC-01,normal,129,98,97,84,28,closed,
2026-08-04T09:18:25.820,61360148,T0003,OBJ-F,SC-01,normal,129,98,97,84,28,closed,
2026-08-04T09:18:25.839,61380632,T0003,OBJ-F,SC-01,normal,129,98,97,84,28,closed,
2026-08-04T09:18:25.859,61400076,T0003,OBJ-F,SC-01,normal,129,98,97,84,28,closed,
2026-08-04T09:18:25.879,61420560,T0003,OBJ-F,SC-01,normal,129,98,97,84,28,closed,
2026-08-04T09:18:25.899,61440024,T0003,OBJ-F,SC-01,normal,129,98,97,84,28,closed,
2026-08-04T09:18:25.919,61460500,T0003,OBJ-F,SC-01,normal,129,98,97,84,28,closed,
2026-08-04T09:18:25.939,61480980,T0003,OBJ-F,SC-01,normal,129,98,97,84,28,closed,
2026-08-04T09:18:25.959,61500440,T0003,OBJ-F,SC-01,normal,129,98,97,84,28,closed,
2026-08-04T09:18:25.979,61520924,T0003,OBJ-F,SC-01,normal,129,98,97,84,28,closed,
2026-08-04T09:18:25.999,61540368,T0003,OBJ-F,SC-01,normal,129,99,97,84,28,closed,
2026-08-04T09:18:26.019,61560848,T0003,OBJ-F,SC-01,normal,129,99,97,84,28,closed,
2026-08-04T09:18:26.039,61580312,T0003,OBJ-F,SC-01,normal,129,99,97,84,28,closed,
2026-08-04T09:18:26.059,61600788,T0003,OBJ-F,SC-01,normal,129,100,97,84,28,closed,
2026-08-04T09:18:26.080,61620244,T0003,OBJ-F,SC-01,normal,129,100,97,84,28,closed,
2026-08-04T09:18:26.099,61640716,T0003,OBJ-F,SC-01,normal,129,101,97,84,28,closed,
2026-08-04T09:18:26.119,61660172,T0003,OBJ-F,SC-01,normal,129,101,97,84,28,closed,
2026-08-04T09:18:26.139,61680664,T0003,OBJ-F,SC-01,normal,129,102,97,84,28,closed,
2026-08-04T09:18:26.159,61700120,T0003,OBJ-F,SC-01,normal,129,102,97,84,28,closed,
2026-08-04T09:18:26.179,61720592,T0003,OBJ-F,SC-01,normal,129,103,97,84,28,closed,
2026-08-04T09:18:26.199,61740048,T0003,OBJ-F,SC-01,normal,129,103,97,84,28,closed,
2026-08-04T09:18:26.219,61760524,T0003,OBJ-F,SC-01,normal,129,103,97,84,28,closed,
2026-08-04T09:18:26.239,61781016,T0003,OBJ-F,SC-01,normal,129,103,97,84,28,closed,
2026-08-04T09:18:26.259,61800472,T0003,OBJ-F,SC-01,normal,129,104,97,84,28,closed,
2026-08-04T09:18:26.279,61820948,T0003,OBJ-F,SC-01,normal,129,104,97,84,28,closed,
2026-08-04T09:18:26.298,61840404,T0003,OBJ-F,SC-01,normal,129,104,97,84,28,closed,
2026-08-04T09:18:26.319,61860876,T0003,OBJ-F,SC-01,normal,129,104,97,84,28,closed,
2026-08-04T09:18:26.339,61880332,T0003,OBJ-F,SC-01,normal,129,104,97,84,28,closed,
2026-08-04T09:18:26.359,61900824,T0003,OBJ-F,SC-01,normal,129,105,97,84,28,closed,
2026-08-04T09:18:26.379,61920280,T0003,OBJ-F,SC-01,normal,129,105,97,84,28,closed,
2026-08-04T09:18:26.399,61940756,T0003,OBJ-F,SC-01,normal,129,105,97,84,28,closed,
2026-08-04T09:18:26.420,61960212,T0003,OBJ-F,SC-01,normal,129,105,97,84,28,closed,
2026-08-04T09:18:26.439,61980688,T0003,OBJ-F,SC-01,normal,129,106,97,84,28,closed,
2026-08-04T09:18:26.459,62000144,T0003,OBJ-F,SC-01,normal,129,106,97,84,28,closed,
2026-08-04T09:18:26.479,62020620,T0003,OBJ-F,SC-01,normal,129,107,97,84,28,closed,
2026-08-04T09:18:26.499,62040076,T0003,OBJ-F,SC-01,normal,129,107,97,84,28,closed,
2026-08-04T09:18:26.519,62060568,T0003,OBJ-F,SC-01,normal,129,107,97,84,28,closed,
2026-08-04T09:18:26.539,62080024,T0003,OBJ-F,SC-01,normal,129,108,97,84,28,closed,
2026-08-04T09:18:26.559,62100500,T0003,OBJ-F,SC-01,normal,129,108,97,84,28,closed,
2026-08-04T09:18:26.579,62120976,T0003,OBJ-F,SC-01,normal,129,109,97,84,28,closed,
2026-08-04T09:18:26.599,62140428,T0003,OBJ-F,SC-01,normal,129,109,97,84,28,closed,
2026-08-04T09:18:26.619,62160924,T0003,OBJ-F,SC-01,normal,129,110,97,84,28,closed,
2026-08-04T09:18:26.639,62180380,T0003,OBJ-F,SC-01,normal,129,110,97,84,28,closed,
2026-08-04T09:18:26.659,62200856,T0003,OBJ-F,SC-01,normal,129,111,97,84,28,closed,
2026-08-04T09:18:26.679,62220312,T0003,OBJ-F,SC-01,normal,129,111,97,84,28,closed,
2026-08-04T09:18:26.699,62240792,T0003,OBJ-F,SC-01,normal,129,111,97,84,28,closed,
2026-08-04T09:18:26.720,62260248,T0003,OBJ-F,SC-01,normal,129,112,97,84,28,closed,
2026-08-04T09:18:26.738,62280720,T0003,OBJ-F,SC-01,normal,129,112,97,84,28,closed,
2026-08-04T09:18:26.759,62300176,T0003,OBJ-F,SC-01,normal,129,113,97,84,28,closed,
2026-08-04T09:18:26.779,62320652,T0003,OBJ-F,SC-01,normal,129,113,97,84,28,closed,
2026-08-04T09:18:26.799,62340124,T0003,OBJ-F,SC-01,normal,129,113,97,84,28,closed,
2026-08-04T09:18:26.819,62360600,T0003,OBJ-F,SC-01,normal,129,114,97,84,28,closed,
2026-08-04T09:18:26.839,62380056,T0003,OBJ-F,SC-01,normal,129,114,97,84,28,closed,
2026-08-04T09:18:26.859,62400536,T0003,OBJ-F,SC-01,normal,129,115,97,84,28,closed,
2026-08-04T09:18:26.879,62421008,T0003,OBJ-F,SC-01,normal,129,115,97,84,28,closed,
2026-08-04T09:18:26.899,62440464,T0003,OBJ-F,SC-01,normal,129,115,97,84,28,closed,
2026-08-04T09:18:26.919,62460940,T0003,OBJ-F,SC-01,normal,129,115,97,84,28,closed,
2026-08-04T09:18:26.939,62480396,T0003,OBJ-F,SC-01,normal,129,116,97,84,28,closed,
2026-08-04T09:18:26.959,62500892,T0003,OBJ-F,SC-01,normal,129,116,97,84,28,closed,
2026-08-04T09:18:26.979,62520348,T0003,OBJ-F,SC-01,normal,129,116,97,84,28,closed,
2026-08-04T09:18:26.999,62540824,T0003,OBJ-F,SC-01,normal,129,117,97,84,28,closed,
2026-08-04T09:18:27.019,62560276,T0003,OBJ-F,SC-01,normal,129,117,97,84,28,closed,
2026-08-04T09:18:27.039,62580752,T0003,OBJ-F,SC-01,normal,129,117,97,84,28,closed,
2026-08-04T09:18:27.060,62600212,T0003,OBJ-F,SC-01,normal,129,117,97,84,28,closed,
2026-08-04T09:18:27.079,62620688,T0003,OBJ-F,SC-01,normal,129,117,97,84,28,closed,
2026-08-04T09:18:27.100,62640144,T0003,OBJ-F,SC-01,normal,129,117,97,84,28,closed,
2026-08-04T09:18:27.119,62660620,T0003,OBJ-F,SC-01,normal,129,118,97,84,28,closed,
2026-08-04T09:18:27.139,62680076,T0003,OBJ-F,SC-01,normal,129,118,97,84,28,closed,
2026-08-04T09:18:27.159,62700568,T0003,OBJ-F,SC-01,normal,129,118,97,84,28,closed,
2026-08-04T09:18:27.179,62720024,T0003,OBJ-F,SC-01,normal,129,118,97,84,28,closed,
2026-08-04T09:18:27.198,62740500,T0003,OBJ-F,SC-01,normal,129,118,97,84,28,closed,
2026-08-04T09:18:27.219,62760972,T0003,OBJ-F,SC-01,normal,129,118,97,84,28,closed,
2026-08-04T09:18:27.238,62780428,T0003,OBJ-F,SC-01,normal,129,118,97,84,28,closed,
2026-08-04T09:18:27.259,62800924,T0003,OBJ-F,SC-01,normal,129,118,97,84,28,closed,
2026-08-04T09:18:27.278,62820376,T0003,OBJ-F,SC-01,normal,129,118,97,84,28,closed,
2026-08-04T09:18:27.299,62840856,T0003,OBJ-F,SC-01,normal,129,118,97,84,28,closed,
2026-08-04T09:18:27.319,62860312,T0003,OBJ-F,SC-01,normal,129,119,97,84,28,closed,
2026-08-04T09:18:27.339,62880788,T0003,OBJ-F,SC-01,normal,129,119,97,84,28,closed,
2026-08-04T09:18:27.360,62900244,T0003,OBJ-F,SC-01,normal,129,119,97,84,28,closed,
2026-08-04T09:18:27.379,62920720,T0003,OBJ-F,SC-01,normal,129,120,97,84,28,closed,
2026-08-04T09:18:27.399,62940176,T0003,OBJ-F,SC-01,normal,129,120,97,84,28,closed,
2026-08-04T09:18:27.419,62960652,T0003,OBJ-F,SC-01,normal,129,120,97,84,28,closed,
2026-08-04T09:18:27.440,62980124,T0003,OBJ-F,SC-01,normal,129,120,97,84,28,closed,
2026-08-04T09:18:27.459,63000600,T0003,OBJ-F,SC-01,normal,129,120,97,84,28,closed,
2026-08-04T09:18:27.479,63020056,T0003,OBJ-F,SC-01,normal,129,120,97,84,28,closed,
2026-08-04T09:18:27.499,63040532,T0003,OBJ-F,SC-01,normal,129,120,97,84,28,closed,
2026-08-04T09:18:27.519,63061008,T0003,OBJ-F,SC-01,normal,129,120,97,84,28,closed,
2026-08-04T09:18:27.538,63080460,T0003,OBJ-F,SC-01,normal,129,120,97,84,28,closed,
2026-08-04T09:18:27.559,63100956,T0003,OBJ-F,SC-01,normal,129,120,97,84,28,closed,
2026-08-04T09:18:27.579,63120412,T0003,OBJ-F,SC-01,normal,129,120,97,84,28,closed,
2026-08-04T09:18:27.599,63140884,T0003,OBJ-F,SC-01,normal,129,120,97,84,28,closed,
2026-08-04T09:18:27.619,63160340,T0003,OBJ-F,SC-01,normal,129,120,97,84,28,closed,
2026-08-04T09:18:27.639,63180816,T0003,OBJ-F,SC-01,normal,129,120,97,84,28,closed,
2026-08-04T09:18:27.658,63200272,T0003,OBJ-F,SC-01,normal,129,120,97,84,28,closed,
2026-08-04T09:18:27.679,63220748,T0003,OBJ-F,SC-01,normal,129,120,97,84,28,closed,
2026-08-04T09:18:27.700,63240204,T0003,OBJ-F,SC-01,normal,129,120,97,84,28,closed,
2026-08-04T09:18:27.719,63260696,T0003,OBJ-F,SC-01,normal,129,120,97,84,28,closed,
2026-08-04T09:18:27.739,63280152,T0003,OBJ-F,SC-01,normal,129,120,97,84,28,closed,
2026-08-04T09:18:27.759,63300628,T0003,OBJ-F,SC-01,normal,129,120,97,84,28,closed,
2026-08-04T09:18:27.779,63320084,T0003,OBJ-F,SC-01,normal,129,120,97,84,28,closed,
2026-08-04T09:18:27.799,63340560,T0003,OBJ-F,SC-01,normal,129,120,97,84,28,closed,
2026-08-04T09:18:27.819,63360020,T0003,OBJ-F,SC-01,normal,129,120,97,84,28,closed,
2026-08-04T09:18:27.839,63380492,T0003,OBJ-F,SC-01,normal,129,120,98,84,28,closed,
2026-08-04T09:18:27.859,63400988,T0003,OBJ-F,SC-01,normal,129,120,98,84,28,closed,
2026-08-04T09:18:27.879,63420444,T0003,OBJ-F,SC-01,normal,129,120,99,84,28,closed,
2026-08-04T09:18:27.899,63440920,T0003,OBJ-F,SC-01,normal,129,120,99,84,28,closed,
2026-08-04T09:18:27.919,63460372,T0003,OBJ-F,SC-01,normal,129,120,100,84,28,closed,
2026-08-04T09:18:27.939,63480844,T0003,OBJ-F,SC-01,normal,129,120,100,84,28,closed,
2026-08-04T09:18:27.959,63500312,T0003,OBJ-F,SC-01,normal,129,120,101,84,28,closed,
2026-08-04T09:18:27.979,63520780,T0003,OBJ-F,SC-01,normal,129,120,101,84,28,closed,
2026-08-04T09:18:28.000,63540248,T0003,OBJ-F,SC-01,normal,129,120,102,84,28,closed,
2026-08-04T09:18:28.019,63560720,T0003,OBJ-F,SC-01,normal,129,120,102,84,28,closed,
2026-08-04T09:18:28.039,63580188,T0003,OBJ-F,SC-01,normal,129,120,103,84,28,closed,
2026-08-04T09:18:28.058,63600656,T0003,OBJ-F,SC-01,normal,129,120,103,84,28,closed,
2026-08-04T09:18:28.079,63620124,T0003,OBJ-F,SC-01,normal,129,120,104,84,28,closed,
2026-08-04T09:18:28.099,63640592,T0003,OBJ-F,SC-01,normal,129,120,104,84,28,closed,
2026-08-04T09:18:28.119,63660044,T0003,OBJ-F,SC-01,normal,129,120,104,84,28,closed,
2026-08-04T09:18:28.139,63680532,T0003,OBJ-F,SC-01,normal,129,120,104,84,28,closed,
2026-08-04T09:18:28.159,63701020,T0003,OBJ-F,SC-01,normal,129,120,104,84,28,closed,
2026-08-04T09:18:28.179,63720468,T0003,OBJ-F,SC-01,normal,129,120,104,84,28,closed,
2026-08-04T09:18:28.199,63740940,T0003,OBJ-F,SC-01,normal,129,120,104,84,28,closed,
2026-08-04T09:18:28.218,63760408,T0003,OBJ-F,SC-01,normal,129,120,104,84,28,closed,
2026-08-04T09:18:28.239,63780876,T0003,OBJ-F,SC-01,normal,129,120,104,84,28,closed,
2026-08-04T09:18:28.259,63800344,T0003,OBJ-F,SC-01,normal,129,120,104,84,28,closed,
2026-08-04T09:18:28.279,63820816,T0003,OBJ-F,SC-01,normal,129,120,104,84,28,closed,
2026-08-04T09:18:28.299,63840280,T0003,OBJ-F,SC-01,normal,129,120,104,84,28,closed,
2026-08-04T09:18:28.319,63860752,T0003,OBJ-F,SC-01,normal,129,120,103,84,28,closed,
2026-08-04T09:18:28.340,63880204,T0003,OBJ-F,SC-01,normal,129,120,102,84,28,closed,
2026-08-04T09:18:28.359,63900692,T0003,OBJ-F,SC-01,normal,129,120,102,84,28,closed,
2026-08-04T09:18:28.380,63920144,T0003,OBJ-F,SC-01,normal,129,120,101,84,28,closed,
2026-08-04T09:18:28.399,63940620,T0003,OBJ-F,SC-01,normal,129,120,99,84,28,closed,
2026-08-04T09:18:28.419,63960076,T0003,OBJ-F,SC-01,normal,129,120,98,84,28,closed,
2026-08-04T09:18:28.439,63980568,T0003,OBJ-F,SC-01,normal,129,120,97,84,28,closed,
2026-08-04T09:18:28.459,64000028,T0003,OBJ-F,SC-01,normal,129,120,96,84,28,closed,
2026-08-04T09:18:28.479,64020500,T0003,OBJ-F,SC-01,normal,129,120,95,84,28,closed,
2026-08-04T09:18:28.499,64040972,T0003,OBJ-F,SC-01,normal,129,120,94,84,28,closed,
2026-08-04T09:18:28.519,64060444,T0003,OBJ-F,SC-01,normal,129,120,93,84,28,closed,
2026-08-04T09:18:28.539,64080920,T0003,OBJ-F,SC-01,normal,129,120,92,84,28,closed,
2026-08-04T09:18:28.559,64100372,T0003,OBJ-F,SC-01,normal,129,120,91,84,28,closed,
2026-08-04T09:18:28.579,64120848,T0003,OBJ-F,SC-01,normal,129,120,90,84,28,closed,
2026-08-04T09:18:28.599,64140300,T0003,OBJ-F,SC-01,normal,129,120,89,84,28,closed,
2026-08-04T09:18:28.619,64160796,T0003,OBJ-F,SC-01,normal,129,120,88,84,28,closed,
2026-08-04T09:18:28.640,64180248,T0003,OBJ-F,SC-01,normal,129,120,87,84,28,closed,
2026-08-04T09:18:28.660,64200724,T0003,OBJ-F,SC-01,normal,129,120,86,84,28,closed,
2026-08-04T09:18:28.679,64220180,T0003,OBJ-F,SC-01,normal,129,120,85,84,28,closed,
2026-08-04T09:18:28.700,64240652,T0003,OBJ-F,SC-01,normal,129,120,84,84,28,closed,
2026-08-04T09:18:28.719,64260108,T0003,OBJ-F,SC-01,normal,129,120,83,84,28,closed,
2026-08-04T09:18:28.739,64280600,T0003,OBJ-F,SC-01,normal,129,120,83,84,28,closed,
2026-08-04T09:18:28.759,64300052,T0003,OBJ-F,SC-01,normal,129,120,82,84,28,closed,
2026-08-04T09:18:28.780,64320528,T0003,OBJ-F,SC-01,normal,129,120,82,84,28,closed,
2026-08-04T09:18:28.800,64341004,T0003,OBJ-F,SC-01,normal,129,120,81,84,28,closed,
2026-08-04T09:18:28.820,64360476,T0003,OBJ-F,SC-01,normal,129,120,81,84,28,closed,
2026-08-04T09:18:28.840,64380948,T0003,OBJ-F,SC-01,normal,129,120,81,84,28,closed,
2026-08-04T09:18:28.860,64400404,T0003,OBJ-F,SC-01,normal,129,120,81,84,28,closed,
2026-08-04T09:18:28.880,64420876,T0003,OBJ-F,SC-01,normal,129,120,81,84,28,closed,
2026-08-04T09:18:28.900,64440332,T0003,OBJ-F,SC-01,normal,129,120,81,84,28,closed,
2026-08-04T09:18:28.921,64460824,T0003,OBJ-F,SC-01,normal,129,120,81,84,28,closed,
2026-08-04T09:18:28.940,64480276,T0003,OBJ-F,SC-01,normal,129,120,81,84,28,closed,
2026-08-04T09:18:28.961,64500752,T0003,OBJ-F,SC-01,normal,129,120,81,84,28,closed,
2026-08-04T09:18:28.980,64520208,T0003,OBJ-F,SC-01,normal,129,120,81,84,28,closed,
2026-08-04T09:18:29.001,64540700,T0003,OBJ-F,SC-01,normal,129,120,81,84,28,closed,
2026-08-04T09:18:29.020,64560152,T0003,OBJ-F,SC-01,normal,129,120,81,84,28,closed,
2026-08-04T09:18:29.041,64580628,T0003,OBJ-F,SC-01,normal,129,120,81,84,28,closed,
2026-08-04T09:18:29.060,64600084,T0003,OBJ-F,SC-01,normal,129,120,81,84,28,closed,
2026-08-04T09:18:29.081,64620556,T0003,OBJ-F,SC-01,normal,129,120,80,84,28,closed,
2026-08-04T09:18:29.100,64640012,T0003,OBJ-F,SC-01,normal,129,120,80,84,28,closed,
2026-08-04T09:18:29.121,64660504,T0003,OBJ-F,SC-01,normal,129,120,79,84,28,closed,
2026-08-04T09:18:29.159,64680980,T0003,OBJ-F,SC-01,normal,129,120,78,84,28,closed,
2026-08-04T09:18:29.161,64700432,T0003,OBJ-F,SC-01,normal,129,120,77,84,28,closed,
2026-08-04T09:18:29.198,64720908,T0003,OBJ-F,SC-01,normal,129,120,77,84,28,closed,
2026-08-04T09:18:29.218,64740364,T0003,OBJ-F,SC-01,normal,129,120,76,84,28,closed,
2026-08-04T09:18:29.238,64760856,T0003,OBJ-F,SC-01,normal,129,120,75,84,28,closed,
2026-08-04T09:18:29.259,64780312,T0003,OBJ-F,SC-01,normal,129,120,75,84,28,closed,
2026-08-04T09:18:29.262,64800788,T0003,OBJ-F,SC-01,normal,129,120,74,84,28,closed,
2026-08-04T09:18:29.281,64820244,T0003,OBJ-F,SC-01,normal,129,120,74,84,28,closed,
2026-08-04T09:18:29.319,64840716,T0003,OBJ-F,SC-01,normal,129,120,73,84,28,closed,
2026-08-04T09:18:29.321,64860172,T0003,OBJ-F,SC-01,normal,129,120,72,84,28,closed,
2026-08-04T09:18:29.360,64880664,T0003,OBJ-F,SC-01,normal,129,120,72,84,28,closed,
2026-08-04T09:18:29.362,64900120,T0003,OBJ-F,SC-01,normal,129,120,71,84,28,closed,
2026-08-04T09:18:29.400,64920596,T0003,OBJ-F,SC-01,normal,129,120,71,84,28,closed,
2026-08-04T09:18:29.402,64940052,T0003,OBJ-F,SC-01,normal,129,120,70,84,28,closed,
2026-08-04T09:18:29.439,64960528,T0003,OBJ-F,SC-01,normal,129,120,69,84,28,closed,
2026-08-04T09:18:29.459,64981020,T0003,OBJ-F,SC-01,normal,129,120,69,84,28,closed,
2026-08-04T09:18:29.479,65000476,T0003,OBJ-F,SC-01,normal,129,120,68,84,28,closed,
2026-08-04T09:18:29.499,65020952,T0003,OBJ-F,SC-01,normal,129,120,68,84,28,closed,
2026-08-04T09:18:29.519,65040408,T0003,OBJ-F,SC-01,normal,129,120,67,84,28,closed,
2026-08-04T09:18:29.538,65060884,T0003,OBJ-F,SC-01,normal,129,120,67,84,28,closed,
2026-08-04T09:18:29.559,65080336,T0003,OBJ-F,SC-01,normal,129,120,67,84,28,closed,
2026-08-04T09:18:29.579,65100812,T0003,OBJ-F,SC-01,normal,129,120,66,84,28,closed,
2026-08-04T09:18:29.599,65120268,T0003,OBJ-F,SC-01,normal,129,120,66,84,28,closed,
2026-08-04T09:18:29.620,65140760,T0003,OBJ-F,SC-01,normal,129,120,65,84,28,closed,
2026-08-04T09:18:29.623,65160216,T0003,OBJ-F,SC-01,normal,129,120,65,84,28,closed,
2026-08-04T09:18:29.659,65180692,T0003,OBJ-F,SC-01,normal,129,120,65,84,28,closed,
2026-08-04T09:18:29.679,65200148,T0003,OBJ-F,SC-01,normal,129,120,65,84,28,closed,
2026-08-04T09:18:29.700,65220624,T0003,OBJ-F,SC-01,normal,129,120,64,84,28,closed,
2026-08-04T09:18:29.719,65240080,T0003,OBJ-F,SC-01,normal,129,120,64,84,28,closed,
2026-08-04T09:18:29.739,65260556,T0003,OBJ-F,SC-01,normal,129,120,64,84,28,closed,
2026-08-04T09:18:29.759,65280012,T0003,OBJ-F,SC-01,normal,129,120,63,84,28,closed,
2026-08-04T09:18:29.779,65300504,T0003,OBJ-F,SC-01,normal,129,120,63,84,28,closed,
2026-08-04T09:18:29.799,65320980,T0003,OBJ-F,SC-01,normal,129,120,63,84,28,closed,
2026-08-04T09:18:29.819,65340432,T0003,OBJ-F,SC-01,normal,129,120,63,84,28,closed,
2026-08-04T09:18:29.839,65360912,T0003,OBJ-F,SC-01,normal,129,120,63,84,28,closed,
2026-08-04T09:18:29.859,65380364,T0003,OBJ-F,SC-01,normal,129,120,63,84,28,closed,
2026-08-04T09:18:29.879,65400860,T0003,OBJ-F,SC-01,normal,129,120,63,84,28,closed,
2026-08-04T09:18:29.899,65420316,T0003,OBJ-F,SC-01,normal,129,120,63,84,28,closed,
2026-08-04T09:18:29.919,65440792,T0003,OBJ-F,SC-01,normal,129,120,63,84,28,closed,
2026-08-04T09:18:29.938,65460248,T0003,OBJ-F,SC-01,normal,129,120,63,84,28,closed,
2026-08-04T09:18:29.959,65480724,T0003,OBJ-F,SC-01,normal,129,120,63,84,28,closed,
2026-08-04T09:18:29.979,65500180,T0003,OBJ-F,SC-01,normal,129,120,63,84,28,closed,
2026-08-04T09:18:30.000,65520656,T0003,OBJ-F,SC-01,normal,129,120,63,84,28,closed,
2026-08-04T09:18:30.019,65540112,T0003,OBJ-F,SC-01,normal,129,120,63,84,28,closed,
2026-08-04T09:18:30.039,65560596,T0003,OBJ-F,SC-01,normal,129,120,63,84,28,closed,
2026-08-04T09:18:30.059,65580056,T0003,OBJ-F,SC-01,normal,129,120,63,84,28,closed,
2026-08-04T09:18:30.080,65600532,T0003,OBJ-F,SC-01,normal,129,120,63,84,28,closed,
2026-08-04T09:18:30.099,65621012,T0003,OBJ-F,SC-01,normal,129,120,63,84,28,closed,
2026-08-04T09:18:30.119,65640468,T0003,OBJ-F,SC-01,normal,129,120,63,84,28,closed,
2026-08-04T09:18:30.139,65660952,T0003,OBJ-F,SC-01,normal,129,120,63,84,28,closed,
2026-08-04T09:18:30.159,65680396,T0003,OBJ-F,SC-01,normal,129,120,63,84,28,closed,
2026-08-04T09:18:30.179,65700880,T0003,OBJ-F,SC-01,normal,129,120,63,84,28,closed,
2026-08-04T09:18:30.199,65720340,T0003,OBJ-F,SC-01,normal,129,120,63,84,28,closed,
2026-08-04T09:18:30.219,65740812,T0003,OBJ-F,SC-01,normal,129,120,63,84,28,closed,
2026-08-04T09:18:30.239,65760284,T0003,OBJ-F,SC-01,normal,129,120,63,84,28,closed,
2026-08-04T09:18:30.260,65780768,T0003,OBJ-F,SC-01,normal,129,120,63,84,28,closed,
2026-08-04T09:18:30.279,65800212,T0003,OBJ-F,SC-01,normal,129,120,63,84,28,closed,
2026-08-04T09:18:30.300,65820700,T0003,OBJ-F,SC-01,normal,129,119,63,84,28,closed,
2026-08-04T09:18:30.319,65840140,T0003,OBJ-F,SC-01,normal,129,119,63,84,28,closed,
2026-08-04T09:18:30.339,65860620,T0003,OBJ-F,SC-01,normal,129,119,63,84,28,closed,
2026-08-04T09:18:30.359,65880080,T0003,OBJ-F,SC-01,normal,129,118,63,84,28,closed,
2026-08-04T09:18:30.380,65900888,T0003,OBJ-F,SC-01,normal,128,118,63,84,28,closed,
2026-08-04T09:18:30.399,65920012,T0003,OBJ-F,SC-01,normal,128,118,63,84,28,closed,
2026-08-04T09:18:30.419,65940512,T0003,OBJ-F,SC-01,normal,129,117,63,84,28,closed,
2026-08-04T09:18:30.439,65961324,T0003,OBJ-F,SC-01,normal,129,116,63,84,28,closed,
2026-08-04T09:18:30.459,65980708,T0003,OBJ-F,SC-01,normal,129,115,63,84,28,closed,
2026-08-04T09:18:30.479,66001128,T0003,OBJ-F,SC-01,normal,129,114,63,84,28,closed,
2026-08-04T09:18:30.499,66020372,T0003,OBJ-F,SC-01,normal,129,114,63,84,28,closed,
2026-08-04T09:18:30.519,66040848,T0003,OBJ-F,SC-01,normal,129,113,63,84,28,closed,
2026-08-04T09:18:30.539,66060300,T0003,OBJ-F,SC-01,normal,129,113,63,84,28,closed,
2026-08-04T09:18:30.559,66080792,T0003,OBJ-F,SC-01,normal,129,113,63,84,28,closed,
2026-08-04T09:18:30.579,66100240,T0003,OBJ-F,SC-01,normal,129,113,63,84,28,closed,
2026-08-04T09:18:30.600,66120720,T0003,OBJ-F,SC-01,normal,129,113,63,84,28,closed,
2026-08-04T09:18:30.619,66140184,T0003,OBJ-F,SC-01,normal,129,113,63,84,28,closed,
2026-08-04T09:18:30.640,66160668,T0003,OBJ-F,SC-01,normal,129,113,63,84,28,closed,
2026-08-04T09:18:30.659,66180132,T0003,OBJ-F,SC-01,normal,129,113,63,84,28,closed,
2026-08-04T09:18:30.679,66200596,T0003,OBJ-F,SC-01,normal,129,113,63,84,28,closed,
2026-08-04T09:18:30.699,66220224,T0003,OBJ-F,SC-01,normal,129,113,63,84,28,closed,
2026-08-04T09:18:30.720,66240524,T0003,OBJ-F,SC-01,normal,129,113,63,84,28,closed,
2026-08-04T09:18:30.739,66261016,T0003,OBJ-F,SC-01,normal,129,113,63,84,28,closed,
2026-08-04T09:18:30.759,66280468,T0003,OBJ-F,SC-01,normal,129,113,63,84,28,closed,
2026-08-04T09:18:30.778,66300944,T0003,OBJ-F,SC-01,normal,129,112,63,84,28,closed,
2026-08-04T09:18:30.799,66320400,T0003,OBJ-F,SC-01,normal,129,112,63,84,28,closed,
2026-08-04T09:18:30.819,66340888,T0003,OBJ-F,SC-01,normal,129,112,63,84,28,closed,
2026-08-04T09:18:30.839,66360344,T0003,OBJ-F,SC-01,normal,129,112,63,84,28,closed,
2026-08-04T09:18:30.859,66380816,T0003,OBJ-F,SC-01,normal,129,112,63,84,28,closed,
2026-08-04T09:18:30.879,66400268,T0003,OBJ-F,SC-01,normal,128,112,63,84,28,closed,
2026-08-04T09:18:30.900,66420760,T0003,OBJ-F,SC-01,normal,129,112,63,84,28,closed,
2026-08-04T09:18:30.919,66440216,T0003,OBJ-F,SC-01,normal,129,112,63,84,28,closed,
2026-08-04T09:18:30.939,66460688,T0003,OBJ-F,SC-01,normal,129,112,63,84,28,closed,
2026-08-04T09:18:30.959,66480144,T0003,OBJ-F,SC-01,normal,129,112,63,84,28,closed,
2026-08-04T09:18:30.979,66500636,T0003,OBJ-F,SC-01,normal,128,113,63,84,28,closed,
2026-08-04T09:18:30.999,66520088,T0003,OBJ-F,SC-01,normal,129,113,63,84,28,closed,
2026-08-04T09:18:31.019,66540564,T0003,OBJ-F,SC-01,normal,129,114,63,84,28,closed,
2026-08-04T09:18:31.039,66560020,T0003,OBJ-F,SC-01,normal,129,115,63,84,28,closed,
2026-08-04T09:18:31.059,66580492,T0003,OBJ-F,SC-01,normal,128,116,63,84,28,closed,
2026-08-04T09:18:31.079,66600980,T0003,OBJ-F,SC-01,normal,129,117,63,84,28,closed,
2026-08-04T09:18:31.099,66620432,T0003,OBJ-F,SC-01,normal,129,118,63,84,28,closed,
2026-08-04T09:18:31.119,66640908,T0003,OBJ-F,SC-01,normal,129,120,63,84,28,closed,
2026-08-04T09:18:31.139,66660380,T0003,OBJ-F,SC-01,normal,129,121,63,84,28,closed,
2026-08-04T09:18:31.159,66680856,T0003,OBJ-F,SC-01,normal,129,122,63,84,28,closed,
2026-08-04T09:18:31.179,66700308,T0003,OBJ-F,SC-01,normal,129,124,63,84,28,closed,
2026-08-04T09:18:31.199,66720784,T0003,OBJ-F,SC-01,normal,129,125,63,84,28,closed,
2026-08-04T09:18:31.219,66740236,T0003,OBJ-F,SC-01,normal,129,126,63,84,28,closed,
2026-08-04T09:18:31.239,66760732,T0003,OBJ-F,SC-01,normal,129,127,63,84,28,closed,
2026-08-04T09:18:31.258,66780184,T0003,OBJ-F,SC-01,normal,128,128,63,84,28,closed,
2026-08-04T09:18:31.279,66800660,T0003,OBJ-F,SC-01,normal,129,129,63,84,28,closed,
2026-08-04T09:18:31.299,66820112,T0003,OBJ-F,SC-01,normal,129,130,63,84,28,closed,
2026-08-04T09:18:31.319,66840588,T0003,OBJ-F,SC-01,normal,129,130,63,84,28,closed,
2026-08-04T09:18:31.339,66860044,T0003,OBJ-F,SC-01,normal,129,130,63,84,28,closed,
2026-08-04T09:18:31.360,66880536,T0003,OBJ-F,SC-01,normal,129,130,63,84,28,closed,
2026-08-04T09:18:31.379,66901008,T0003,OBJ-F,SC-01,normal,129,130,63,84,28,closed,
2026-08-04T09:18:31.399,66920464,T0003,OBJ-F,SC-01,normal,129,130,63,84,28,closed,
2026-08-04T09:18:31.419,66940956,T0003,OBJ-F,SC-01,normal,129,130,63,84,28,closed,
2026-08-04T09:18:31.439,66960408,T0003,OBJ-F,SC-01,normal,129,130,63,84,28,closed,
2026-08-04T09:18:31.459,66980884,T0003,OBJ-F,SC-01,normal,129,130,63,84,28,closed,
2026-08-04T09:18:31.479,67000336,T0003,OBJ-F,SC-01,normal,129,130,63,84,28,closed,
2026-08-04T09:18:31.498,67020812,T0003,OBJ-F,SC-01,normal,129,130,63,84,28,closed,
2026-08-04T09:18:31.519,67040284,T0003,OBJ-F,SC-01,normal,129,130,63,84,28,closed,
2026-08-04T09:18:31.540,67060760,T0003,OBJ-F,SC-01,normal,129,130,63,84,28,closed,
2026-08-04T09:18:31.559,67080212,T0003,OBJ-F,SC-01,normal,129,130,63,84,28,closed,
2026-08-04T09:18:31.579,67100688,T0003,OBJ-F,SC-01,normal,129,130,63,84,28,closed,
2026-08-04T09:18:31.599,67120144,T0003,OBJ-F,SC-01,normal,129,131,63,84,28,closed,
2026-08-04T09:18:31.619,67140620,T0003,OBJ-F,SC-01,normal,129,132,63,84,28,closed,
2026-08-04T09:18:31.639,67160092,T0003,OBJ-F,SC-01,normal,129,132,63,84,28,closed,
2026-08-04T09:18:31.659,67180568,T0003,OBJ-F,SC-01,normal,129,133,63,84,28,closed,
2026-08-04T09:18:31.679,67200024,T0003,OBJ-F,SC-01,normal,129,134,63,84,28,closed,
2026-08-04T09:18:31.700,67220496,T0003,OBJ-F,SC-01,normal,129,134,63,84,28,closed,
2026-08-04T09:18:31.719,67240984,T0003,OBJ-F,SC-01,normal,129,135,63,84,28,closed,
2026-08-04T09:18:31.739,67260440,T0003,OBJ-F,SC-01,normal,129,135,63,84,28,closed,
2026-08-04T09:18:31.758,67280912,T0003,OBJ-F,SC-01,normal,129,136,63,84,28,closed,
2026-08-04T09:18:31.779,67300368,T0003,OBJ-F,SC-01,normal,129,136,63,84,28,closed,
2026-08-04T09:18:31.799,67320860,T0003,OBJ-F,SC-01,normal,128,136,63,84,28,closed,
2026-08-04T09:18:31.819,67340312,T0003,OBJ-F,SC-01,normal,129,137,63,84,28,closed,
2026-08-04T09:18:31.839,67360788,T0003,OBJ-F,SC-01,normal,129,137,63,84,28,closed,
2026-08-04T09:18:31.859,67380244,T0003,OBJ-F,SC-01,normal,129,137,63,84,28,closed,
2026-08-04T09:18:31.880,67400716,T0003,OBJ-F,SC-01,normal,129,137,63,84,28,closed,
2026-08-04T09:18:31.899,67420188,T0003,OBJ-F,SC-01,normal,129,137,63,84,28,closed,
2026-08-04T09:18:31.919,67440660,T0003,OBJ-F,SC-01,normal,129,137,63,84,28,closed,
2026-08-04T09:18:31.939,67460116,T0003,OBJ-F,SC-01,normal,129,137,63,84,28,closed,
2026-08-04T09:18:31.959,67480592,T0003,OBJ-F,SC-01,normal,129,138,63,84,28,closed,
2026-08-04T09:18:31.979,67500048,T0003,OBJ-F,SC-01,normal,129,138,63,84,28,closed,
2026-08-04T09:18:31.999,67520524,T0003,OBJ-F,SC-01,normal,129,138,63,84,28,closed,
2026-08-04T09:18:32.019,67541016,T0003,OBJ-F,SC-01,normal,129,139,63,84,28,closed,
2026-08-04T09:18:32.039,67560472,T0003,OBJ-F,SC-01,normal,129,139,63,84,28,closed,
2026-08-04T09:18:32.059,67580944,T0003,OBJ-F,SC-01,normal,129,140,63,84,28,closed,
2026-08-04T09:18:32.079,67600400,T0003,OBJ-F,SC-01,normal,129,140,63,84,28,closed,
2026-08-04T09:18:32.099,67620876,T0003,OBJ-F,SC-01,normal,129,140,63,84,28,closed,
2026-08-04T09:18:32.119,67640348,T0003,OBJ-F,SC-01,normal,128,141,63,84,28,closed,
2026-08-04T09:18:32.139,67660820,T0003,OBJ-F,SC-01,normal,129,142,63,84,28,closed,
2026-08-04T09:18:32.159,67680276,T0003,OBJ-F,SC-01,normal,128,142,63,84,28,closed,
2026-08-04T09:18:32.180,67700748,T0003,OBJ-F,SC-01,normal,129,143,63,84,28,closed,
2026-08-04T09:18:32.199,67720204,T0003,OBJ-F,SC-01,normal,129,143,63,84,28,closed,
2026-08-04T09:18:32.219,67740696,T0003,OBJ-F,SC-01,normal,129,144,63,84,28,closed,
2026-08-04T09:18:32.239,67760152,T0003,OBJ-F,SC-01,normal,129,144,63,84,28,closed,
2026-08-04T09:18:32.259,67780628,T0003,OBJ-F,SC-01,normal,129,144,63,84,28,closed,
2026-08-04T09:18:32.278,67800084,T0003,OBJ-F,SC-01,normal,129,144,63,84,28,closed,
2026-08-04T09:18:32.299,67820560,T0003,OBJ-F,SC-01,normal,129,145,63,84,28,closed,
2026-08-04T09:18:32.319,67840016,T0003,OBJ-F,SC-01,normal,129,145,63,84,28,closed,
2026-08-04T09:18:32.339,67860504,T0003,OBJ-F,SC-01,normal,129,145,63,84,28,closed,
2026-08-04T09:18:32.359,67880980,T0003,OBJ-F,SC-01,normal,129,145,63,84,28,closed,
2026-08-04T09:18:32.380,67900432,T0003,OBJ-F,SC-01,normal,129,146,63,84,28,closed,
2026-08-04T09:18:32.399,67920908,T0003,OBJ-F,SC-01,normal,129,146,63,84,28,closed,
2026-08-04T09:18:32.419,67940364,T0003,OBJ-F,SC-01,normal,129,146,63,84,28,closed,
2026-08-04T09:18:32.439,67960860,T0003,OBJ-F,SC-01,normal,129,147,63,84,28,closed,
2026-08-04T09:18:32.459,67980312,T0003,OBJ-F,SC-01,normal,129,147,63,84,28,closed,
2026-08-04T09:18:32.480,68000792,T0003,OBJ-F,SC-01,normal,129,147,63,84,28,closed,
2026-08-04T09:18:32.499,68020244,T0003,OBJ-F,SC-01,normal,129,147,63,84,28,closed,
2026-08-04T09:18:32.519,68040720,T0003,OBJ-F,SC-01,normal,129,148,63,84,28,closed,
2026-08-04T09:18:32.539,68060176,T0003,OBJ-F,SC-01,normal,129,148,63,84,28,closed,
2026-08-04T09:18:32.559,68080652,T0003,OBJ-F,SC-01,normal,129,148,63,84,28,closed,
2026-08-04T09:18:32.579,68100124,T0003,OBJ-F,SC-01,normal,129,148,63,84,28,closed,
2026-08-04T09:18:32.599,68120596,T0003,OBJ-F,SC-01,normal,129,148,63,84,28,closed,
2026-08-04T09:18:32.619,68140052,T0003,OBJ-F,SC-01,normal,129,148,63,84,28,closed,
2026-08-04T09:18:32.639,68160528,T0003,OBJ-F,SC-01,normal,129,148,63,84,28,closed,
2026-08-04T09:18:32.659,68181004,T0003,OBJ-F,SC-01,normal,129,148,63,84,28,closed,
2026-08-04T09:18:32.679,68200476,T0003,OBJ-F,SC-01,normal,129,148,63,84,28,closed,
2026-08-04T09:18:32.699,68220948,T0003,OBJ-F,SC-01,normal,129,148,63,84,28,closed,
2026-08-04T09:18:32.719,68240404,T0003,OBJ-F,SC-01,normal,129,149,63,84,28,closed,
2026-08-04T09:18:32.739,68260876,T0003,OBJ-F,SC-01,normal,129,149,63,84,28,closed,
2026-08-04T09:18:32.759,68280344,T0003,OBJ-F,SC-01,normal,129,149,63,84,28,closed,
2026-08-04T09:18:32.779,68300820,T0003,OBJ-F,SC-01,normal,129,149,63,84,28,closed,
2026-08-04T09:18:32.799,68320272,T0003,OBJ-F,SC-01,normal,129,150,63,84,28,closed,
2026-08-04T09:18:32.820,68340748,T0003,OBJ-F,SC-01,normal,129,150,63,84,28,closed,
2026-08-04T09:18:32.839,68360204,T0003,OBJ-F,SC-01,normal,129,150,63,84,28,closed,
2026-08-04T09:18:32.860,68380696,T0003,OBJ-F,SC-01,normal,129,150,63,84,28,closed,
2026-08-04T09:18:32.879,68400148,T0003,OBJ-F,SC-01,normal,129,151,63,84,28,closed,
2026-08-04T09:18:32.899,68420624,T0003,OBJ-F,SC-01,normal,129,151,63,84,28,closed,
2026-08-04T09:18:32.919,68440080,T0003,OBJ-F,SC-01,normal,129,151,63,84,28,closed,
2026-08-04T09:18:32.939,68460556,T0003,OBJ-F,SC-01,normal,128,152,63,84,28,closed,
2026-08-04T09:18:32.959,68480012,T0003,OBJ-F,SC-01,normal,129,152,63,84,28,closed,
2026-08-04T09:18:32.979,68500504,T0003,OBJ-F,SC-01,normal,129,152,63,84,28,closed,
2026-08-04T09:18:32.999,68520980,T0003,OBJ-F,SC-01,normal,128,152,63,84,28,closed,
2026-08-04T09:18:33.019,68540432,T0003,OBJ-F,SC-01,normal,129,152,63,84,28,closed,
2026-08-04T09:18:33.039,68560908,T0003,OBJ-F,SC-01,normal,128,152,63,84,28,closed,
2026-08-04T09:18:33.059,68580364,T0003,OBJ-F,SC-01,normal,129,153,63,84,28,closed,
2026-08-04T09:18:33.079,68600856,T0003,OBJ-F,SC-01,normal,129,153,63,84,28,closed,
2026-08-04T09:18:33.098,68620312,T0003,OBJ-F,SC-01,normal,129,153,63,84,28,closed,
2026-08-04T09:18:33.119,68640788,T0003,OBJ-F,SC-01,normal,129,153,63,84,28,closed,
2026-08-04T09:18:33.139,68660244,T0003,OBJ-F,SC-01,normal,129,153,63,84,28,closed,
2026-08-04T09:18:33.159,68680720,T0003,OBJ-F,SC-01,normal,129,153,63,84,28,closed,
2026-08-04T09:18:33.179,68700172,T0003,OBJ-F,SC-01,normal,129,153,63,84,28,closed,
2026-08-04T09:18:33.199,68720668,T0003,OBJ-F,SC-01,normal,129,154,63,84,28,closed,
2026-08-04T09:18:33.219,68740120,T0003,OBJ-F,SC-01,normal,129,154,63,84,28,closed,
2026-08-04T09:18:33.239,68760596,T0003,OBJ-F,SC-01,normal,129,154,63,84,28,closed,
2026-08-04T09:18:33.259,68780052,T0003,OBJ-F,SC-01,normal,129,155,63,84,28,closed,
2026-08-04T09:18:33.279,68800532,T0003,OBJ-F,SC-01,normal,129,155,63,84,28,closed,
2026-08-04T09:18:33.298,68821004,T0003,OBJ-F,SC-01,normal,129,155,63,84,28,closed,
2026-08-04T09:18:33.319,68840460,T0003,OBJ-F,SC-01,normal,129,155,63,84,28,closed,
2026-08-04T09:18:33.338,68860952,T0003,OBJ-F,SC-01,normal,129,156,63,84,28,closed,
2026-08-04T09:18:33.359,68880404,T0003,OBJ-F,SC-01,normal,129,156,63,84,28,closed,
2026-08-04T09:18:33.379,68900880,T0003,OBJ-F,SC-01,normal,129,156,63,84,28,closed,
2026-08-04T09:18:33.399,68920332,T0003,OBJ-F,SC-01,normal,128,156,63,84,28,closed,
2026-08-04T09:18:33.419,68940824,T0003,OBJ-F,SC-01,normal,129,156,63,84,28,closed,
2026-08-04T09:18:33.439,68960276,T0003,OBJ-F,SC-01,normal,129,156,63,84,28,closed,
2026-08-04T09:18:33.460,68980752,T0003,OBJ-F,SC-01,normal,129,156,63,84,28,closed,
2026-08-04T09:18:33.480,69000208,T0003,OBJ-F,SC-01,normal,129,156,63,84,28,closed,
2026-08-04T09:18:33.499,69020700,T0003,OBJ-F,SC-01,normal,129,156,63,84,28,closed,
2026-08-04T09:18:33.519,69040156,T0003,OBJ-F,SC-01,normal,129,156,63,84,28,closed,
2026-08-04T09:18:33.539,69060628,T0003,OBJ-F,SC-01,normal,129,156,63,84,28,closed,
2026-08-04T09:18:33.559,69080084,T0003,OBJ-F,SC-01,normal,129,156,63,84,28,closed,
2026-08-04T09:18:33.580,69100560,T0003,OBJ-F,SC-01,normal,128,156,63,84,28,closed,
2026-08-04T09:18:33.599,69120016,T0003,OBJ-F,SC-01,normal,129,156,63,84,28,closed,
2026-08-04T09:18:33.619,69140504,T0003,OBJ-F,SC-01,normal,129,156,63,84,28,closed,
2026-08-04T09:18:33.639,69160980,T0003,OBJ-F,SC-01,normal,128,157,63,84,28,closed,
2026-08-04T09:18:33.659,69180432,T0003,OBJ-F,SC-01,normal,129,157,63,84,28,closed,
2026-08-04T09:18:33.679,69200908,T0003,OBJ-F,SC-01,normal,129,157,63,84,28,closed,
2026-08-04T09:18:33.699,69220364,T0003,OBJ-F,SC-01,normal,129,157,63,84,28,closed,
2026-08-04T09:18:33.719,69240860,T0003,OBJ-F,SC-01,normal,129,158,63,84,28,closed,
2026-08-04T09:18:33.739,69260312,T0003,OBJ-F,SC-01,normal,129,158,63,84,28,closed,
2026-08-04T09:18:33.760,69280788,T0003,OBJ-F,SC-01,normal,129,158,63,84,28,closed,
2026-08-04T09:18:33.779,69300244,T0003,OBJ-F,SC-01,normal,129,158,63,84,28,closed,
2026-08-04T09:18:33.800,69320720,T0003,OBJ-F,SC-01,normal,129,159,63,84,28,closed,
2026-08-04T09:18:33.819,69340176,T0003,OBJ-F,SC-01,normal,128,159,63,84,28,closed,
2026-08-04T09:18:33.840,69360652,T0003,OBJ-F,SC-01,normal,129,159,63,84,28,closed,
2026-08-04T09:18:33.859,69380108,T0003,OBJ-F,SC-01,normal,129,159,63,84,28,closed,
2026-08-04T09:18:33.879,69400600,T0003,OBJ-F,SC-01,normal,129,159,63,84,28,closed,
2026-08-04T09:18:33.899,69420056,T0003,OBJ-F,SC-01,normal,129,159,63,84,28,closed,
2026-08-04T09:18:33.919,69440532,T0003,OBJ-F,SC-01,normal,129,159,63,84,28,closed,
2026-08-04T09:18:33.939,69461008,T0003,OBJ-F,SC-01,normal,129,159,63,84,28,closed,
2026-08-04T09:18:33.959,69480464,T0003,OBJ-F,SC-01,normal,129,159,63,84,28,closed,
2026-08-04T09:18:33.979,69500940,T0003,OBJ-F,SC-01,normal,129,159,63,84,28,closed,
2026-08-04T09:18:33.999,69520396,T0003,OBJ-F,SC-01,normal,129,159,63,84,28,closed,
2026-08-04T09:18:34.019,69540892,T0003,OBJ-F,SC-01,normal,129,159,63,84,28,closed,
2026-08-04T09:18:34.039,69560344,T0003,OBJ-F,SC-01,normal,129,159,63,84,28,closed,
2026-08-04T09:18:34.060,69580820,T0003,OBJ-F,SC-01,normal,129,159,63,84,28,closed,
2026-08-04T09:18:34.079,69600276,T0003,OBJ-F,SC-01,normal,129,159,63,84,28,closed,
2026-08-04T09:18:34.100,69620752,T0003,OBJ-F,SC-01,normal,129,159,63,84,28,closed,
2026-08-04T09:18:34.119,69640208,T0003,OBJ-F,SC-01,normal,129,159,63,84,28,closed,
2026-08-04T09:18:34.139,69660684,T0003,OBJ-F,SC-01,normal,129,159,63,84,28,closed,
2026-08-04T09:18:34.159,69680156,T0003,OBJ-F,SC-01,normal,129,159,63,84,28,closed,
2026-08-04T09:18:34.180,69700632,T0003,OBJ-F,SC-01,normal,128,159,63,84,28,closed,
2026-08-04T09:18:34.199,69720088,T0003,OBJ-F,SC-01,normal,129,159,63,84,28,closed,
2026-08-04T09:18:34.220,69740560,T0003,OBJ-F,SC-01,normal,129,159,63,84,28,closed,
2026-08-04T09:18:34.239,69760016,T0003,OBJ-F,SC-01,normal,129,159,63,84,28,closed,
2026-08-04T09:18:34.260,69780492,T0003,OBJ-F,SC-01,normal,129,159,63,84,28,closed,
2026-08-04T09:18:34.281,69800984,T0003,OBJ-F,SC-01,normal,129,159,63,84,28,closed,
2026-08-04T09:18:34.300,69820436,T0003,OBJ-F,SC-01,normal,129,159,63,84,28,closed,
2026-08-04T09:18:34.321,69840912,T0003,OBJ-F,SC-01,normal,129,159,63,84,28,closed,
2026-08-04T09:18:34.340,69860368,T0003,OBJ-F,SC-01,normal,129,159,63,84,28,closed,
2026-08-04T09:18:34.361,69880844,T0003,OBJ-F,SC-01,normal,129,159,63,84,28,closed,
2026-08-04T09:18:34.380,69900300,T0003,OBJ-F,SC-01,normal,129,159,63,84,28,closed,
2026-08-04T09:18:34.401,69920792,T0003,OBJ-F,SC-01,normal,129,159,63,84,28,closed,
2026-08-04T09:18:34.420,69940248,T0003,OBJ-F,SC-01,normal,128,159,63,84,28,closed,
2026-08-04T09:18:34.441,69960724,T0003,OBJ-F,SC-01,normal,129,159,63,84,28,closed,
2026-08-04T09:18:34.460,69980180,T0003,OBJ-F,SC-01,normal,129,159,63,84,28,closed,
2026-08-04T09:18:34.481,70000656,T0003,OBJ-F,SC-01,normal,129,159,63,84,28,closed,
2026-08-04T09:18:34.501,70020108,T0003,OBJ-F,SC-01,normal,129,159,63,84,28,closed,
2026-08-04T09:18:34.521,70040588,T0003,OBJ-F,SC-01,normal,129,159,63,84,28,closed,
2026-08-04T09:18:34.540,70060044,T0003,OBJ-F,SC-01,normal,129,159,63,84,28,closed,
2026-08-04T09:18:34.561,70080536,T0003,OBJ-F,SC-01,normal,129,159,63,84,28,closed,
2026-08-04T09:18:34.599,70101012,T0003,OBJ-F,SC-01,normal,129,159,63,84,28,closed,
2026-08-04T09:18:34.601,70120468,T0003,OBJ-F,SC-01,normal,129,159,63,84,28,closed,
2026-08-04T09:18:34.639,70140948,T0003,OBJ-F,SC-01,normal,129,159,63,84,28,closed,
2026-08-04T09:18:34.641,70160404,T0003,OBJ-F,SC-01,normal,129,159,63,84,28,closed,
2026-08-04T09:18:34.679,70180880,T0003,OBJ-F,SC-01,normal,129,159,63,84,28,closed,
2026-08-04T09:18:34.681,70200336,T0003,OBJ-F,SC-01,normal,129,159,63,84,28,closed,
2026-08-04T09:18:34.719,70220812,T0003,OBJ-F,SC-01,normal,129,159,63,84,28,closed,
2026-08-04T09:18:34.721,70240284,T0003,OBJ-F,SC-01,normal,129,159,63,84,28,closed,
2026-08-04T09:18:34.759,70260760,T0003,OBJ-F,SC-01,normal,129,159,63,84,28,closed,
2026-08-04T09:18:34.762,70280216,T0003,OBJ-F,SC-01,normal,129,159,63,84,28,closed,
2026-08-04T09:18:34.798,70300692,T0003,OBJ-F,SC-01,normal,128,159,63,84,28,closed,
2026-08-04T09:18:34.819,70320148,T0003,OBJ-F,SC-01,normal,129,159,63,84,28,closed,
2026-08-04T09:18:34.822,70340628,T0003,OBJ-F,SC-01,normal,129,159,63,84,28,closed,
2026-08-04T09:18:34.859,70360084,T0003,OBJ-F,SC-01,normal,129,159,63,84,28,closed,
2026-08-04T09:18:34.862,70380560,T0003,OBJ-F,SC-01,normal,129,159,63,84,28,closed,
2026-08-04T09:18:34.900,70400016,T0003,OBJ-F,SC-01,normal,129,159,63,84,28,closed,
2026-08-04T09:18:34.902,70420492,T0003,OBJ-F,SC-01,normal,129,159,63,84,28,closed,
2026-08-04T09:18:34.939,70440984,T0003,OBJ-F,SC-01,normal,129,159,63,84,28,closed,
2026-08-04T09:18:34.942,70460440,T0003,OBJ-F,SC-01,normal,129,160,63,84,28,closed,
2026-08-04T09:18:34.979,70480916,T0003,OBJ-F,SC-01,normal,129,160,63,84,28,closed,
2026-08-04T09:18:34.998,70500368,T0003,OBJ-F,SC-01,normal,129,160,63,84,28,closed,
2026-08-04T09:18:35.019,70520844,T0003,OBJ-F,SC-01,normal,129,161,63,84,28,closed,
2026-08-04T09:18:35.040,70540300,T0003,OBJ-F,SC-01,normal,129,161,63,84,28,closed,
2026-08-04T09:18:35.058,70560792,T0003,OBJ-F,SC-01,normal,129,161,63,84,28,closed,
2026-08-04T09:18:35.079,70580248,T0003,OBJ-F,SC-01,normal,129,162,63,84,28,closed,
2026-08-04T09:18:35.099,70600720,T0003,OBJ-F,SC-01,normal,129,162,63,84,28,closed,
2026-08-04T09:18:35.119,70620176,T0003,OBJ-F,SC-01,normal,129,162,63,84,28,closed,
2026-08-04T09:18:35.139,70640652,T0003,OBJ-F,SC-01,normal,129,162,63,84,28,closed,
2026-08-04T09:18:35.159,70660124,T0003,OBJ-F,SC-01,normal,129,163,63,84,28,closed,
2026-08-04T09:18:35.179,70680596,T0003,OBJ-F,SC-01,normal,129,163,63,84,28,closed,
2026-08-04T09:18:35.199,70700052,T0003,OBJ-F,SC-01,normal,129,163,63,84,28,closed,
2026-08-04T09:18:35.219,70720528,T0003,OBJ-F,SC-01,normal,129,163,63,84,28,closed,
2026-08-04T09:18:35.239,70741020,T0003,OBJ-F,SC-01,normal,129,163,63,84,28,closed,
2026-08-04T09:18:35.259,70760472,T0003,OBJ-F,SC-01,normal,129,163,63,84,28,closed,
2026-08-04T09:18:35.279,70780948,T0003,OBJ-F,SC-01,normal,129,163,63,84,28,closed,
2026-08-04T09:18:35.299,70800404,T0003,OBJ-F,SC-01,normal,128,163,63,84,28,closed,
2026-08-04T09:18:35.319,70820876,T0003,OBJ-F,SC-01,normal,129,163,63,84,28,closed,
2026-08-04T09:18:35.338,70840348,T0003,OBJ-F,SC-01,normal,128,163,63,84,28,closed,
2026-08-04T09:18:35.358,70860828,T0003,OBJ-F,SC-01,normal,129,163,63,84,28,closed,
2026-08-04T09:18:35.379,70880276,T0003,OBJ-F,SC-01,normal,129,163,63,84,28,closed,
2026-08-04T09:18:35.399,70900748,T0003,OBJ-F,SC-01,normal,129,163,63,84,28,closed,
2026-08-04T09:18:35.419,70920204,T0003,OBJ-F,SC-01,normal,129,163,63,84,28,closed,
2026-08-04T09:18:35.439,70940696,T0003,OBJ-F,SC-01,normal,129,163,63,84,28,closed,
2026-08-04T09:18:35.460,70960152,T0003,OBJ-F,SC-01,normal,129,163,63,84,28,closed,
2026-08-04T09:18:35.479,70980628,T0003,OBJ-F,SC-01,normal,129,163,63,84,28,closed,
2026-08-04T09:18:35.499,71000080,T0003,OBJ-F,SC-01,normal,129,163,63,84,28,closed,
2026-08-04T09:18:35.519,71020556,T0003,OBJ-F,SC-01,normal,129,163,63,84,28,closed,
2026-08-04T09:18:35.539,71040012,T0003,OBJ-F,SC-01,normal,129,163,63,84,28,closed,
2026-08-04T09:18:35.558,71060504,T0003,OBJ-F,SC-01,normal,129,163,63,84,28,closed,
2026-08-04T09:18:35.579,71080972,T0003,OBJ-F,SC-01,normal,129,163,63,84,28,closed,
2026-08-04T09:18:35.599,71100432,T0003,OBJ-F,SC-01,normal,129,163,63,84,28,closed,
2026-08-04T09:18:35.619,71120924,T0003,OBJ-F,SC-01,normal,129,163,63,84,28,closed,
2026-08-04T09:18:35.638,71140368,T0003,OBJ-F,SC-01,normal,129,164,63,84,28,closed,
2026-08-04T09:18:35.659,71160856,T0003,OBJ-F,SC-01,normal,129,164,63,84,28,closed,
2026-08-04T09:18:35.680,71180300,T0003,OBJ-F,SC-01,normal,129,165,63,84,28,closed,
2026-08-04T09:18:35.699,71200788,T0003,OBJ-F,SC-01,normal,129,165,63,84,28,closed,
2026-08-04T09:18:35.720,71220252,T0003,OBJ-F,SC-01,normal,128,166,63,84,28,closed,
2026-08-04T09:18:35.739,71240716,T0003,OBJ-F,SC-01,normal,129,166,63,84,28,closed,
2026-08-04T09:18:35.760,71260176,T0003,OBJ-F,SC-01,normal,129,166,63,84,28,closed,
2026-08-04T09:18:35.779,71280660,T0003,OBJ-F,SC-01,normal,129,166,63,84,28,closed,
2026-08-04T09:18:35.799,71300128,T0003,OBJ-F,SC-01,normal,129,166,63,84,28,closed,
2026-08-04T09:18:35.819,71320600,T0003,OBJ-F,SC-01,normal,129,166,63,84,28,closed,
2026-08-04T09:18:35.839,71340052,T0003,OBJ-F,SC-01,normal,129,166,63,84,28,closed,
2026-08-04T09:18:35.859,71360524,T0003,OBJ-F,SC-01,normal,129,166,63,84,28,closed,
2026-08-04T09:18:35.879,71381008,T0003,OBJ-F,SC-01,normal,129,167,63,84,28,closed,
2026-08-04T09:18:35.899,71400460,T0003,OBJ-F,SC-01,normal,129,167,63,84,28,closed,
2026-08-04T09:18:35.919,71420940,T0003,OBJ-F,SC-01,normal,129,167,63,84,28,closed,
2026-08-04T09:18:35.939,71440400,T0003,OBJ-F,SC-01,normal,129,167,63,84,28,closed,
2026-08-04T09:18:35.959,71460892,T0003,OBJ-F,SC-01,normal,129,167,63,84,28,closed,
2026-08-04T09:18:35.979,71480352,T0003,OBJ-F,SC-01,normal,129,167,63,84,28,closed,
2026-08-04T09:18:35.999,71500820,T0003,OBJ-F,SC-01,normal,129,167,63,84,28,closed,
2026-08-04T09:18:36.019,71520400,T0003,OBJ-F,SC-01,normal,129,167,63,84,28,closed,
2026-08-04T09:18:36.039,71540856,T0003,OBJ-F,SC-01,normal,129,167,63,84,28,closed,
2026-08-04T09:18:36.059,71560208,T0003,OBJ-F,SC-01,normal,129,168,63,84,28,closed,
2026-08-04T09:18:36.079,71580684,T0003,OBJ-F,SC-01,normal,129,167,63,84,28,closed,
2026-08-04T09:18:36.100,71600280,T0003,OBJ-F,SC-01,normal,129,168,63,84,28,closed,
2026-08-04T09:18:36.119,71620684,T0003,OBJ-F,SC-01,normal,129,168,63,84,28,closed,
2026-08-04T09:18:36.139,71640088,T0003,OBJ-F,SC-01,normal,129,168,63,84,28,closed,
2026-08-04T09:18:36.159,71660564,T0003,OBJ-F,SC-01,normal,129,168,63,84,28,closed,
2026-08-04T09:18:36.179,71680020,T0003,OBJ-F,SC-01,normal,129,168,63,84,28,closed,
2026-08-04T09:18:36.199,71700492,T0003,OBJ-F,SC-01,normal,129,168,63,84,28,closed,
2026-08-04T09:18:36.219,71720984,T0003,OBJ-F,SC-01,normal,129,168,63,84,28,closed,
2026-08-04T09:18:36.239,71740440,T0003,OBJ-F,SC-01,normal,129,168,63,84,28,closed,
2026-08-04T09:18:36.259,71760916,T0003,OBJ-F,SC-01,normal,129,168,63,84,28,closed,
2026-08-04T09:18:36.278,71780368,T0003,OBJ-F,SC-01,normal,129,168,63,84,28,closed,
2026-08-04T09:18:36.299,71800844,T0003,OBJ-F,SC-01,normal,129,168,63,84,28,closed,
2026-08-04T09:18:36.320,71820300,T0003,OBJ-F,SC-01,normal,129,168,63,84,28,closed,
2026-08-04T09:18:36.339,71840796,T0003,OBJ-F,SC-01,normal,129,168,63,84,28,closed,
2026-08-04T09:18:36.360,71860248,T0003,OBJ-F,SC-01,normal,129,168,63,84,28,closed,
2026-08-04T09:18:36.379,71880724,T0003,OBJ-F,SC-01,normal,129,168,63,84,28,closed,
2026-08-04T09:18:36.400,71900180,T0003,OBJ-F,SC-01,normal,129,168,63,84,28,closed,
2026-08-04T09:18:36.419,71920656,T0003,OBJ-F,SC-01,normal,129,168,63,84,28,closed,
2026-08-04T09:18:36.439,71940112,T0003,OBJ-F,SC-01,normal,129,168,63,84,28,closed,
2026-08-04T09:18:36.459,71960588,T0003,OBJ-F,SC-01,normal,129,168,63,84,28,closed,
2026-08-04T09:18:36.479,71980060,T0003,OBJ-F,SC-01,normal,129,168,63,84,28,closed,
2026-08-04T09:18:36.498,72000536,T0003,OBJ-F,SC-01,normal,129,168,63,84,28,closed,
2026-08-04T09:18:36.519,72021012,T0003,OBJ-F,SC-01,normal,129,168,63,84,28,closed,
2026-08-04T09:18:36.539,72040464,T0003,OBJ-F,SC-01,normal,129,168,63,84,28,closed,
2026-08-04T09:18:36.559,72060940,T0003,OBJ-F,SC-01,normal,129,168,63,84,28,closed,
2026-08-04T09:18:36.579,72080396,T0003,OBJ-F,SC-01,normal,129,168,63,84,28,closed,
2026-08-04T09:18:36.599,72100888,T0003,OBJ-F,SC-01,normal,129,168,63,84,28,closed,
2026-08-04T09:18:36.619,72120344,T0003,OBJ-F,SC-01,normal,129,168,63,84,28,closed,
2026-08-04T09:18:36.639,72140816,T0003,OBJ-F,SC-01,normal,129,168,63,84,28,closed,
2026-08-04T09:18:36.660,72160268,T0003,OBJ-F,SC-01,normal,129,168,63,84,28,closed,
2026-08-04T09:18:36.679,72180760,T0003,OBJ-F,SC-01,normal,129,168,63,84,28,closed,
2026-08-04T09:18:36.700,72200216,T0003,OBJ-F,SC-01,normal,129,168,63,84,28,closed,
2026-08-04T09:18:36.719,72220688,T0003,OBJ-F,SC-01,normal,128,167,63,84,28,closed,
2026-08-04T09:18:36.740,72240144,T0003,OBJ-F,SC-01,normal,129,168,63,84,28,closed,
2026-08-04T09:18:36.758,72260620,T0003,OBJ-F,SC-01,normal,129,168,63,84,28,closed,
2026-08-04T09:18:36.779,72280088,T0003,OBJ-F,SC-01,normal,129,168,63,84,28,closed,
2026-08-04T09:18:36.799,72300564,T0003,OBJ-F,SC-01,normal,129,168,63,84,28,closed,
2026-08-04T09:18:36.819,72320020,T0003,OBJ-F,SC-01,normal,129,168,63,84,28,closed,
2026-08-04T09:18:36.839,72340492,T0003,OBJ-F,SC-01,normal,129,168,63,84,28,closed,
2026-08-04T09:18:36.860,72360984,T0003,OBJ-F,SC-01,normal,129,168,63,84,28,closed,
2026-08-04T09:18:36.879,72380436,T0003,OBJ-F,SC-01,normal,129,168,63,84,28,closed,
2026-08-04T09:18:36.899,72400912,T0003,OBJ-F,SC-01,normal,129,168,63,84,28,closed,
2026-08-04T09:18:36.919,72420368,T0003,OBJ-F,SC-01,normal,129,168,63,84,28,closed,
2026-08-04T09:18:36.939,72440860,T0003,OBJ-F,SC-01,normal,129,168,63,84,28,closed,
2026-08-04T09:18:36.960,72460312,T0003,OBJ-F,SC-01,normal,129,168,63,84,28,closed,
2026-08-04T09:18:36.979,72480788,T0003,OBJ-F,SC-01,normal,129,168,63,84,28,closed,
2026-08-04T09:18:37.000,72500244,T0003,OBJ-F,SC-01,normal,129,168,63,84,28,closed,
2026-08-04T09:18:37.019,72520716,T0003,OBJ-F,SC-01,normal,129,168,63,84,28,closed,
2026-08-04T09:18:37.040,72540172,T0003,OBJ-F,SC-01,normal,129,168,63,84,28,closed,
2026-08-04T09:18:37.059,72560664,T0003,OBJ-F,SC-01,normal,129,168,63,84,28,closed,
2026-08-04T09:18:37.079,72580116,T0003,OBJ-F,SC-01,normal,129,168,63,84,28,closed,
2026-08-04T09:18:37.099,72600592,T0003,OBJ-F,SC-01,normal,129,168,63,84,28,closed,
2026-08-04T09:18:37.119,72620048,T0003,OBJ-F,SC-01,normal,128,168,63,84,28,closed,
2026-08-04T09:18:37.139,72640524,T0003,OBJ-F,SC-01,normal,129,168,63,85,28,closed,
2026-08-04T09:18:37.159,72661020,T0003,OBJ-F,SC-01,normal,129,168,63,86,28,closed,
2026-08-04T09:18:37.179,72680476,T0003,OBJ-F,SC-01,normal,129,168,63,86,28,closed,
2026-08-04T09:18:37.199,72700948,T0003,OBJ-F,SC-01,normal,129,168,63,87,28,closed,
2026-08-04T09:18:37.219,72720408,T0003,OBJ-F,SC-01,normal,129,168,63,88,28,closed,
2026-08-04T09:18:37.239,72740880,T0003,OBJ-F,SC-01,normal,129,168,63,89,28,closed,
2026-08-04T09:18:37.259,72760336,T0003,OBJ-F,SC-01,normal,129,168,63,90,28,closed,
2026-08-04T09:18:37.279,72780812,T0003,OBJ-F,SC-01,normal,129,168,63,90,28,closed,
2026-08-04T09:18:37.300,72800284,T0003,OBJ-F,SC-01,normal,129,168,63,91,28,closed,
2026-08-04T09:18:37.319,72820756,T0003,OBJ-F,SC-01,normal,129,168,63,92,28,closed,
2026-08-04T09:18:37.339,72840212,T0003,OBJ-F,SC-01,normal,129,168,63,92,28,closed,
2026-08-04T09:18:37.359,72860688,T0003,OBJ-F,SC-01,normal,129,168,63,93,28,closed,
2026-08-04T09:18:37.379,72880144,T0003,OBJ-F,SC-01,normal,129,168,63,93,28,closed,
2026-08-04T09:18:37.399,72900620,T0003,OBJ-F,SC-01,normal,129,168,63,93,28,closed,
2026-08-04T09:18:37.419,72920076,T0003,OBJ-F,SC-01,normal,129,168,63,94,28,closed,
2026-08-04T09:18:37.438,72940572,T0003,OBJ-F,SC-01,normal,129,168,63,95,28,closed,
2026-08-04T09:18:37.459,72960028,T0003,OBJ-F,SC-01,normal,129,168,63,95,28,closed,
2026-08-04T09:18:37.479,72980500,T0003,OBJ-F,SC-01,normal,129,168,63,96,28,closed,
2026-08-04T09:18:37.499,73000976,T0003,OBJ-F,SC-01,normal,129,168,63,97,28,closed,
2026-08-04T09:18:37.519,73020428,T0003,OBJ-F,SC-01,normal,129,168,63,98,28,closed,
2026-08-04T09:18:37.538,73040924,T0003,OBJ-F,SC-01,normal,129,168,63,99,28,closed,
2026-08-04T09:18:37.558,73060372,T0003,OBJ-F,SC-01,normal,129,168,63,100,28,closed,
2026-08-04T09:18:37.579,73080844,T0003,OBJ-F,SC-01,normal,129,168,63,101,28,closed,
2026-08-04T09:18:37.599,73100308,T0003,OBJ-F,SC-01,normal,129,168,63,102,28,closed,
2026-08-04T09:18:37.619,73120780,T0003,OBJ-F,SC-01,normal,129,168,63,103,28,closed,
2026-08-04T09:18:37.640,73140244,T0003,OBJ-F,SC-01,normal,129,168,63,104,28,closed,
2026-08-04T09:18:37.659,73160716,T0003,OBJ-F,SC-01,normal,129,168,63,104,28,closed,
2026-08-04T09:18:37.679,73180180,T0003,OBJ-F,SC-01,normal,129,168,63,105,28,closed,
2026-08-04T09:18:37.699,73200652,T0003,OBJ-F,SC-01,normal,129,168,63,105,28,closed,
2026-08-04T09:18:37.719,73220120,T0003,OBJ-F,SC-01,normal,129,168,63,105,28,closed,
2026-08-04T09:18:37.739,73240588,T0003,OBJ-F,SC-01,normal,129,168,63,105,28,closed,
2026-08-04T09:18:37.759,73260056,T0003,OBJ-F,SC-01,normal,129,168,63,105,28,closed,
2026-08-04T09:18:37.779,73280524,T0003,OBJ-F,SC-01,normal,129,168,63,105,28,closed,
2026-08-04T09:18:37.799,73301012,T0003,OBJ-F,SC-01,normal,129,168,63,105,28,closed,
2026-08-04T09:18:37.819,73320460,T0003,OBJ-F,SC-01,normal,129,168,63,105,28,closed,
2026-08-04T09:18:37.839,73340948,T0003,OBJ-F,SC-01,normal,129,168,63,105,28,closed,
2026-08-04T09:18:37.859,73360400,T0003,OBJ-F,SC-01,normal,129,167,63,105,28,closed,
2026-08-04T09:18:37.879,73380884,T0003,OBJ-F,SC-01,normal,129,168,63,105,28,closed,
2026-08-04T09:18:37.899,73400336,T0003,OBJ-F,SC-01,normal,128,168,63,105,28,closed,
2026-08-04T09:18:37.919,73420820,T0003,OBJ-F,SC-01,normal,129,168,63,105,28,closed,
2026-08-04T09:18:37.939,73440268,T0003,OBJ-F,SC-01,normal,129,168,63,105,28,closed,
2026-08-04T09:18:37.959,73460756,T0003,OBJ-F,SC-01,normal,129,168,63,106,28,closed,
2026-08-04T09:18:37.979,73480204,T0003,OBJ-F,SC-01,normal,129,168,63,107,28,closed,
2026-08-04T09:18:37.999,73500696,T0003,OBJ-F,SC-01,normal,128,167,63,109,28,holding,
2026-08-04T09:18:38.020,73520144,T0003,OBJ-F,SC-01,normal,129,168,63,110,28,holding,
2026-08-04T09:18:38.039,73540628,T0003,OBJ-F,SC-01,normal,128,168,63,112,28,holding,
2026-08-04T09:18:38.059,73560080,T0003,OBJ-F,SC-01,normal,129,168,63,113,28,holding,
2026-08-04T09:18:38.079,73580564,T0003,OBJ-F,SC-01,normal,129,168,63,115,28,holding,
2026-08-04T09:18:38.099,73600012,T0003,OBJ-F,SC-01,normal,129,168,63,117,28,holding,
2026-08-04T09:18:38.119,73620496,T0003,OBJ-F,SC-01,normal,129,168,63,120,28,opening,
2026-08-04T09:18:38.139,73640984,T0003,OBJ-F,SC-01,normal,129,168,63,122,28,holding,
2026-08-04T09:18:38.159,73660432,T0003,OBJ-F,SC-01,normal,129,168,63,124,28,holding,
2026-08-04T09:18:38.179,73680916,T0003,OBJ-F,SC-01,normal,129,168,63,127,28,opening,
2026-08-04T09:18:38.199,73700364,T0003,OBJ-F,SC-01,normal,129,168,63,129,28,holding,
2026-08-04T09:18:38.219,73720852,T0003,OBJ-F,SC-01,normal,129,168,63,131,28,holding,
2026-08-04T09:18:38.240,73740300,T0003,OBJ-F,SC-01,normal,129,168,63,133,28,holding,
2026-08-04T09:18:38.259,73760784,T0003,OBJ-F,SC-01,normal,129,168,63,134,28,holding,
2026-08-04T09:18:38.280,73780248,T0003,OBJ-F,SC-01,normal,129,168,63,135,28,holding,
2026-08-04T09:18:38.299,73800716,T0003,OBJ-F,SC-01,normal,129,168,63,136,28,holding,
2026-08-04T09:18:38.319,73820180,T0003,OBJ-F,SC-01,normal,129,168,63,136,28,holding,
2026-08-04T09:18:38.339,73840668,T0003,OBJ-F,SC-01,normal,129,168,63,135,28,holding,
2026-08-04T09:18:38.360,73860112,T0003,OBJ-F,SC-01,normal,129,168,63,135,28,holding,
2026-08-04T09:18:38.379,73880600,T0003,OBJ-F,SC-01,normal,129,168,63,136,28,holding,
2026-08-04T09:18:38.399,73900048,T0003,OBJ-F,SC-01,normal,129,168,63,136,28,holding,
2026-08-04T09:18:38.419,73920532,T0003,OBJ-F,SC-01,normal,129,168,63,135,28,holding,
2026-08-04T09:18:38.439,73941016,T0003,OBJ-F,SC-01,normal,129,168,63,136,28,holding,
2026-08-04T09:18:38.459,73960464,T0003,OBJ-F,SC-01,normal,129,168,63,135,28,holding,
2026-08-04T09:18:38.479,73980952,T0003,OBJ-F,SC-01,normal,128,168,63,136,28,holding,
2026-08-04T09:18:38.499,74000400,T0003,OBJ-F,SC-01,normal,129,168,63,136,28,holding,
2026-08-04T09:18:38.519,74020884,T0003,OBJ-F,SC-01,normal,129,168,63,136,28,holding,
2026-08-04T09:18:38.539,74040332,T0003,OBJ-F,SC-01,normal,128,168,63,137,28,holding,
2026-08-04T09:18:38.559,74060816,T0003,OBJ-F,SC-01,normal,129,168,63,138,28,holding,
2026-08-04T09:18:38.580,74080280,T0003,OBJ-F,SC-01,normal,129,168,63,140,28,holding,
2026-08-04T09:18:38.599,74100748,T0003,OBJ-F,SC-01,normal,129,168,63,141,28,holding,
2026-08-04T09:18:38.620,74120216,T0003,OBJ-F,SC-01,normal,129,168,63,141,28,holding,
2026-08-04T09:18:38.639,74140700,T0003,OBJ-F,SC-01,normal,129,168,63,142,28,holding,
2026-08-04T09:18:38.660,74160148,T0003,OBJ-F,SC-01,normal,129,168,63,143,28,holding,
2026-08-04T09:18:38.679,74180632,T0003,OBJ-F,SC-01,normal,129,168,63,144,28,holding,
2026-08-04T09:18:38.700,74200080,T0003,OBJ-F,SC-01,normal,129,168,63,145,28,holding,
2026-08-04T09:18:38.719,74220568,T0003,OBJ-F,SC-01,normal,128,168,63,146,28,holding,
2026-08-04T09:18:38.739,74240016,T0003,OBJ-F,SC-01,normal,129,168,63,146,28,holding,
2026-08-04T09:18:38.759,74260500,T0003,OBJ-F,SC-01,normal,129,168,63,147,28,holding,
2026-08-04T09:18:38.779,74280984,T0003,OBJ-F,SC-01,normal,129,168,63,147,28,holding,
2026-08-04T09:18:38.799,74300432,T0003,OBJ-F,SC-01,normal,129,168,63,148,28,holding,
2026-08-04T09:18:38.819,74320920,T0003,OBJ-F,SC-01,normal,129,168,63,148,28,holding,
2026-08-04T09:18:38.838,74340364,T0003,OBJ-F,SC-01,normal,129,168,63,149,28,holding,
2026-08-04T09:18:38.859,74360852,T0003,OBJ-F,SC-01,normal,129,168,63,149,28,holding,
2026-08-04T09:18:38.880,74380300,T0003,OBJ-F,SC-01,normal,129,168,63,150,28,holding,
2026-08-04T09:18:38.899,74400788,T0003,OBJ-F,SC-01,normal,129,168,63,150,28,holding,
2026-08-04T09:18:38.920,74420252,T0003,OBJ-F,SC-01,normal,129,168,63,150,28,holding,
2026-08-04T09:18:38.939,74440720,T0003,OBJ-F,SC-01,normal,129,168,63,151,28,holding,
2026-08-04T09:18:38.959,74460184,T0003,OBJ-F,SC-01,normal,129,168,63,151,28,holding,
2026-08-04T09:18:38.979,74480652,T0003,OBJ-F,SC-01,normal,129,168,63,152,28,holding,
2026-08-04T09:18:38.999,74500116,T0003,OBJ-F,SC-01,normal,129,168,63,152,28,holding,
2026-08-04T09:18:39.019,74520604,T0003,OBJ-F,SC-01,normal,129,168,63,153,28,holding,
2026-08-04T09:18:39.040,74540052,T0003,OBJ-F,SC-01,normal,129,168,63,153,28,holding,
2026-08-04T09:18:39.059,74560540,T0003,OBJ-F,SC-01,normal,129,168,63,153,28,holding,
2026-08-04T09:18:39.079,74581008,T0003,OBJ-F,SC-01,normal,129,168,63,153,28,holding,
2026-08-04T09:18:39.099,74600472,T0003,OBJ-F,SC-01,normal,129,168,63,153,28,holding,
2026-08-04T09:18:39.119,74620940,T0003,OBJ-F,SC-01,normal,128,168,63,153,28,holding,
2026-08-04T09:18:39.139,74640408,T0003,OBJ-F,SC-01,normal,129,168,63,154,28,holding,
2026-08-04T09:18:39.159,74660876,T0003,OBJ-F,SC-01,normal,129,168,63,154,28,holding,
2026-08-04T09:18:39.179,74680340,T0003,OBJ-F,SC-01,normal,129,168,63,155,28,open,
2026-08-04T09:18:39.199,74700816,T0003,OBJ-F,SC-01,normal,129,168,63,155,28,open,
2026-08-04T09:18:39.220,74720272,T0003,OBJ-F,SC-01,normal,129,168,63,155,28,open,
2026-08-04T09:18:39.239,74740748,T0003,OBJ-F,SC-01,normal,129,168,63,155,28,open,
2026-08-04T09:18:39.259,74760204,T0003,OBJ-F,SC-01,normal,129,168,63,155,28,open,
2026-08-04T09:18:39.279,74780696,T0003,OBJ-F,SC-01,normal,129,168,63,155,28,open,
2026-08-04T09:18:39.299,74800152,T0003,OBJ-F,SC-01,normal,129,168,63,155,28,open,
2026-08-04T09:18:39.319,74820628,T0003,OBJ-F,SC-01,normal,129,168,63,155,28,open,
2026-08-04T09:18:39.339,74840084,T0003,OBJ-F,SC-01,normal,129,168,63,155,28,open,
2026-08-04T09:18:39.359,74860564,T0003,OBJ-F,SC-01,normal,128,168,63,155,28,open,
2026-08-04T09:18:39.379,74880020,T0003,OBJ-F,SC-01,normal,129,168,63,155,28,open,
2026-08-04T09:18:39.399,74900492,T0003,OBJ-F,SC-01,normal,129,168,63,155,28,open,
2026-08-04T09:18:39.419,74920984,T0003,OBJ-F,SC-01,normal,129,168,63,155,28,open,
2026-08-04T09:18:39.438,74940440,T0003,OBJ-F,SC-01,normal,129,168,63,155,28,open,
2026-08-04T09:18:39.459,74960920,T0003,OBJ-F,SC-01,normal,129,168,63,155,28,open,
2026-08-04T09:18:39.479,74980372,T0003,OBJ-F,SC-01,normal,129,168,63,155,28,open,
2026-08-04T09:18:39.499,75000848,T0003,OBJ-F,SC-01,normal,129,168,63,156,28,open,
2026-08-04T09:18:39.520,75020304,T0003,OBJ-F,SC-01,normal,129,168,63,155,28,open,
2026-08-04T09:18:39.539,75040784,T0003,OBJ-F,SC-01,normal,129,168,63,155,28,open,
2026-08-04T09:18:39.559,75060240,T0003,OBJ-F,SC-01,normal,129,168,63,155,28,open,
2026-08-04T09:18:39.580,75080716,T0003,OBJ-F,SC-01,normal,129,168,63,155,28,open,
2026-08-04T09:18:39.600,75100172,T0003,OBJ-F,SC-01,normal,129,168,63,155,28,open,
2026-08-04T09:18:39.620,75120664,T0003,OBJ-F,SC-01,normal,129,168,63,155,28,open,
2026-08-04T09:18:39.639,75140120,T0003,OBJ-F,SC-01,normal,129,168,63,155,28,open,
2026-08-04T09:18:39.660,75160600,T0003,OBJ-F,SC-01,normal,129,168,63,155,28,open,
2026-08-04T09:18:39.679,75180056,T0003,OBJ-F,SC-01,normal,129,168,63,155,28,open,
2026-08-04T09:18:39.700,75200536,T0003,OBJ-F,SC-01,normal,129,168,63,155,28,open,
2026-08-04T09:18:39.720,75221012,T0003,OBJ-F,SC-01,normal,129,168,63,155,28,open,
2026-08-04T09:18:39.740,75240468,T0003,OBJ-F,SC-01,normal,129,168,63,155,28,open,
2026-08-04T09:18:39.760,75260944,T0003,OBJ-F,SC-01,normal,128,168,63,155,28,open,
2026-08-04T09:18:39.780,75280400,T0003,OBJ-F,SC-01,normal,129,168,63,155,28,open,
2026-08-04T09:18:39.801,75300880,T0003,OBJ-F,SC-01,normal,129,168,63,155,28,open,
2026-08-04T09:18:39.820,75320336,T0003,OBJ-F,SC-01,normal,129,168,63,155,28,open,
2026-08-04T09:18:39.841,75340812,T0003,OBJ-F,SC-01,normal,129,168,63,155,28,open,
2026-08-04T09:18:39.860,75360268,T0003,OBJ-F,SC-01,normal,129,168,63,155,28,open,
2026-08-04T09:18:39.881,75380764,T0003,OBJ-F,SC-01,normal,129,168,63,155,28,open,
2026-08-04T09:18:39.900,75400220,T0003,OBJ-F,SC-01,normal,129,168,63,155,28,open,
2026-08-04T09:18:39.921,75420696,T0003,OBJ-F,SC-01,normal,128,168,63,155,28,open,
2026-08-04T09:18:39.940,75440152,T0003,OBJ-F,SC-01,normal,129,168,63,155,28,open,
2026-08-04T09:18:39.961,75460628,T0003,OBJ-F,SC-01,normal,129,168,63,155,28,open,
2026-08-04T09:18:39.981,75480084,T0003,OBJ-F,SC-01,normal,129,168,63,155,28,open,
2026-08-04T09:18:40.019,75500560,T0003,OBJ-F,SC-01,normal,129,168,63,155,28,open,
2026-08-04T09:18:40.020,75520016,T0003,OBJ-F,SC-01,normal,129,168,63,155,28,open,
2026-08-04T09:18:40.059,75540492,T0003,OBJ-F,SC-01,normal,129,168,63,155,28,open,
2026-08-04T09:18:40.062,75560984,T0003,OBJ-F,SC-01,normal,129,168,63,155,28,open,
2026-08-04T09:18:40.099,75580440,T0003,OBJ-F,SC-01,normal,129,168,63,155,28,open,
2026-08-04T09:18:40.102,75600920,T0003,OBJ-F,SC-01,normal,129,168,63,155,28,open,
2026-08-04T09:18:40.139,75620376,T0003,OBJ-F,SC-01,normal,129,168,63,155,28,open,
2026-08-04T09:18:40.142,75640852,T0003,OBJ-F,SC-01,normal,129,168,63,155,28,open,
2026-08-04T09:18:40.161,75660308,T0003,OBJ-F,SC-01,normal,129,168,63,155,28,open,
2026-08-04T09:18:40.200,75680788,T0003,OBJ-F,SC-01,normal,129,168,63,155,28,open,
2026-08-04T09:18:40.201,75700244,T0003,OBJ-F,SC-01,normal,129,168,63,155,28,open,
2026-08-04T09:18:40.240,75720720,T0003,OBJ-F,SC-01,normal,129,168,63,155,28,open,
2026-08-04T09:18:40.241,75740176,T0003,OBJ-F,SC-01,normal,129,168,63,155,28,open,
2026-08-04T09:18:40.279,75760652,T0003,OBJ-F,SC-01,normal,128,168,63,155,28,open,
2026-08-04T09:18:40.281,75780108,T0003,OBJ-F,SC-01,normal,128,168,63,155,28,open,
2026-08-04T09:18:40.319,75800604,T0003,OBJ-F,SC-01,normal,128,168,63,155,28,open,
2026-08-04T09:18:40.322,75820060,T0003,OBJ-F,SC-01,normal,127,168,63,155,28,open,
2026-08-04T09:18:40.359,75840536,T0003,OBJ-F,SC-01,normal,127,168,63,155,28,open,
2026-08-04T09:18:40.379,75861012,T0003,OBJ-F,SC-01,normal,127,168,63,155,28,open,
2026-08-04T09:18:40.399,75880468,T0003,OBJ-F,SC-01,normal,126,168,63,155,28,open,
2026-08-04T09:18:40.419,75900944,T0003,OBJ-F,SC-01,normal,125,168,63,155,28,open,
2026-08-04T09:18:40.439,75920400,T0003,OBJ-F,SC-01,normal,125,168,63,155,28,open,
2026-08-04T09:18:40.459,75940876,T0003,OBJ-F,SC-01,normal,125,168,63,155,28,open,
2026-08-04T09:18:40.479,75960336,T0003,OBJ-F,SC-01,normal,124,168,63,155,28,open,
2026-08-04T09:18:40.499,75980812,T0003,OBJ-F,SC-01,normal,124,168,63,155,28,open,
2026-08-04T09:18:40.518,76000268,T0003,OBJ-F,SC-01,normal,124,168,63,155,28,open,
2026-08-04T09:18:40.539,76020764,T0003,OBJ-F,SC-01,normal,124,168,63,155,28,open,
2026-08-04T09:18:40.559,76040204,T0003,OBJ-F,SC-01,normal,124,168,63,155,28,open,
2026-08-04T09:18:40.579,76060696,T0003,OBJ-F,SC-01,normal,124,168,63,155,28,open,
2026-08-04T09:18:40.599,76080156,T0003,OBJ-F,SC-01,normal,124,168,63,155,28,open,
2026-08-04T09:18:40.619,76100632,T0003,OBJ-F,SC-01,normal,123,168,63,155,28,open,
2026-08-04T09:18:40.639,76120088,T0003,OBJ-F,SC-01,normal,123,168,63,155,28,open,
2026-08-04T09:18:40.659,76140564,T0003,OBJ-F,SC-01,normal,123,168,63,155,28,open,
2026-08-04T09:18:40.679,76160024,T0003,OBJ-F,SC-01,normal,123,168,63,155,28,open,
2026-08-04T09:18:40.699,76180496,T0003,OBJ-F,SC-01,normal,123,168,63,155,28,open,
2026-08-04T09:18:40.719,76200976,T0003,OBJ-F,SC-01,normal,123,168,63,155,28,open,
2026-08-04T09:18:40.739,76220428,T0003,OBJ-F,SC-01,normal,123,168,63,155,28,open,
2026-08-04T09:18:40.759,76240908,T0003,OBJ-F,SC-01,normal,123,168,63,155,28,open,
2026-08-04T09:18:40.779,76260364,T0003,OBJ-F,SC-01,normal,123,168,63,155,28,open,
2026-08-04T09:18:40.799,76280856,T0003,OBJ-F,SC-01,normal,123,168,63,155,28,open,
2026-08-04T09:18:40.819,76300316,T0003,OBJ-F,SC-01,normal,123,168,63,155,28,open,
2026-08-04T09:18:40.840,76320792,T0003,OBJ-F,SC-01,normal,123,168,63,155,28,open,
2026-08-04T09:18:40.859,76340248,T0003,OBJ-F,SC-01,normal,123,168,63,155,28,open,
2026-08-04T09:18:40.880,76360724,T0003,OBJ-F,SC-01,normal,123,168,63,155,28,open,
2026-08-04T09:18:40.899,76380180,T0003,OBJ-F,SC-01,normal,123,168,63,155,28,open,
2026-08-04T09:18:40.919,76400660,T0003,OBJ-F,SC-01,normal,123,168,63,155,28,open,
2026-08-04T09:18:40.938,76420116,T0003,OBJ-F,SC-01,normal,123,168,63,155,28,open,
2026-08-04T09:18:40.959,76440604,T0003,OBJ-F,SC-01,normal,123,168,63,155,28,open,
2026-08-04T09:18:40.979,76460048,T0003,OBJ-F,SC-01,normal,123,168,63,155,28,open,
2026-08-04T09:18:40.999,76480548,T0003,OBJ-F,SC-01,normal,123,168,63,155,28,open,
2026-08-04T09:18:41.019,76501012,T0003,OBJ-F,SC-01,normal,123,168,63,155,28,open,
2026-08-04T09:18:41.040,76520464,T0003,OBJ-F,SC-01,normal,123,168,63,155,28,open,
2026-08-04T09:18:41.059,76540944,T0003,OBJ-F,SC-01,normal,123,168,63,155,28,open,
2026-08-04T09:18:41.079,76560404,T0003,OBJ-F,SC-01,normal,123,167,63,155,28,open,
2026-08-04T09:18:41.099,76580888,T0003,OBJ-F,SC-01,normal,123,168,63,155,28,open,
2026-08-04T09:18:41.119,76600340,T0003,OBJ-F,SC-01,normal,123,168,63,155,28,open,
2026-08-04T09:18:41.140,76620828,T0003,OBJ-F,SC-01,normal,123,168,63,155,28,open,
2026-08-04T09:18:41.159,76640280,T0003,OBJ-F,SC-01,normal,123,168,63,155,28,open,
2026-08-04T09:18:41.179,76660760,T0003,OBJ-F,SC-01,normal,123,168,63,155,28,open,
2026-08-04T09:18:41.199,76680216,T0003,OBJ-F,SC-01,normal,123,168,63,155,28,open,
2026-08-04T09:18:41.220,76700688,T0003,OBJ-F,SC-01,normal,123,168,63,155,28,open,
2026-08-04T09:18:41.239,76720148,T0003,OBJ-F,SC-01,normal,123,168,63,155,28,open,
2026-08-04T09:18:41.259,76740644,T0003,OBJ-F,SC-01,normal,123,168,63,155,28,open,
2026-08-04T09:18:41.279,76760088,T0003,OBJ-F,SC-01,normal,123,167,63,155,28,open,
2026-08-04T09:18:41.299,76780852,T0003,OBJ-F,SC-01,normal,123,167,63,155,28,open,
2026-08-04T09:18:41.319,76800036,T0003,OBJ-F,SC-01,normal,123,167,63,155,28,open,
2026-08-04T09:18:41.339,76820820,T0003,OBJ-F,SC-01,normal,123,167,63,155,28,open,
2026-08-04T09:18:41.359,76841208,T0003,OBJ-F,SC-01,normal,123,166,63,155,28,open,
2026-08-04T09:18:41.380,76860436,T0003,OBJ-F,SC-01,normal,123,166,63,155,28,open,
2026-08-04T09:18:41.399,76881228,T0003,OBJ-F,SC-01,normal,123,166,63,155,28,open,
2026-08-04T09:18:41.419,76900560,T0003,OBJ-F,SC-01,normal,123,166,63,155,28,open,
2026-08-04T09:18:41.439,76920880,T0003,OBJ-F,SC-01,normal,123,165,63,155,28,open,
2026-08-04T09:18:41.458,76940316,T0003,OBJ-F,SC-01,normal,123,165,63,155,28,open,
2026-08-04T09:18:41.479,76960780,T0003,OBJ-F,SC-01,normal,123,164,63,155,28,open,
2026-08-04T09:18:41.498,76980260,T0003,OBJ-F,SC-01,normal,123,164,63,155,28,open,
2026-08-04T09:18:41.519,77000732,T0003,OBJ-F,SC-01,normal,123,164,63,155,28,open,
2026-08-04T09:18:41.539,77020184,T0003,OBJ-F,SC-01,normal,123,164,63,155,28,open,
2026-08-04T09:18:41.560,77040664,T0003,OBJ-F,SC-01,normal,123,163,63,155,28,open,
2026-08-04T09:18:41.579,77060416,T0003,OBJ-F,SC-01,normal,123,163,63,155,28,open,
2026-08-04T09:18:41.599,77080596,T0003,OBJ-F,SC-01,normal,123,163,63,155,28,open,
2026-08-04T09:18:41.618,77100244,T0003,OBJ-F,SC-01,normal,123,163,63,155,28,open,
2026-08-04T09:18:41.639,77120528,T0003,OBJ-F,SC-01,normal,123,163,63,155,28,open,
2026-08-04T09:18:41.659,77141004,T0003,OBJ-F,SC-01,normal,123,163,63,155,28,open,
2026-08-04T09:18:41.679,77160460,T0003,OBJ-F,SC-01,normal,123,163,63,155,28,open,
2026-08-04T09:18:41.699,77180952,T0003,OBJ-F,SC-01,normal,123,163,63,155,28,open,
2026-08-04T09:18:41.719,77200408,T0003,OBJ-F,SC-01,normal,123,163,63,155,28,open,
2026-08-04T09:18:41.739,77220884,T0003,OBJ-F,SC-01,normal,123,163,63,155,28,open,
2026-08-04T09:18:41.759,77240340,T0003,OBJ-F,SC-01,normal,123,162,63,155,28,open,
2026-08-04T09:18:41.780,77260816,T0003,OBJ-F,SC-01,normal,123,162,63,155,28,open,
2026-08-04T09:18:41.799,77280272,T0003,OBJ-F,SC-01,normal,123,162,63,155,28,open,
2026-08-04T09:18:41.820,77300748,T0003,OBJ-F,SC-01,normal,123,162,63,155,28,open,
2026-08-04T09:18:41.839,77320208,T0003,OBJ-F,SC-01,normal,123,162,63,155,28,open,
2026-08-04T09:18:41.860,77340684,T0003,OBJ-F,SC-01,normal,123,162,63,155,28,open,
2026-08-04T09:18:41.879,77360140,T0003,OBJ-F,SC-01,normal,123,162,63,155,28,open,
2026-08-04T09:18:41.899,77380632,T0003,OBJ-F,SC-01,normal,123,162,63,155,28,open,
2026-08-04T09:18:41.919,77400088,T0003,OBJ-F,SC-01,normal,123,162,63,155,28,open,
2026-08-04T09:18:41.939,77420568,T0003,OBJ-F,SC-01,normal,123,162,63,155,28,open,
2026-08-04T09:18:41.959,77440024,T0003,OBJ-F,SC-01,normal,123,162,63,155,28,open,
2026-08-04T09:18:41.979,77460500,T0003,OBJ-F,SC-01,normal,123,161,63,155,28,open,
2026-08-04T09:18:41.999,77480976,T0003,OBJ-F,SC-01,normal,123,161,63,155,28,open,
2026-08-04T09:18:42.019,77500432,T0003,OBJ-F,SC-01,normal,123,161,63,155,28,open,
2026-08-04T09:18:42.039,77520908,T0003,OBJ-F,SC-01,normal,123,161,63,155,28,open,
2026-08-04T09:18:42.059,77540364,T0003,OBJ-F,SC-01,normal,123,161,63,155,28,open,
2026-08-04T09:18:42.080,77560844,T0003,OBJ-F,SC-01,normal,123,161,63,155,28,open,
2026-08-04T09:18:42.099,77580300,T0003,OBJ-F,SC-01,normal,123,161,63,155,28,open,
2026-08-04T09:18:42.120,77600796,T0003,OBJ-F,SC-01,normal,123,160,63,155,28,open,
2026-08-04T09:18:42.139,77620252,T0003,OBJ-F,SC-01,normal,123,160,63,155,28,open,
2026-08-04T09:18:42.159,77640728,T0003,OBJ-F,SC-01,normal,123,160,63,155,28,open,
2026-08-04T09:18:42.179,77660184,T0003,OBJ-F,SC-01,normal,123,160,63,155,28,open,
2026-08-04T09:18:42.200,77680660,T0003,OBJ-F,SC-01,normal,123,159,63,155,28,open,
2026-08-04T09:18:42.219,77700116,T0003,OBJ-F,SC-01,normal,123,159,63,155,28,open,
2026-08-04T09:18:42.240,77720596,T0003,OBJ-F,SC-01,normal,123,159,63,155,28,open,
2026-08-04T09:18:42.259,77740056,T0003,OBJ-F,SC-01,normal,123,159,63,155,28,open,
2026-08-04T09:18:42.279,77760532,T0003,OBJ-F,SC-01,normal,123,159,63,155,28,open,
2026-08-04T09:18:42.299,77781012,T0003,OBJ-F,SC-01,normal,123,159,63,155,28,open,
2026-08-04T09:18:42.319,77800468,T0003,OBJ-F,SC-01,normal,123,159,63,155,28,open,
2026-08-04T09:18:42.339,77820948,T0003,OBJ-F,SC-01,normal,123,159,63,155,28,open,
2026-08-04T09:18:42.359,77840408,T0003,OBJ-F,SC-01,normal,123,159,63,155,28,open,
2026-08-04T09:18:42.379,77860884,T0003,OBJ-F,SC-01,normal,123,159,63,155,28,open,
2026-08-04T09:18:42.399,77880340,T0003,OBJ-F,SC-01,normal,123,159,63,155,28,open,
2026-08-04T09:18:42.419,77900820,T0003,OBJ-F,SC-01,normal,123,159,63,155,28,open,
2026-08-04T09:18:42.439,77920276,T0003,OBJ-F,SC-01,normal,123,159,63,155,28,open,
2026-08-04T09:18:42.460,77940752,T0003,OBJ-F,SC-01,normal,123,159,63,155,28,open,
2026-08-04T09:18:42.479,77960212,T0003,OBJ-F,SC-01,normal,123,159,63,155,28,open,
2026-08-04T09:18:42.499,77980688,T0003,OBJ-F,SC-01,normal,123,159,63,155,28,open,
2026-08-04T09:18:42.519,78000148,T0003,OBJ-F,SC-01,normal,123,159,63,155,28,open,
2026-08-04T09:18:42.540,78020624,T0003,OBJ-F,SC-01,normal,123,159,63,155,28,open,
2026-08-04T09:18:42.559,78040084,T0003,OBJ-F,SC-01,normal,123,159,63,155,28,open,
2026-08-04T09:18:42.579,78060560,T0003,OBJ-F,SC-01,normal,123,159,63,155,28,open,
2026-08-04T09:18:42.599,78080016,T0003,OBJ-F,SC-01,normal,123,159,63,155,28,open,
2026-08-04T09:18:42.619,78100492,T0003,OBJ-F,SC-01,normal,123,158,63,155,28,open,
2026-08-04T09:18:42.639,78120972,T0003,OBJ-F,SC-01,normal,123,158,63,155,28,open,
2026-08-04T09:18:42.659,78140428,T0003,OBJ-F,SC-01,normal,123,158,63,155,28,open,
2026-08-04T09:18:42.679,78160924,T0003,OBJ-F,SC-01,normal,123,158,63,155,28,open,
2026-08-04T09:18:42.699,78180364,T0003,OBJ-F,SC-01,normal,123,158,63,155,28,open,
2026-08-04T09:18:42.720,78200860,T0003,OBJ-F,SC-01,normal,123,158,63,155,28,open,
2026-08-04T09:18:42.739,78220300,T0003,OBJ-F,SC-01,normal,123,157,63,155,28,open,
2026-08-04T09:18:42.760,78240796,T0003,OBJ-F,SC-01,normal,123,157,63,155,28,open,
2026-08-04T09:18:42.779,78260236,T0003,OBJ-F,SC-01,normal,123,157,63,155,28,open,
2026-08-04T09:18:42.799,78280728,T0003,OBJ-F,SC-01,normal,123,157,63,155,28,open,
2026-08-04T09:18:42.819,78300188,T0003,OBJ-F,SC-01,normal,123,157,63,155,28,open,
2026-08-04T09:18:42.839,78320664,T0003,OBJ-F,SC-01,normal,123,157,63,155,28,open,
2026-08-04T09:18:42.859,78340124,T0003,OBJ-F,SC-01,normal,123,157,63,155,28,open,
2026-08-04T09:18:42.879,78360600,T0003,OBJ-F,SC-01,normal,123,156,63,155,28,open,
2026-08-04T09:18:42.899,78380056,T0003,OBJ-F,SC-01,normal,123,156,63,155,28,open,
2026-08-04T09:18:42.919,78400536,T0003,OBJ-F,SC-01,normal,123,156,63,155,28,open,
2026-08-04T09:18:42.939,78421012,T0003,OBJ-F,SC-01,normal,123,156,63,155,28,open,
2026-08-04T09:18:42.959,78440468,T0003,OBJ-F,SC-01,normal,123,156,63,155,28,open,
2026-08-04T09:18:42.979,78460948,T0003,OBJ-F,SC-01,normal,123,155,63,155,28,open,
2026-08-04T09:18:42.999,78480404,T0003,OBJ-F,SC-01,normal,123,155,63,155,28,open,
2026-08-04T09:18:43.019,78500880,T0003,OBJ-F,SC-01,normal,123,155,63,155,28,open,
2026-08-04T09:18:43.039,78520340,T0003,OBJ-F,SC-01,normal,123,154,63,155,28,open,
2026-08-04T09:18:43.059,78540816,T0003,OBJ-F,SC-01,normal,123,154,63,155,28,open,
2026-08-04T09:18:43.079,78560272,T0003,OBJ-F,SC-01,normal,123,153,63,155,28,open,
2026-08-04T09:18:43.099,78580752,T0003,OBJ-F,SC-01,normal,123,153,63,155,28,open,
2026-08-04T09:18:43.119,78600208,T0003,OBJ-F,SC-01,normal,123,153,63,155,28,open,
2026-08-04T09:18:43.139,78620688,T0003,OBJ-F,SC-01,normal,123,152,63,155,28,open,
2026-08-04T09:18:43.159,78640148,T0003,OBJ-F,SC-01,normal,123,152,63,155,28,open,
2026-08-04T09:18:43.179,78660628,T0003,OBJ-F,SC-01,normal,123,152,63,155,28,open,
2026-08-04T09:18:43.199,78680084,T0003,OBJ-F,SC-01,normal,123,152,63,155,28,open,
2026-08-04T09:18:43.219,78700560,T0003,OBJ-F,SC-01,normal,123,151,63,155,28,open,
2026-08-04T09:18:43.238,78720016,T0003,OBJ-F,SC-01,normal,123,151,63,155,28,open,
2026-08-04T09:18:43.259,78740508,T0003,OBJ-F,SC-01,normal,123,151,63,155,28,open,
2026-08-04T09:18:43.279,78760984,T0003,OBJ-F,SC-01,normal,123,150,63,155,28,open,
2026-08-04T09:18:43.299,78780440,T0003,OBJ-F,SC-01,normal,123,150,63,155,28,open,
2026-08-04T09:18:43.319,78800916,T0003,OBJ-F,SC-01,normal,123,150,63,155,28,open,
2026-08-04T09:18:43.339,78820372,T0003,OBJ-F,SC-01,normal,123,149,63,155,28,open,
2026-08-04T09:18:43.360,78840848,T0003,OBJ-F,SC-01,normal,123,149,63,155,28,open,
2026-08-04T09:18:43.379,78860304,T0003,OBJ-F,SC-01,normal,123,149,63,155,28,open,
2026-08-04T09:18:43.400,78880780,T0003,OBJ-F,SC-01,normal,123,149,63,155,28,open,
2026-08-04T09:18:43.419,78900236,T0003,OBJ-F,SC-01,normal,123,148,63,155,28,open,
2026-08-04T09:18:43.439,78920732,T0003,OBJ-F,SC-01,normal,123,148,63,155,28,open,
2026-08-04T09:18:43.458,78940188,T0003,OBJ-F,SC-01,normal,123,147,63,155,28,open,
2026-08-04T09:18:43.479,78960664,T0003,OBJ-F,SC-01,normal,123,146,63,155,28,open,
2026-08-04T09:18:43.498,78980120,T0003,OBJ-F,SC-01,normal,123,146,63,155,28,open,
2026-08-04T09:18:43.519,79000596,T0003,OBJ-F,SC-01,normal,123,145,63,155,28,open,
2026-08-04T09:18:43.538,79020056,T0003,OBJ-F,SC-01,normal,123,145,63,155,28,open,
2026-08-04T09:18:43.559,79040532,T0003,OBJ-F,SC-01,normal,123,144,63,155,28,open,
2026-08-04T09:18:43.579,79061012,T0003,OBJ-F,SC-01,normal,123,144,63,155,28,open,
2026-08-04T09:18:43.599,79080468,T0003,OBJ-F,SC-01,normal,123,143,63,155,28,open,
2026-08-04T09:18:43.619,79100944,T0003,OBJ-F,SC-01,normal,123,142,63,155,28,open,
2026-08-04T09:18:43.639,79120400,T0003,OBJ-F,SC-01,normal,123,141,63,155,28,open,
2026-08-04T09:18:43.658,79140880,T0003,OBJ-F,SC-01,normal,123,141,63,155,28,open,
2026-08-04T09:18:43.679,79160336,T0003,OBJ-F,SC-01,normal,123,140,63,155,28,open,
2026-08-04T09:18:43.700,79180812,T0003,OBJ-F,SC-01,normal,123,139,63,155,28,open,
2026-08-04T09:18:43.719,79200268,T0003,OBJ-F,SC-01,normal,123,139,63,155,28,open,
2026-08-04T09:18:43.740,79220760,T0003,OBJ-F,SC-01,normal,123,138,63,156,28,open,
2026-08-04T09:18:43.759,79240220,T0003,OBJ-F,SC-01,normal,123,138,63,155,28,open,
2026-08-04T09:18:43.779,79260696,T0003,OBJ-F,SC-01,normal,123,137,63,155,28,open,
2026-08-04T09:18:43.799,79280152,T0003,OBJ-F,SC-01,normal,123,137,63,155,28,open,
2026-08-04T09:18:43.819,79300632,T0003,OBJ-F,SC-01,normal,123,137,63,155,28,open,
2026-08-04T09:18:43.839,79320088,T0003,OBJ-F,SC-01,normal,123,136,63,156,28,open,
2026-08-04T09:18:43.859,79340564,T0003,OBJ-F,SC-01,normal,123,136,63,155,28,open,
2026-08-04T09:18:43.878,79360024,T0003,OBJ-F,SC-01,normal,123,136,63,155,28,open,
2026-08-04T09:18:43.899,79380496,T0003,OBJ-F,SC-01,normal,123,135,63,155,28,open,
2026-08-04T09:18:43.919,79400972,T0003,OBJ-F,SC-01,normal,123,135,63,155,28,open,
2026-08-04T09:18:43.939,79420428,T0003,OBJ-F,SC-01,normal,123,134,63,155,28,open,
2026-08-04T09:18:43.959,79440908,T0003,OBJ-F,SC-01,normal,123,134,63,155,28,open,
2026-08-04T09:18:43.979,79460364,T0003,OBJ-F,SC-01,normal,123,133,63,155,28,open,
2026-08-04T09:18:44.000,79480860,T0003,OBJ-F,SC-01,normal,123,133,63,155,28,open,
2026-08-04T09:18:44.019,79500300,T0003,OBJ-F,SC-01,normal,123,133,63,155,28,open,
2026-08-04T09:18:44.039,79520796,T0003,OBJ-F,SC-01,normal,123,132,63,155,28,open,
2026-08-04T09:18:44.059,79540252,T0003,OBJ-F,SC-01,normal,123,132,63,155,28,open,
2026-08-04T09:18:44.079,79560728,T0003,OBJ-F,SC-01,normal,123,132,63,155,28,open,
2026-08-04T09:18:44.099,79580184,T0003,OBJ-F,SC-01,normal,123,131,63,155,28,open,
2026-08-04T09:18:44.119,79600664,T0003,OBJ-F,SC-01,normal,123,131,63,155,28,open,
2026-08-04T09:18:44.139,79620120,T0003,OBJ-F,SC-01,normal,123,130,63,155,28,open,
2026-08-04T09:18:44.159,79640596,T0003,OBJ-F,SC-01,normal,123,130,63,155,28,open,
2026-08-04T09:18:44.178,79660056,T0003,OBJ-F,SC-01,normal,123,129,63,155,28,open,
2026-08-04T09:18:44.199,79680532,T0003,OBJ-F,SC-01,normal,123,129,63,155,28,open,
2026-08-04T09:18:44.219,79701008,T0003,OBJ-F,SC-01,normal,123,128,63,155,28,open,
2026-08-04T09:18:44.239,79720464,T0003,OBJ-F,SC-01,normal,123,128,63,155,28,open,
2026-08-04T09:18:44.259,79740944,T0003,OBJ-F,SC-01,normal,123,127,63,155,28,open,
2026-08-04T09:18:44.279,79760400,T0003,OBJ-F,SC-01,normal,123,127,63,155,28,open,
2026-08-04T09:18:44.298,79780876,T0003,OBJ-F,SC-01,normal,123,126,63,155,28,open,
2026-08-04T09:18:44.319,79800336,T0003,OBJ-F,SC-01,normal,123,125,63,155,28,open,
2026-08-04T09:18:44.339,79820812,T0003,OBJ-F,SC-01,normal,123,125,63,155,28,open,
2026-08-04T09:18:44.359,79840268,T0003,OBJ-F,SC-01,normal,123,125,63,155,28,open,
2026-08-04T09:18:44.380,79860764,T0003,OBJ-F,SC-01,normal,123,124,63,155,28,open,
2026-08-04T09:18:44.399,79880204,T0003,OBJ-F,SC-01,normal,123,124,63,155,28,open,
2026-08-04T09:18:44.419,79900700,T0003,OBJ-F,SC-01,normal,123,123,63,155,28,open,
2026-08-04T09:18:44.439,79920140,T0003,OBJ-F,SC-01,normal,123,123,63,155,28,open,
2026-08-04T09:18:44.459,79940636,T0003,OBJ-F,SC-01,normal,123,122,63,155,28,open,
2026-08-04T09:18:44.479,79960076,T0003,OBJ-F,SC-01,normal,123,122,63,155,28,open,
2026-08-04T09:18:44.499,79980568,T0003,OBJ-F,SC-01,normal,123,122,63,155,28,open,
2026-08-04T09:18:44.519,80000028,T0003,OBJ-F,SC-01,normal,123,121,63,155,28,open,
2026-08-04T09:18:44.539,80020500,T0003,OBJ-F,SC-01,normal,123,121,63,155,28,open,
2026-08-04T09:18:44.559,80040976,T0003,OBJ-F,SC-01,normal,123,121,63,155,28,open,
2026-08-04T09:18:44.579,80060432,T0003,OBJ-F,SC-01,normal,123,120,63,155,28,open,
2026-08-04T09:18:44.599,80080908,T0003,OBJ-F,SC-01,normal,123,120,63,155,28,open,
2026-08-04T09:18:44.619,80100364,T0003,OBJ-F,SC-01,normal,123,119,63,155,28,open,
2026-08-04T09:18:44.639,80120856,T0003,OBJ-F,SC-01,normal,123,119,63,155,28,open,
2026-08-04T09:18:44.659,80140312,T0003,OBJ-F,SC-01,normal,123,118,63,155,28,open,
2026-08-04T09:18:44.679,80160788,T0003,OBJ-F,SC-01,normal,123,118,63,155,28,open,
2026-08-04T09:18:44.699,80180244,T0003,OBJ-F,SC-01,normal,123,118,63,155,28,open,
2026-08-04T09:18:44.719,80200720,T0003,OBJ-F,SC-01,normal,123,117,63,155,28,open,
2026-08-04T09:18:44.738,80220176,T0003,OBJ-F,SC-01,normal,123,117,63,155,28,open,
2026-08-04T09:18:44.759,80240652,T0003,OBJ-F,SC-01,normal,123,117,63,155,28,open,
2026-08-04T09:18:44.779,80260108,T0003,OBJ-F,SC-01,normal,123,117,63,155,28,open,
2026-08-04T09:18:44.799,80280600,T0003,OBJ-F,SC-01,normal,123,116,63,155,28,open,
2026-08-04T09:18:44.819,80300060,T0003,OBJ-F,SC-01,normal,123,115,63,155,28,open,
2026-08-04T09:18:44.839,80320536,T0003,OBJ-F,SC-01,normal,123,115,63,155,28,open,
2026-08-04T09:18:44.859,80341012,T0003,OBJ-F,SC-01,normal,123,115,63,155,28,open,
2026-08-04T09:18:44.879,80360468,T0003,OBJ-F,SC-01,normal,123,114,63,155,28,open,
2026-08-04T09:18:44.899,80380944,T0003,OBJ-F,SC-01,normal,123,114,63,155,28,open,
2026-08-04T09:18:44.919,80400400,T0003,OBJ-F,SC-01,normal,123,114,63,155,28,open,
2026-08-04T09:18:44.939,80420876,T0003,OBJ-F,SC-01,normal,123,113,63,155,28,open,
2026-08-04T09:18:44.959,80440332,T0003,OBJ-F,SC-01,normal,123,113,63,155,28,open,
2026-08-04T09:18:44.979,80460828,T0003,OBJ-F,SC-01,normal,123,113,63,155,28,open,
2026-08-04T09:18:44.999,80480280,T0003,OBJ-F,SC-01,normal,123,112,63,155,28,open,
2026-08-04T09:18:45.019,80500756,T0003,OBJ-F,SC-01,normal,123,112,63,155,28,open,
2026-08-04T09:18:45.039,80520212,T0003,OBJ-F,SC-01,normal,123,111,63,155,28,open,
2026-08-04T09:18:45.060,80540692,T0003,OBJ-F,SC-01,normal,123,111,63,155,28,open,
2026-08-04T09:18:45.079,80560148,T0003,OBJ-F,SC-01,normal,123,111,63,156,28,open,
2026-08-04T09:18:45.100,80580624,T0003,OBJ-F,SC-01,normal,123,110,63,155,28,open,
2026-08-04T09:18:45.119,80600080,T0003,OBJ-F,SC-01,normal,123,110,63,155,28,open,
2026-08-04T09:18:45.140,80620560,T0003,OBJ-F,SC-01,normal,123,110,63,155,28,open,
2026-08-04T09:18:45.159,80640016,T0003,OBJ-F,SC-01,normal,123,110,63,155,28,open,
2026-08-04T09:18:45.180,80660508,T0003,OBJ-F,SC-01,normal,123,110,63,155,28,open,
2026-08-04T09:18:45.201,80680984,T0003,OBJ-F,SC-01,normal,123,110,63,155,28,open,
2026-08-04T09:18:45.220,80700440,T0003,OBJ-F,SC-01,normal,123,110,63,155,28,open,
2026-08-04T09:18:45.241,80720916,T0003,OBJ-F,SC-01,normal,123,110,63,155,28,open,
2026-08-04T09:18:45.260,80740372,T0003,OBJ-F,SC-01,normal,123,110,63,155,28,open,
2026-08-04T09:18:45.281,80760852,T0003,OBJ-F,SC-01,normal,123,110,63,155,28,open,
2026-08-04T09:18:45.300,80780308,T0003,OBJ-F,SC-01,normal,123,110,63,155,28,open,
2026-08-04T09:18:45.321,80800784,T0003,OBJ-F,SC-01,normal,123,110,63,155,28,open,
2026-08-04T09:18:45.340,80820240,T0003,OBJ-F,SC-01,normal,123,110,63,155,28,open,
2026-08-04T09:18:45.361,80840716,T0003,OBJ-F,SC-01,normal,123,110,63,155,28,open,
2026-08-04T09:18:45.380,80860176,T0003,OBJ-F,SC-01,normal,123,110,63,155,28,open,
2026-08-04T09:18:45.401,80880652,T0003,OBJ-F,SC-01,normal,123,110,63,155,28,open,
2026-08-04T09:18:45.420,80900108,T0003,OBJ-F,SC-01,normal,123,110,63,155,28,open,
2026-08-04T09:18:45.441,80920600,T0003,OBJ-F,SC-01,normal,123,110,63,155,28,open,
2026-08-04T09:18:45.461,80940060,T0003,OBJ-F,SC-01,normal,123,110,63,155,28,open,
2026-08-04T09:18:45.481,80960536,T0003,OBJ-F,SC-01,normal,123,110,63,155,28,open,
2026-08-04T09:18:45.519,80981012,T0003,OBJ-F,SC-01,normal,123,110,63,155,28,open,
2026-08-04T09:18:45.521,81000468,T0003,OBJ-F,SC-01,normal,123,110,63,155,28,open,
2026-08-04T09:18:45.559,81020944,T0003,OBJ-F,SC-01,normal,123,110,63,155,28,open,
2026-08-04T09:18:45.561,81040400,T0003,OBJ-F,SC-01,normal,123,110,63,155,28,open,
2026-08-04T09:18:45.599,81060880,T0003,OBJ-F,SC-01,normal,123,110,63,155,28,open,
2026-08-04T09:18:45.601,81080336,T0003,OBJ-F,SC-01,normal,124,110,63,155,28,open,
2026-08-04T09:18:45.639,81100812,T0003,OBJ-F,SC-01,normal,123,110,63,155,28,open,
2026-08-04T09:18:45.641,81120268,T0003,OBJ-F,SC-01,normal,123,110,63,155,28,open,
2026-08-04T09:18:45.679,81140764,T0003,OBJ-F,SC-01,normal,123,110,63,155,28,open,
2026-08-04T09:18:45.682,81160204,T0003,OBJ-F,SC-01,normal,123,110,63,155,28,open,
2026-08-04T09:18:45.719,81180696,T0003,OBJ-F,SC-01,normal,123,110,63,155,28,open,
2026-08-04T09:18:45.722,81200140,T0003,OBJ-F,SC-01,normal,124,110,63,155,28,open,
2026-08-04T09:18:45.759,81220632,T0003,OBJ-F,SC-01,normal,123,110,63,155,28,open,
2026-08-04T09:18:45.762,81240092,T0003,OBJ-F,SC-01,normal,123,110,63,156,28,open,
2026-08-04T09:18:45.799,81260568,T0003,OBJ-F,SC-01,normal,123,110,63,155,28,open,
2026-08-04T09:18:45.802,81280028,T0003,OBJ-F,SC-01,normal,123,110,63,155,28,open,
2026-08-04T09:18:45.839,81300504,T0003,OBJ-F,SC-01,normal,123,110,63,155,28,open,
2026-08-04T09:18:45.859,81320980,T0003,OBJ-F,SC-01,normal,123,110,63,155,28,open,
2026-08-04T09:18:45.879,81340436,T0003,OBJ-F,SC-01,normal,123,110,62,155,28,open,
2026-08-04T09:18:45.900,81360916,T0003,OBJ-F,SC-01,normal,123,110,62,155,28,open,
2026-08-04T09:18:45.902,81380372,T0003,OBJ-F,SC-01,normal,123,110,62,155,28,open,
2026-08-04T09:18:45.939,81400852,T0003,OBJ-F,SC-01,normal,123,110,62,155,28,open,
2026-08-04T09:18:45.959,81420308,T0003,OBJ-F,SC-01,normal,123,110,61,155,28,open,
2026-08-04T09:18:45.979,81440788,T0003,OBJ-F,SC-01,normal,123,110,61,155,28,open,
2026-08-04T09:18:45.999,81460244,T0003,OBJ-F,SC-01,normal,123,110,61,155,28,open,
2026-08-04T09:18:46.019,81480720,T0003,OBJ-F,SC-01,normal,123,110,60,155,28,open,
2026-08-04T09:18:46.040,81500180,T0003,OBJ-F,SC-01,normal,123,110,60,155,28,open,
2026-08-04T09:18:46.059,81520656,T0003,OBJ-F,SC-01,normal,123,110,60,155,28,open,
2026-08-04T09:18:46.080,81540112,T0003,OBJ-F,SC-01,normal,123,110,59,155,28,open,
2026-08-04T09:18:46.099,81560592,T0003,OBJ-F,SC-01,normal,123,110,59,155,28,open,
2026-08-04T09:18:46.119,81580048,T0003,OBJ-F,SC-01,normal,123,110,58,155,28,open,
2026-08-04T09:18:46.139,81600528,T0003,OBJ-F,SC-01,normal,123,110,58,155,28,open,
2026-08-04T09:18:46.159,81621004,T0003,OBJ-F,SC-01,normal,123,110,58,155,28,open,
2026-08-04T09:18:46.179,81640460,T0003,OBJ-F,SC-01,normal,123,110,57,155,28,open,
2026-08-04T09:18:46.199,81660940,T0003,OBJ-F,SC-01,normal,123,110,57,155,28,open,
2026-08-04T09:18:46.218,81680396,T0003,OBJ-F,SC-01,normal,123,110,57,155,28,open,
2026-08-04T09:18:46.239,81700892,T0003,OBJ-F,SC-01,normal,123,110,57,155,28,open,
2026-08-04T09:18:46.260,81720332,T0003,OBJ-F,SC-01,normal,123,110,57,155,28,open,
2026-08-04T09:18:46.279,81740828,T0003,OBJ-F,SC-01,normal,123,110,57,155,28,open,
2026-08-04T09:18:46.300,81760284,T0003,OBJ-F,SC-01,normal,123,110,57,155,28,open,
2026-08-04T09:18:46.319,81780760,T0003,OBJ-F,SC-01,normal,123,110,57,155,28,open,
2026-08-04T09:18:46.339,81800220,T0003,OBJ-F,SC-01,normal,123,110,57,155,28,open,
2026-08-04T09:18:46.359,81820696,T0003,OBJ-F,SC-01,normal,123,110,57,155,28,open,
2026-08-04T09:18:46.380,81840156,T0003,OBJ-F,SC-01,normal,123,110,57,155,28,open,
2026-08-04T09:18:46.399,81860632,T0003,OBJ-F,SC-01,normal,123,110,57,155,28,open,
2026-08-04T09:18:46.419,81880092,T0003,OBJ-F,SC-01,normal,123,110,57,155,28,open,
2026-08-04T09:18:46.439,81900568,T0003,OBJ-F,SC-01,normal,123,110,57,155,28,open,
2026-08-04T09:18:46.459,81920012,T0003,OBJ-F,SC-01,normal,123,110,57,155,28,open,
2026-08-04T09:18:46.479,81940500,T0003,OBJ-F,SC-01,normal,123,110,57,155,28,open,
2026-08-04T09:18:46.499,81960980,T0003,OBJ-F,SC-01,normal,123,110,57,155,28,open,
2026-08-04T09:18:46.518,81980440,T0003,OBJ-F,SC-01,normal,123,110,57,155,28,open,
2026-08-04T09:18:46.539,82000920,T0003,OBJ-F,SC-01,normal,123,110,57,155,28,open,
2026-08-04T09:18:46.560,82020376,T0003,OBJ-F,SC-01,normal,123,110,57,155,28,open,
2026-08-04T09:18:46.579,82040860,T0003,OBJ-F,SC-01,normal,123,110,57,155,28,open,
2026-08-04T09:18:46.600,82060320,T0003,OBJ-F,SC-01,normal,123,110,57,155,28,open,
2026-08-04T09:18:46.619,82080780,T0003,OBJ-F,SC-01,normal,123,110,57,155,28,open,
2026-08-04T09:18:46.639,82100248,T0003,OBJ-F,SC-01,normal,123,110,58,155,28,open,
2026-08-04T09:18:46.659,82120716,T0003,OBJ-F,SC-01,normal,123,110,59,155,28,open,
2026-08-04T09:18:46.679,82140196,T0003,OBJ-F,SC-01,normal,123,110,59,155,28,open,
2026-08-04T09:18:46.699,82160660,T0003,OBJ-F,SC-01,normal,123,110,61,155,28,open,
2026-08-04T09:18:46.720,82180120,T0003,OBJ-F,SC-01,normal,123,110,62,155,28,open,
2026-08-04T09:18:46.739,82200604,T0003,OBJ-F,SC-01,normal,123,110,62,155,28,open,
2026-08-04T09:18:46.759,82220048,T0003,OBJ-F,SC-01,normal,123,110,64,155,28,open,
2026-08-04T09:18:46.779,82240524,T0003,OBJ-F,SC-01,normal,123,110,65,155,28,open,
2026-08-04T09:18:46.799,82261016,T0003,OBJ-F,SC-01,normal,123,110,66,155,28,open,
2026-08-04T09:18:46.819,82280468,T0003,OBJ-F,SC-01,normal,123,110,66,155,28,open,
2026-08-04T09:18:46.839,82300948,T0003,OBJ-F,SC-01,normal,123,110,68,155,28,open,
2026-08-04T09:18:46.859,82320420,T0003,OBJ-F,SC-01,normal,123,110,68,155,28,open,
2026-08-04T09:18:46.879,82340880,T0003,OBJ-F,SC-01,normal,123,110,69,155,28,open,
2026-08-04T09:18:46.900,82360352,T0003,OBJ-F,SC-01,normal,123,110,69,155,28,open,
2026-08-04T09:18:46.919,82380828,T0003,OBJ-F,SC-01,normal,123,110,70,155,28,open,
2026-08-04T09:18:46.940,82400284,T0003,OBJ-F,SC-01,normal,123,110,71,155,28,open,
2026-08-04T09:18:46.959,82421024,T0003,OBJ-F,SC-01,normal,123,110,71,155,28,open,
2026-08-04T09:18:46.979,82440340,T0003,OBJ-F,SC-01,normal,123,110,72,155,28,open,
2026-08-04T09:18:46.999,82460748,T0003,OBJ-F,SC-01,normal,123,110,73,155,28,open,
2026-08-04T09:18:47.019,82480148,T0003,OBJ-F,SC-01,normal,123,110,73,155,28,open,
2026-08-04T09:18:47.039,82500628,T0003,OBJ-F,SC-01,normal,123,110,73,155,28,open,
2026-08-04T09:18:47.059,82520084,T0003,OBJ-F,SC-01,normal,123,110,73,155,28,open,
2026-08-04T09:18:47.079,82540560,T0003,OBJ-F,SC-01,normal,123,110,73,155,28,open,
2026-08-04T09:18:47.099,82560016,T0003,OBJ-F,SC-01,normal,123,110,73,155,28,open,
2026-08-04T09:18:47.119,82580492,T0003,OBJ-F,SC-01,normal,123,110,73,155,28,open,
2026-08-04T09:18:47.139,82600984,T0003,OBJ-F,SC-01,normal,123,110,73,155,28,open,
2026-08-04T09:18:47.159,82620440,T0003,OBJ-F,SC-01,normal,123,110,73,155,28,open,
2026-08-04T09:18:47.179,82640916,T0003,OBJ-F,SC-01,normal,123,110,73,155,28,open,
2026-08-04T09:18:47.200,82660372,T0003,OBJ-F,SC-01,normal,124,110,73,155,28,open,
2026-08-04T09:18:47.219,82680848,T0003,OBJ-F,SC-01,normal,123,110,73,155,28,open,
2026-08-04T09:18:47.240,82700304,T0003,OBJ-F,SC-01,normal,123,110,73,155,28,open,
2026-08-04T09:18:47.259,82720784,T0003,OBJ-F,SC-01,normal,123,110,73,155,28,open,
2026-08-04T09:18:47.279,82740240,T0003,OBJ-F,SC-01,normal,123,110,73,155,28,open,
2026-08-04T09:18:47.299,82760716,T0003,OBJ-F,SC-01,normal,123,110,73,155,28,open,
2026-08-04T09:18:47.319,82780172,T0003,OBJ-F,SC-01,normal,123,110,73,155,28,open,
2026-08-04T09:18:47.339,82800664,T0003,OBJ-F,SC-01,normal,123,110,73,155,28,open,
2026-08-04T09:18:47.359,82820120,T0003,OBJ-F,SC-01,normal,123,110,73,155,28,open,
2026-08-04T09:18:47.379,82840596,T0003,OBJ-F,SC-01,normal,123,110,73,156,28,open,
2026-08-04T09:18:47.399,82860052,T0003,OBJ-F,SC-01,normal,123,110,73,155,28,open,
2026-08-04T09:18:47.419,82880532,T0003,OBJ-F,SC-01,normal,123,110,73,155,28,open,
2026-08-04T09:18:47.439,82901008,T0003,OBJ-F,SC-01,normal,123,110,73,155,28,open,
2026-08-04T09:18:47.459,82920464,T0003,OBJ-F,SC-01,normal,123,110,73,155,28,open,
2026-08-04T09:18:47.479,82940944,T0003,OBJ-F,SC-01,normal,123,110,73,155,28,open,
2026-08-04T09:18:47.499,82960400,T0003,OBJ-F,SC-01,normal,123,110,73,155,28,open,
2026-08-04T09:18:47.519,82980876,T0003,OBJ-F,SC-01,normal,123,110,73,155,28,open,
2026-08-04T09:18:47.540,83000332,T0003,OBJ-F,SC-01,normal,123,110,73,155,28,open,
2026-08-04T09:18:47.559,83020828,T0003,OBJ-F,SC-01,normal,122,110,73,155,28,open,
2026-08-04T09:18:47.579,83040284,T0003,OBJ-F,SC-01,normal,122,110,73,155,28,open,
2026-08-04T09:18:47.599,83060760,T0003,OBJ-F,SC-01,normal,121,110,73,155,28,open,
2026-08-04T09:18:47.619,83080216,T0003,OBJ-F,SC-01,normal,120,110,73,155,28,open,
2026-08-04T09:18:47.638,83100696,T0003,OBJ-F,SC-01,normal,120,110,73,155,28,open,
2026-08-04T09:18:47.659,83120152,T0003,OBJ-F,SC-01,normal,120,110,73,155,28,open,
2026-08-04T09:18:47.678,83140628,T0003,OBJ-F,SC-01,normal,119,110,73,155,28,open,
2026-08-04T09:18:47.699,83160088,T0003,OBJ-F,SC-01,normal,118,110,73,155,28,open,
2026-08-04T09:18:47.719,83180564,T0003,OBJ-F,SC-01,normal,118,110,73,155,28,open,
2026-08-04T09:18:47.739,83200020,T0003,OBJ-F,SC-01,normal,118,110,73,155,28,open,
2026-08-04T09:18:47.758,83220496,T0003,OBJ-F,SC-01,normal,118,110,73,155,28,open,
2026-08-04T09:18:47.779,83240972,T0003,OBJ-F,SC-01,normal,117,110,73,155,28,open,
2026-08-04T09:18:47.798,83260428,T0003,OBJ-F,SC-01,normal,117,110,73,155,28,open,
2026-08-04T09:18:47.818,83280920,T0003,OBJ-F,SC-01,normal,117,110,73,155,28,open,
2026-08-04T09:18:47.839,83300376,T0003,OBJ-F,SC-01,normal,116,110,73,155,28,open,
2026-08-04T09:18:47.859,83320852,T0003,OBJ-F,SC-01,normal,116,110,73,155,28,open,
2026-08-04T09:18:47.880,83340312,T0003,OBJ-F,SC-01,normal,115,110,73,155,28,open,
2026-08-04T09:18:47.899,83360788,T0003,OBJ-F,SC-01,normal,115,110,73,155,28,open,
2026-08-04T09:18:47.919,83380244,T0003,OBJ-F,SC-01,normal,115,110,73,155,28,open,
2026-08-04T09:18:47.939,83400720,T0003,OBJ-F,SC-01,normal,114,110,73,155,28,open,
2026-08-04T09:18:47.959,83420176,T0003,OBJ-F,SC-01,normal,113,110,73,155,28,open,
2026-08-04T09:18:47.979,83440652,T0003,OBJ-F,SC-01,normal,112,110,73,155,28,open,
2026-08-04T09:18:47.999,83460108,T0003,OBJ-F,SC-01,normal,112,110,73,155,28,open,
2026-08-04T09:18:48.019,83480604,T0003,OBJ-F,SC-01,normal,111,110,73,155,28,open,
2026-08-04T09:18:48.039,83500044,T0003,OBJ-F,SC-01,normal,111,110,73,155,28,open,
2026-08-04T09:18:48.059,83520536,T0003,OBJ-F,SC-01,normal,110,110,73,155,28,open,
2026-08-04T09:18:48.079,83541016,T0003,OBJ-F,SC-01,normal,109,110,73,155,28,open,
2026-08-04T09:18:48.098,83560472,T0003,OBJ-F,SC-01,normal,109,110,73,155,28,open,
2026-08-04T09:18:48.119,83580948,T0003,OBJ-F,SC-01,normal,109,110,73,155,28,open,
2026-08-04T09:18:48.138,83600404,T0003,OBJ-F,SC-01,normal,108,110,73,155,28,open,
2026-08-04T09:18:48.159,83620880,T0003,OBJ-F,SC-01,normal,108,110,73,155,28,open,
2026-08-04T09:18:48.179,83640336,T0003,OBJ-F,SC-01,normal,107,110,73,155,28,open,
2026-08-04T09:18:48.199,83660812,T0003,OBJ-F,SC-01,normal,106,110,73,155,28,open,
2026-08-04T09:18:48.220,83680284,T0003,OBJ-F,SC-01,normal,105,110,73,155,28,open,
2026-08-04T09:18:48.239,83700760,T0003,OBJ-F,SC-01,normal,105,110,73,155,28,open,
2026-08-04T09:18:48.259,83720216,T0003,OBJ-F,SC-01,normal,104,110,73,155,28,open,
2026-08-04T09:18:48.279,83740692,T0003,OBJ-F,SC-01,normal,103,110,73,155,28,open,
2026-08-04T09:18:48.299,83760152,T0003,OBJ-F,SC-01,normal,103,110,73,155,28,open,
2026-08-04T09:18:48.319,83780628,T0003,OBJ-F,SC-01,normal,102,110,73,155,28,open,
2026-08-04T09:18:48.339,83800084,T0003,OBJ-F,SC-01,normal,102,110,73,155,28,open,
2026-08-04T09:18:48.359,83820564,T0003,OBJ-F,SC-01,normal,101,110,73,155,28,open,
2026-08-04T09:18:48.379,83840020,T0003,OBJ-F,SC-01,normal,100,110,73,155,28,open,
2026-08-04T09:18:48.399,83860500,T0003,OBJ-F,SC-01,normal,99,110,73,155,28,open,
2026-08-04T09:18:48.419,83880984,T0003,OBJ-F,SC-01,normal,99,110,73,155,28,open,
2026-08-04T09:18:48.439,83900428,T0003,OBJ-F,SC-01,normal,98,110,73,155,28,open,
2026-08-04T09:18:48.459,83920912,T0003,OBJ-F,SC-01,normal,97,110,73,155,28,open,
2026-08-04T09:18:48.479,83940372,T0003,OBJ-F,SC-01,normal,97,110,73,155,28,open,
2026-08-04T09:18:48.499,83960856,T0003,OBJ-F,SC-01,normal,96,110,73,155,28,open,
2026-08-04T09:18:48.519,83980300,T0003,OBJ-F,SC-01,normal,95,110,73,155,28,open,
2026-08-04T09:18:48.538,84000780,T0003,OBJ-F,SC-01,normal,95,110,73,155,28,open,
2026-08-04T09:18:48.560,84020240,T0003,OBJ-F,SC-01,normal,94,110,73,155,28,open,
2026-08-04T09:18:48.579,84040724,T0003,OBJ-F,SC-01,normal,93,110,73,155,28,open,
2026-08-04T09:18:48.599,84060184,T0003,OBJ-F,SC-01,normal,93,110,73,155,28,open,
2026-08-04T09:18:48.619,84080664,T0003,OBJ-F,SC-01,normal,92,110,73,155,28,open,
2026-08-04T09:18:48.639,84100124,T0003,OBJ-F,SC-01,normal,91,110,73,155,28,open,
2026-08-04T09:18:48.659,84120588,T0003,OBJ-F,SC-01,normal,91,110,73,155,28,open,
2026-08-04T09:18:48.679,84140048,T0003,OBJ-F,SC-01,normal,90,110,73,155,28,open,
2026-08-04T09:18:48.699,84160532,T0003,OBJ-F,SC-01,normal,89,110,73,155,28,open,
2026-08-04T09:18:48.720,84181012,T0003,OBJ-F,SC-01,normal,88,110,73,155,28,open,
2026-08-04T09:18:48.738,84200472,T0003,OBJ-F,SC-01,normal,88,110,73,155,28,open,
2026-08-04T09:18:48.759,84220952,T0003,OBJ-F,SC-01,normal,87,110,73,155,28,open,
2026-08-04T09:18:48.778,84240396,T0003,OBJ-F,SC-01,normal,87,110,73,156,28,open,
2026-08-04T09:18:48.799,84260876,T0003,OBJ-F,SC-01,normal,87,110,73,155,28,open,
2026-08-04T09:18:48.819,84280336,T0003,OBJ-F,SC-01,normal,87,110,73,155,28,open,
2026-08-04T09:18:48.838,84300820,T0003,OBJ-F,SC-01,normal,87,110,73,155,28,open,
2026-08-04T09:18:48.859,84320280,T0003,OBJ-F,SC-01,normal,87,110,73,155,28,open,
2026-08-04T09:18:48.878,84340760,T0003,OBJ-F,SC-01,normal,87,110,73,155,28,open,
2026-08-04T09:18:48.899,84360204,T0003,OBJ-F,SC-01,normal,87,110,73,155,28,open,
2026-08-04T09:18:48.919,84380684,T0003,OBJ-F,SC-01,normal,87,110,73,155,28,open,
2026-08-04T09:18:48.939,84400144,T0003,OBJ-F,SC-01,normal,87,110,73,155,28,open,
2026-08-04T09:18:48.959,84420624,T0003,OBJ-F,SC-01,normal,87,110,73,155,28,open,
2026-08-04T09:18:48.979,84440088,T0003,OBJ-F,SC-01,normal,87,110,73,155,28,open,
2026-08-04T09:18:48.999,84460568,T0003,OBJ-F,SC-01,normal,87,110,73,155,28,open,
2026-08-04T09:18:49.019,84480012,T0003,OBJ-F,SC-01,normal,87,110,73,155,28,open,
2026-08-04T09:18:49.038,84500508,T0003,OBJ-F,SC-01,normal,87,110,73,155,28,open,
2026-08-04T09:18:49.059,84520988,T0003,OBJ-F,SC-01,normal,87,110,73,155,28,open,
2026-08-04T09:18:49.079,84540428,T0003,OBJ-F,SC-01,normal,87,110,73,155,28,open,
2026-08-04T09:18:49.099,84560912,T0003,OBJ-F,SC-01,normal,86,110,73,155,28,open,
2026-08-04T09:18:49.119,84580372,T0003,OBJ-F,SC-01,normal,85,110,73,155,28,open,
2026-08-04T09:18:49.139,84600856,T0003,OBJ-F,SC-01,normal,84,110,73,155,28,open,
2026-08-04T09:18:49.159,84620300,T0003,OBJ-F,SC-01,normal,83,110,73,155,28,open,
2026-08-04T09:18:49.179,84640780,T0003,OBJ-F,SC-01,normal,81,110,73,155,28,open,
2026-08-04T09:18:49.200,84660240,T0003,OBJ-F,SC-01,normal,81,110,73,155,28,open,
2026-08-04T09:18:49.219,84680724,T0003,OBJ-F,SC-01,normal,79,110,73,155,28,open,
2026-08-04T09:18:49.239,84700184,T0003,OBJ-F,SC-01,normal,78,110,73,155,28,open,
2026-08-04T09:18:49.259,84720668,T0003,OBJ-F,SC-01,normal,77,110,73,155,28,open,
2026-08-04T09:18:49.279,84740108,T0003,OBJ-F,SC-01,normal,76,110,73,155,28,open,
2026-08-04T09:18:49.299,84760592,T0003,OBJ-F,SC-01,normal,75,110,73,155,28,open,
2026-08-04T09:18:49.319,84780056,T0003,OBJ-F,SC-01,normal,74,110,73,155,28,open,
2026-08-04T09:18:49.339,84800540,T0003,OBJ-F,SC-01,normal,74,110,73,155,28,open,
2026-08-04T09:18:49.359,84821020,T0003,OBJ-F,SC-01,normal,73,110,73,155,28,open,
2026-08-04T09:18:49.379,84840464,T0003,OBJ-F,SC-01,normal,72,110,73,155,28,open,
2026-08-04T09:18:49.399,84860944,T0003,OBJ-F,SC-01,normal,71,110,73,155,28,open,
2026-08-04T09:18:49.419,84880408,T0003,OBJ-F,SC-01,normal,70,110,73,155,28,open,
2026-08-04T09:18:49.439,84900888,T0003,OBJ-F,SC-01,normal,69,110,73,155,28,open,
2026-08-04T09:18:49.460,84920332,T0003,OBJ-F,SC-01,normal,68,110,73,155,28,open,
2026-08-04T09:18:49.479,84940812,T0003,OBJ-F,SC-01,normal,67,110,73,155,28,open,
2026-08-04T09:18:49.499,84960272,T0003,OBJ-F,SC-01,normal,66,110,73,155,28,open,
2026-08-04T09:18:49.519,84980756,T0003,OBJ-F,SC-01,normal,65,110,73,155,28,open,
2026-08-04T09:18:49.539,85000216,T0003,OBJ-F,SC-01,normal,64,110,73,155,28,open,
2026-08-04T09:18:49.559,85020700,T0003,OBJ-F,SC-01,normal,63,110,73,155,28,open,
2026-08-04T09:18:49.579,85040144,T0003,OBJ-F,SC-01,normal,63,110,73,155,28,open,
2026-08-04T09:18:49.599,85060624,T0003,OBJ-F,SC-01,normal,62,110,73,155,28,open,
2026-08-04T09:18:49.619,85080088,T0003,OBJ-F,SC-01,normal,61,110,73,155,28,open,
2026-08-04T09:18:49.638,85100568,T0003,OBJ-F,SC-01,normal,61,110,73,155,28,open,
2026-08-04T09:18:49.659,85120012,T0003,OBJ-F,SC-01,normal,61,110,73,155,28,open,
2026-08-04T09:18:49.678,85140496,T0003,OBJ-F,SC-01,normal,61,110,73,155,28,open,
2026-08-04T09:18:49.699,85160976,T0003,OBJ-F,SC-01,normal,61,110,73,155,28,open,
2026-08-04T09:18:49.719,85180436,T0003,OBJ-F,SC-01,normal,61,110,73,155,28,open,
2026-08-04T09:18:49.739,85200920,T0003,OBJ-F,SC-01,normal,61,110,73,155,28,open,
2026-08-04T09:18:49.760,85220364,T0003,OBJ-F,SC-01,normal,61,110,73,155,28,open,
2026-08-04T09:18:49.779,85240844,T0003,OBJ-F,SC-01,normal,60,110,73,155,28,open,
2026-08-04T09:18:49.799,85260304,T0003,OBJ-F,SC-01,normal,60,110,73,155,28,open,
2026-08-04T09:18:49.819,85280784,T0003,OBJ-F,SC-01,normal,60,110,73,155,28,open,
2026-08-04T09:18:49.839,85300244,T0003,OBJ-F,SC-01,normal,59,110,73,155,28,open,
2026-08-04T09:18:49.859,85320724,T0003,OBJ-F,SC-01,normal,59,110,73,155,28,open,
2026-08-04T09:18:49.879,85340188,T0003,OBJ-F,SC-01,normal,58,110,73,155,28,open,
2026-08-04T09:18:49.899,85360652,T0003,OBJ-F,SC-01,normal,58,110,73,155,28,open,
2026-08-04T09:18:49.920,85380112,T0003,OBJ-F,SC-01,normal,57,110,73,155,28,open,
2026-08-04T09:18:49.939,85400592,T0003,OBJ-F,SC-01,normal,57,110,73,155,28,open,
2026-08-04T09:18:49.959,85420056,T0003,OBJ-F,SC-01,normal,56,110,73,155,28,open,
2026-08-04T09:18:49.979,85440536,T0003,OBJ-F,SC-01,normal,56,110,73,155,28,open,
2026-08-04T09:18:49.999,85461016,T0003,OBJ-F,SC-01,normal,56,110,73,155,28,open,
2026-08-04T09:18:50.019,85480460,T0003,OBJ-F,SC-01,normal,55,110,73,155,28,open,
2026-08-04T09:18:50.039,85500944,T0003,OBJ-F,SC-01,normal,55,110,73,155,28,open,
2026-08-04T09:18:50.058,85520408,T0003,OBJ-F,SC-01,normal,55,110,73,155,28,open,
2026-08-04T09:18:50.079,85540888,T0003,OBJ-F,SC-01,normal,55,110,73,155,28,open,
2026-08-04T09:18:50.100,85560332,T0003,OBJ-F,SC-01,normal,55,110,73,155,28,open,
2026-08-04T09:18:50.119,85580816,T0003,OBJ-F,SC-01,normal,55,110,73,155,28,open,
2026-08-04T09:18:50.140,85600276,T0003,OBJ-F,SC-01,normal,55,110,73,155,28,open,
2026-08-04T09:18:50.159,85620756,T0003,OBJ-F,SC-01,normal,55,110,73,155,28,open,
2026-08-04T09:18:50.179,85640220,T0003,OBJ-F,SC-01,normal,55,110,73,155,28,open,
2026-08-04T09:18:50.199,85660684,T0003,OBJ-F,SC-01,normal,55,110,73,155,28,open,
2026-08-04T09:18:50.219,85680144,T0003,OBJ-F,SC-01,normal,55,110,73,155,28,open,
2026-08-04T09:18:50.239,85700628,T0003,OBJ-F,SC-01,normal,55,110,73,155,28,open,
2026-08-04T09:18:50.259,85720092,T0003,OBJ-F,SC-01,normal,55,110,73,155,28,open,
2026-08-04T09:18:50.279,85740556,T0003,OBJ-F,SC-01,normal,55,110,73,155,28,open,
2026-08-04T09:18:50.299,85760016,T0003,OBJ-F,SC-01,normal,55,110,73,155,28,open,
2026-08-04T09:18:50.319,85780500,T0003,OBJ-F,SC-01,normal,55,110,73,155,28,open,
2026-08-04T09:18:50.339,85800980,T0003,OBJ-F,SC-01,normal,55,110,73,155,28,open,
2026-08-04T09:18:50.359,85820440,T0003,OBJ-F,SC-01,normal,55,110,73,155,28,open,
2026-08-04T09:18:50.379,85840908,T0003,OBJ-F,SC-01,normal,55,110,73,155,28,open,
2026-08-04T09:18:50.400,85860368,T0003,OBJ-F,SC-01,normal,55,110,73,155,28,open,
2026-08-04T09:18:50.419,85880852,T0003,OBJ-F,SC-01,normal,55,110,73,155,28,open,
2026-08-04T09:18:50.439,85900312,T0003,OBJ-F,SC-01,normal,55,110,73,155,28,open,
2026-08-04T09:18:50.460,85920780,T0003,OBJ-F,SC-01,normal,55,110,73,155,28,open,
2026-08-04T09:18:50.479,85940240,T0003,OBJ-F,SC-01,normal,55,110,73,155,28,open,
2026-08-04T09:18:50.499,85960724,T0003,OBJ-F,SC-01,normal,55,110,73,155,28,open,
2026-08-04T09:18:50.519,85980184,T0003,OBJ-F,SC-01,normal,55,110,73,155,28,open,
2026-08-04T09:18:50.540,86000668,T0003,OBJ-F,SC-01,normal,55,110,73,155,28,open,
2026-08-04T09:18:50.559,86020112,T0003,OBJ-F,SC-01,normal,55,110,73,155,28,open,
2026-08-04T09:18:50.580,86040592,T0003,OBJ-F,SC-01,normal,55,110,73,155,28,open,
2026-08-04T09:18:50.599,86060056,T0003,OBJ-F,SC-01,normal,55,110,73,155,28,open,
2026-08-04T09:18:50.620,86080536,T0003,OBJ-F,SC-01,normal,55,110,73,155,28,open,
2026-08-04T09:18:50.640,86101016,T0003,OBJ-F,SC-01,normal,55,110,73,155,28,open,
2026-08-04T09:18:50.660,86120460,T0003,OBJ-F,SC-01,normal,55,110,73,155,28,open,
2026-08-04T09:18:50.681,86140944,T0003,OBJ-F,SC-01,normal,55,110,73,155,28,open,
2026-08-04T09:18:50.700,86160404,T0003,OBJ-F,SC-01,normal,55,110,73,155,28,open,
2026-08-04T09:18:50.720,86180888,T0003,OBJ-F,SC-01,normal,55,110,73,155,28,open,
2026-08-04T09:18:50.740,86200348,T0003,OBJ-F,SC-01,normal,55,110,73,155,28,open,
2026-08-04T09:18:50.761,86220812,T0003,OBJ-F,SC-01,normal,55,110,73,155,28,open,
2026-08-04T09:18:50.780,86240272,T0003,OBJ-F,SC-01,normal,55,110,73,156,28,open,
2026-08-04T09:18:50.801,86260752,T0003,OBJ-F,SC-01,normal,55,110,73,155,28,open,
2026-08-04T09:18:50.820,86280216,T0003,OBJ-F,SC-01,normal,55,110,73,155,28,open,
2026-08-04T09:18:50.840,86300700,T0003,OBJ-F,SC-01,normal,55,110,73,155,28,open,
2026-08-04T09:18:50.860,86320144,T0003,OBJ-F,SC-01,normal,55,110,73,155,28,open,
2026-08-04T09:18:50.881,86340628,T0003,OBJ-F,SC-01,normal,55,110,73,155,28,open,
2026-08-04T09:18:50.900,86360092,T0003,OBJ-F,SC-01,normal,55,110,73,155,28,open,
2026-08-04T09:18:50.938,86380556,T0003,OBJ-F,SC-01,normal,55,110,73,153,28,holding,
2026-08-04T09:18:50.940,86400012,T0003,OBJ-F,SC-01,normal,55,110,73,152,28,holding,
2026-08-04T09:18:50.979,86420504,T0003,OBJ-F,SC-01,normal,55,110,73,150,28,holding,
2026-08-04T09:18:50.982,86440976,T0003,OBJ-F,SC-01,normal,55,110,73,149,28,holding,
2026-08-04T09:18:51.019,86460428,T0003,OBJ-F,SC-01,normal,55,110,73,147,28,holding,
2026-08-04T09:18:51.022,86480924,T0003,OBJ-F,SC-01,normal,55,110,73,145,28,holding,
2026-08-04T09:18:51.041,86500376,T0003,OBJ-F,SC-01,normal,55,110,73,143,28,holding,
2026-08-04T09:18:51.079,86520852,T0003,OBJ-F,SC-01,normal,55,110,73,142,28,holding,
2026-08-04T09:18:51.081,86540304,T0003,OBJ-F,SC-01,normal,55,110,73,140,28,holding,
2026-08-04T09:18:51.119,86560796,T0003,OBJ-F,SC-01,normal,55,110,73,139,28,holding,
2026-08-04T09:18:51.121,86580248,T0003,OBJ-F,SC-01,normal,55,110,73,137,28,holding,
2026-08-04T09:18:51.159,86600724,T0003,OBJ-F,SC-01,normal,55,110,73,136,28,holding,
2026-08-04T09:18:51.162,86620176,T0003,OBJ-F,SC-01,normal,55,110,73,134,28,holding,
2026-08-04T09:18:51.199,86640668,T0003,OBJ-F,SC-01,normal,55,110,73,132,28,holding,
2026-08-04T09:18:51.202,86660120,T0003,OBJ-F,SC-01,normal,55,110,73,131,28,holding,
2026-08-04T09:18:51.239,86680596,T0003,OBJ-F,SC-01,normal,55,110,73,129,28,holding,
2026-08-04T09:18:51.242,86700048,T0003,OBJ-F,SC-01,normal,55,110,73,127,28,holding,
2026-08-04T09:18:51.279,86720524,T0003,OBJ-F,SC-01,normal,55,110,73,126,28,holding,
2026-08-04T09:18:51.298,86741016,T0003,OBJ-F,SC-01,normal,55,110,73,125,28,holding,
2026-08-04T09:18:51.319,86760468,T0003,OBJ-F,SC-01,normal,55,110,73,124,28,holding,
2026-08-04T09:18:51.338,86780944,T0003,OBJ-F,SC-01,normal,55,110,73,123,28,holding,
2026-08-04T09:18:51.359,86800400,T0003,OBJ-F,SC-01,normal,55,110,73,122,28,holding,
2026-08-04T09:18:51.380,86820888,T0003,OBJ-F,SC-01,normal,55,110,73,122,28,holding,
2026-08-04T09:18:51.383,86840344,T0003,OBJ-F,SC-01,normal,55,110,73,122,28,holding,
2026-08-04T09:18:51.419,86860816,T0003,OBJ-F,SC-01,normal,55,110,73,122,28,holding,
2026-08-04T09:18:51.439,86880268,T0003,OBJ-F,SC-01,normal,55,110,73,122,28,holding,
2026-08-04T09:18:51.460,86900760,T0003,OBJ-F,SC-01,normal,55,110,73,122,28,holding,
2026-08-04T09:18:51.463,86920212,T0003,OBJ-F,SC-01,normal,55,110,73,122,28,holding,
2026-08-04T09:18:51.499,86940688,T0003,OBJ-F,SC-01,normal,55,110,73,122,28,holding,
2026-08-04T09:18:51.519,86960140,T0003,OBJ-F,SC-01,normal,55,110,73,122,28,holding,
2026-08-04T09:18:51.539,86980632,T0003,OBJ-F,SC-01,normal,55,110,73,122,28,holding,
2026-08-04T09:18:51.559,87000088,T0003,OBJ-F,SC-01,normal,55,110,73,122,28,holding,
2026-08-04T09:18:51.579,87020564,T0003,OBJ-F,SC-01,normal,55,110,73,122,28,holding,
2026-08-04T09:18:51.598,87040016,T0003,OBJ-F,SC-01,normal,55,110,73,122,28,holding,
2026-08-04T09:18:51.619,87060508,T0003,OBJ-F,SC-01,normal,55,110,73,121,28,holding,
2026-08-04T09:18:51.638,87080980,T0003,OBJ-F,SC-01,normal,55,110,73,121,28,holding,
2026-08-04T09:18:51.659,87100432,T0003,OBJ-F,SC-01,normal,55,110,73,120,28,holding,
2026-08-04T09:18:51.679,87120924,T0003,OBJ-F,SC-01,normal,55,110,73,118,28,holding,
2026-08-04T09:18:51.699,87140380,T0003,OBJ-F,SC-01,normal,55,110,73,117,28,holding,
2026-08-04T09:18:51.719,87160852,T0003,OBJ-F,SC-01,normal,55,110,73,115,28,holding,
2026-08-04T09:18:51.739,87180308,T0003,OBJ-F,SC-01,normal,55,110,73,114,28,holding,
2026-08-04T09:18:51.759,87200784,T0003,OBJ-F,SC-01,normal,55,110,73,113,28,holding,
2026-08-04T09:18:51.779,87220236,T0003,OBJ-F,SC-01,normal,55,110,73,112,28,holding,
2026-08-04T09:18:51.799,87240728,T0003,OBJ-F,SC-01,normal,55,110,73,111,28,holding,
2026-08-04T09:18:51.819,87260180,T0003,OBJ-F,SC-01,normal,55,110,73,110,28,holding,
2026-08-04T09:18:51.839,87280664,T0003,OBJ-F,SC-01,normal,55,110,73,109,28,holding,
2026-08-04T09:18:51.859,87300108,T0003,OBJ-F,SC-01,normal,55,110,73,108,28,closed,
2026-08-04T09:18:51.879,87320592,T0003,OBJ-F,SC-01,normal,55,110,73,106,28,closed,
2026-08-04T09:18:51.899,87340056,T0003,OBJ-F,SC-01,normal,55,110,73,105,28,closed,
2026-08-04T09:18:51.919,87360544,T0003,OBJ-F,SC-01,normal,55,110,73,103,28,closed,
2026-08-04T09:18:51.939,87381012,T0003,OBJ-F,SC-01,normal,55,110,73,103,28,closed,
2026-08-04T09:18:51.959,87400468,T0003,OBJ-F,SC-01,normal,55,110,73,102,28,closed,
2026-08-04T09:18:51.978,87420944,T0003,OBJ-F,SC-01,normal,55,110,73,102,28,closed,
2026-08-04T09:18:51.999,87440400,T0003,OBJ-F,SC-01,normal,55,110,73,101,28,closed,
2026-08-04T09:18:52.020,87460876,T0003,OBJ-F,SC-01,normal,55,110,73,101,28,closed,
2026-08-04T09:18:52.039,87480336,T0003,OBJ-F,SC-01,normal,55,110,73,101,28,closed,
2026-08-04T09:18:52.059,87500816,T0003,OBJ-F,SC-01,normal,55,110,73,101,28,closed,
2026-08-04T09:18:52.079,87520268,T0003,OBJ-F,SC-01,normal,55,110,73,102,28,closed,
2026-08-04T09:18:52.100,87540748,T0003,OBJ-F,SC-01,normal,55,110,73,102,28,closed,
2026-08-04T09:18:52.119,87560220,T0003,OBJ-F,SC-01,normal,55,110,73,102,28,closed,
2026-08-04T09:18:52.139,87580692,T0003,OBJ-F,SC-01,normal,55,110,73,101,28,closed,
2026-08-04T09:18:52.159,87600140,T0003,OBJ-F,SC-01,normal,55,110,73,101,28,closed,
2026-08-04T09:18:52.179,87620848,T0003,OBJ-F,SC-01,normal,55,110,73,101,28,closed,
2026-08-04T09:18:52.199,87640076,T0003,OBJ-F,SC-01,normal,55,110,73,101,28,closed,
2026-08-04T09:18:52.219,87660832,T0003,OBJ-F,SC-01,normal,55,110,73,101,28,closed,
2026-08-04T09:18:52.239,87680024,T0003,OBJ-F,SC-01,normal,55,110,73,101,28,closed,
2026-08-04T09:18:52.259,87700636,T0003,OBJ-F,SC-01,normal,55,110,73,102,28,closed,
2026-08-04T09:18:52.279,87720972,T0003,OBJ-F,SC-01,normal,55,110,73,101,28,closed,
2026-08-04T09:18:52.299,87740428,T0003,OBJ-F,SC-01,normal,55,110,73,101,28,closed,
2026-08-04T09:18:52.320,87760920,T0003,OBJ-F,SC-01,normal,55,110,73,101,28,closed,
2026-08-04T09:18:52.339,87780372,T0003,OBJ-F,SC-01,normal,55,110,73,101,28,closed,
2026-08-04T09:18:52.360,87800852,T0003,OBJ-F,SC-01,normal,55,110,73,101,28,closed,
2026-08-04T09:18:52.379,87820300,T0003,OBJ-F,SC-01,normal,55,110,73,101,28,closed,
2026-08-04T09:18:52.399,87840784,T0003,OBJ-F,SC-01,normal,55,110,73,101,28,closed,
2026-08-04T09:18:52.419,87860244,T0003,OBJ-F,SC-01,normal,55,110,73,101,28,closed,
2026-08-04T09:18:52.439,87880728,T0003,OBJ-F,SC-01,normal,55,110,73,101,28,closed,
2026-08-04T09:18:52.459,87900176,T0003,OBJ-F,SC-01,normal,55,110,73,101,28,closed,
2026-08-04T09:18:52.479,87920660,T0003,OBJ-F,SC-01,normal,55,110,73,101,28,closed,
2026-08-04T09:18:52.499,87940412,T0003,OBJ-F,SC-01,normal,55,110,73,101,28,closed,
2026-08-04T09:18:52.519,87960592,T0003,OBJ-F,SC-01,normal,55,110,73,101,28,closed,
2026-08-04T09:18:52.539,87980048,T0003,OBJ-F,SC-01,normal,55,110,73,101,28,closed,
2026-08-04T09:18:52.559,88000524,T0003,OBJ-F,SC-01,normal,55,110,73,102,28,closed,
2026-08-04T09:18:52.578,88021016,T0003,OBJ-F,SC-01,normal,55,110,73,101,28,closed,
2026-08-04T09:18:52.599,88040472,T0003,OBJ-F,SC-01,normal,55,110,73,101,28,closed,
2026-08-04T09:18:52.618,88060948,T0003,OBJ-F,SC-01,normal,55,110,73,102,28,closed,
2026-08-04T09:18:52.638,88080404,T0003,OBJ-F,SC-01,normal,55,110,73,102,28,closed,
2026-08-04T09:18:52.659,88100876,T0003,OBJ-F,SC-01,normal,55,110,73,101,28,closed,
2026-08-04T09:18:52.678,88120332,T0003,OBJ-F,SC-01,normal,55,110,73,101,28,closed,
2026-08-04T09:18:52.699,88140824,T0003,OBJ-F,SC-01,normal,55,110,73,102,28,closed,
2026-08-04T09:18:52.718,88160280,T0003,OBJ-F,SC-01,normal,55,110,73,101,28,closed,
2026-08-04T09:18:52.739,88180752,T0003,OBJ-F,SC-01,normal,55,110,73,102,28,closed,
2026-08-04T09:18:52.759,88200208,T0003,OBJ-F,SC-01,normal,55,110,73,102,28,closed,
2026-08-04T09:18:52.779,88220684,T0003,OBJ-F,SC-01,normal,55,110,73,101,28,closed,
2026-08-04T09:18:52.799,88240140,T0003,OBJ-F,SC-01,normal,55,110,73,102,28,closed,
2026-08-04T09:18:52.819,88260632,T0003,OBJ-F,SC-01,normal,55,110,73,102,28,closed,
2026-08-04T09:18:52.838,88280088,T0003,OBJ-F,SC-01,normal,55,110,73,102,28,closed,
2026-08-04T09:18:52.859,88300564,T0003,OBJ-F,SC-01,normal,55,110,73,101,28,closed,
2026-08-04T09:18:52.878,88320020,T0003,OBJ-F,SC-01,normal,55,110,73,102,28,closed,
2026-08-04T09:18:52.899,88340492,T0003,OBJ-F,SC-01,normal,55,110,73,101,28,closed,
2026-08-04T09:18:52.919,88360984,T0003,OBJ-F,SC-01,normal,55,110,73,101,28,closed,
2026-08-04T09:18:52.939,88380440,T0003,OBJ-F,SC-01,normal,55,110,73,101,28,closed,
2026-08-04T09:18:52.959,88400916,T0003,OBJ-F,SC-01,normal,55,110,73,102,28,closed,
2026-08-04T09:18:52.979,88420372,T0003,OBJ-F,SC-01,normal,55,110,73,102,28,closed,
2026-08-04T09:18:52.999,88440848,T0003,OBJ-F,SC-01,normal,55,110,73,101,28,closed,
2026-08-04T09:18:53.019,88460304,T0003,OBJ-F,SC-01,normal,55,110,73,102,28,closed,
2026-08-04T09:18:53.039,88480780,T0003,OBJ-F,SC-01,normal,55,110,73,102,28,closed,
2026-08-04T09:18:53.058,88500252,T0003,OBJ-F,SC-01,normal,55,110,73,102,28,closed,
2026-08-04T09:18:53.079,88520728,T0003,OBJ-F,SC-01,normal,55,110,73,102,28,closed,
2026-08-04T09:18:53.099,88540180,T0003,OBJ-F,SC-01,normal,55,110,73,101,28,closed,
2026-08-04T09:18:53.119,88560656,T0003,OBJ-F,SC-01,normal,55,110,73,102,28,closed,
2026-08-04T09:18:53.139,88580108,T0003,OBJ-F,SC-01,normal,55,110,73,102,28,closed,
2026-08-04T09:18:53.159,88600604,T0003,OBJ-F,SC-01,normal,55,110,73,102,28,closed,
2026-08-04T09:18:53.179,88620056,T0003,OBJ-F,SC-01,normal,55,110,73,102,28,closed,
2026-08-04T09:18:53.199,88640532,T0003,OBJ-F,SC-01,normal,55,110,73,102,28,closed,
2026-08-04T09:18:53.218,88661008,T0003,OBJ-F,SC-01,normal,55,110,73,102,28,closed,
2026-08-04T09:18:53.239,88680464,T0003,OBJ-F,SC-01,normal,55,110,73,101,28,closed,
2026-08-04T09:18:53.258,88700956,T0003,OBJ-F,SC-01,normal,55,110,73,102,28,closed,
2026-08-04T09:18:53.279,88720412,T0003,OBJ-F,SC-01,normal,55,110,73,102,28,closed,
2026-08-04T09:18:53.299,88740888,T0003,OBJ-F,SC-01,normal,55,110,73,102,28,closed,
2026-08-04T09:18:53.319,88760340,T0003,OBJ-F,SC-01,normal,55,110,73,102,28,closed,
2026-08-04T09:18:53.339,88780816,T0003,OBJ-F,SC-01,normal,55,110,73,101,28,closed,
2026-08-04T09:18:53.359,88800272,T0003,OBJ-F,SC-01,normal,55,110,73,102,28,closed,
2026-08-04T09:18:53.380,88820748,T0003,OBJ-F,SC-01,normal,55,110,73,102,28,closed,
2026-08-04T09:18:53.398,88840204,T0003,OBJ-F,SC-01,normal,55,110,73,101,28,closed,
2026-08-04T09:18:53.419,88860696,T0003,OBJ-F,SC-01,normal,55,110,73,102,28,closed,
2026-08-04T09:18:53.439,88880152,T0003,OBJ-F,SC-01,normal,55,110,73,102,28,closed,
2026-08-04T09:18:53.459,88900628,T0003,OBJ-F,SC-01,normal,55,110,73,102,28,closed,
2026-08-04T09:18:53.479,88920084,T0003,OBJ-F,SC-01,normal,55,110,73,102,28,closed,
2026-08-04T09:18:53.499,88940560,T0003,OBJ-F,SC-01,normal,55,110,73,101,28,closed,
2026-08-04T09:18:53.518,88960016,T0003,OBJ-F,SC-01,normal,55,110,73,102,28,closed,
2026-08-04T09:18:53.539,88980488,T0003,OBJ-F,SC-01,normal,55,110,73,102,28,closed,
2026-08-04T09:18:53.558,89000984,T0003,OBJ-F,SC-01,normal,55,110,73,101,28,closed,
2026-08-04T09:18:53.579,89020436,T0003,OBJ-F,SC-01,normal,55,110,73,102,28,closed,
2026-08-04T09:18:53.600,89040916,T0003,OBJ-F,SC-01,normal,55,110,73,102,28,closed,
2026-08-04T09:18:53.619,89060372,T0003,OBJ-F,SC-01,normal,55,110,73,101,28,closed,
2026-08-04T09:18:53.639,89080848,T0003,OBJ-F,SC-01,normal,55,110,73,102,28,closed,
2026-08-04T09:18:53.659,89100304,T0003,OBJ-F,SC-01,normal,55,110,73,102,28,closed,
2026-08-04T09:18:53.681,89120780,T0003,OBJ-F,SC-01,normal,55,110,73,102,28,closed,
2026-08-04T09:18:53.698,89140236,T0003,OBJ-F,SC-01,normal,55,110,73,102,28,closed,
2026-08-04T09:18:53.719,89160728,T0003,OBJ-F,SC-01,normal,55,110,73,102,28,closed,
2026-08-04T09:18:53.739,89180184,T0003,OBJ-F,SC-01,normal,55,110,73,102,28,closed,
2026-08-04T09:18:53.759,89200660,T0003,OBJ-F,SC-01,normal,55,110,73,102,28,closed,
2026-08-04T09:18:53.778,89220116,T0003,OBJ-F,SC-01,normal,55,110,73,102,28,closed,
2026-08-04T09:18:53.799,89240592,T0003,OBJ-F,SC-01,normal,55,110,73,102,28,closed,
2026-08-04T09:18:53.818,89260048,T0003,OBJ-F,SC-01,normal,55,110,73,101,28,closed,
2026-08-04T09:18:53.838,89280524,T0003,OBJ-F,SC-01,normal,55,110,73,101,28,closed,
2026-08-04T09:18:53.858,89301016,T0003,OBJ-F,SC-01,normal,55,110,73,102,28,closed,
2026-08-04T09:18:53.879,89320472,T0003,OBJ-F,SC-01,normal,55,110,73,102,28,closed,
2026-08-04T09:18:53.898,89340948,T0003,OBJ-F,SC-01,normal,55,110,73,101,28,closed,
2026-08-04T09:18:53.919,89360404,T0003,OBJ-F,SC-01,normal,55,110,73,102,28,closed,
2026-08-04T09:18:53.939,89380876,T0003,OBJ-F,SC-01,normal,55,110,73,101,28,closed,
2026-08-04T09:18:53.959,89400332,T0003,OBJ-F,SC-01,normal,55,110,73,101,28,closed,
2026-08-04T09:18:53.979,89420824,T0003,OBJ-F,SC-01,normal,55,110,73,102,28,closed,
2026-08-04T09:18:53.999,89440280,T0003,OBJ-F,SC-01,normal,55,110,73,102,28,closed,
2026-08-04T09:18:54.019,89460756,T0003,OBJ-F,SC-01,normal,55,110,73,101,28,closed,
2026-08-04T09:18:54.039,89480212,T0003,OBJ-F,SC-01,normal,55,110,73,102,28,closed,
2026-08-04T09:18:54.059,89500688,T0003,OBJ-F,SC-01,normal,55,110,73,101,28,closed,
2026-08-04T09:18:54.078,89520144,T0003,OBJ-F,SC-01,normal,55,110,73,102,28,closed,
2026-08-04T09:18:54.099,89540620,T0003,OBJ-F,SC-01,normal,55,110,73,101,28,closed,
2026-08-04T09:18:54.119,89560076,T0003,OBJ-F,SC-01,normal,55,110,73,101,28,closed,
2026-08-04T09:18:54.139,89580568,T0003,OBJ-F,SC-01,normal,55,110,73,102,28,closed,
2026-08-04T09:18:54.159,89600028,T0003,OBJ-F,SC-01,normal,55,110,73,102,28,closed,
2026-08-04T09:18:54.179,89620500,T0003,OBJ-F,SC-01,normal,55,110,73,102,28,closed,
2026-08-04T09:18:54.199,89640972,T0003,OBJ-F,SC-01,normal,55,110,73,101,28,closed,
2026-08-04T09:18:54.219,89660428,T0003,OBJ-F,SC-01,normal,55,110,73,102,28,closed,
2026-08-04T09:18:54.239,89680920,T0003,OBJ-F,SC-01,normal,55,110,73,102,28,closed,
2026-08-04T09:18:54.259,89700376,T0003,OBJ-F,SC-01,normal,55,110,73,102,28,closed,
2026-08-04T09:18:54.280,89720852,T0003,OBJ-F,SC-01,normal,55,110,73,101,28,closed,
2026-08-04T09:18:54.299,89740304,T0003,OBJ-F,SC-01,normal,55,110,73,101,28,closed,
2026-08-04T09:18:54.319,89760780,T0003,OBJ-F,SC-01,normal,55,110,73,101,28,closed,
2026-08-04T09:18:54.339,89780236,T0003,OBJ-F,SC-01,normal,55,110,73,102,28,closed,
2026-08-04T09:18:54.360,89800732,T0003,OBJ-F,SC-01,normal,55,110,73,102,28,closed,
2026-08-04T09:18:54.379,89820184,T0003,OBJ-F,SC-01,normal,55,110,73,102,28,closed,
2026-08-04T09:18:54.400,89840660,T0003,OBJ-F,SC-01,normal,55,110,73,101,28,closed,
2026-08-04T09:18:54.419,89860116,T0003,OBJ-F,SC-01,normal,55,110,73,101,28,closed,
2026-08-04T09:18:54.439,89880588,T0003,OBJ-F,SC-01,normal,55,110,73,101,28,closed,
2026-08-04T09:18:54.459,89900044,T0003,OBJ-F,SC-01,normal,55,110,73,102,28,closed,
2026-08-04T09:18:54.479,89920540,T0003,OBJ-F,SC-01,normal,55,110,73,102,28,closed,
2026-08-04T09:18:54.499,89941012,T0003,OBJ-F,SC-01,normal,55,110,73,101,28,closed,
2026-08-04T09:18:54.519,89960468,T0003,OBJ-F,SC-01,normal,55,110,73,102,28,closed,
2026-08-04T09:18:54.539,89980944,T0003,OBJ-F,SC-01,normal,55,110,73,101,28,closed,
2026-08-04T09:18:54.560,90000400,T0003,OBJ-F,SC-01,normal,55,110,73,102,28,closed,
2026-08-04T09:18:54.580,90020876,T0003,OBJ-F,SC-01,normal,55,110,73,102,28,closed,
2026-08-04T09:18:54.599,90040332,T0003,OBJ-F,SC-01,normal,55,110,73,102,28,closed,
2026-08-04T09:18:54.620,90060824,T0003,OBJ-F,SC-01,normal,55,110,73,102,28,closed,
2026-08-04T09:18:54.639,90080280,T0003,OBJ-F,SC-01,normal,55,110,73,101,28,closed,
2026-08-04T09:18:54.659,90100756,T0003,OBJ-F,SC-01,normal,55,110,73,101,28,closed,
2026-08-04T09:18:54.678,90120212,T0003,OBJ-F,SC-01,normal,55,110,73,101,28,closed,
2026-08-04T09:18:54.699,90140688,T0003,OBJ-F,SC-01,normal,55,110,73,102,28,closed,
2026-08-04T09:18:54.719,90160140,T0003,OBJ-F,SC-01,normal,55,110,73,102,28,closed,
2026-08-04T09:18:54.739,90180632,T0003,OBJ-F,SC-01,normal,55,110,73,102,28,closed,
2026-08-04T09:18:54.758,90200088,T0003,OBJ-F,SC-01,normal,55,110,73,101,28,closed,
2026-08-04T09:18:54.779,90220564,T0003,OBJ-F,SC-01,normal,55,110,73,101,28,closed,
2026-08-04T09:18:54.799,90240020,T0003,OBJ-F,SC-01,normal,55,110,73,101,28,closed,
2026-08-04T09:18:54.819,90260492,T0003,OBJ-F,SC-01,normal,55,110,73,102,28,closed,
2026-08-04T09:18:54.839,90280984,T0003,OBJ-F,SC-01,normal,55,110,73,101,28,closed,
2026-08-04T09:18:54.859,90300436,T0003,OBJ-F,SC-01,normal,55,110,73,101,28,closed,
2026-08-04T09:18:54.879,90320912,T0003,OBJ-F,SC-01,normal,55,110,73,101,28,closed,
2026-08-04T09:18:54.899,90340368,T0003,OBJ-F,SC-01,normal,55,110,73,101,28,closed,
2026-08-04T09:18:54.920,90360844,T0003,OBJ-F,SC-01,normal,55,110,73,101,28,closed,
2026-08-04T09:18:54.939,90380300,T0003,OBJ-F,SC-01,normal,55,110,73,102,28,closed,
2026-08-04T09:18:54.960,90400792,T0003,OBJ-F,SC-01,normal,55,110,73,101,28,closed,
2026-08-04T09:18:54.979,90420248,T0003,OBJ-F,SC-01,normal,55,110,73,101,28,closed,
2026-08-04T09:18:54.999,90440724,T0003,OBJ-F,SC-01,normal,55,110,73,102,28,closed,
2026-08-04T09:18:55.019,90460176,T0003,OBJ-F,SC-01,normal,55,110,73,102,28,closed,
2026-08-04T09:18:55.039,90480652,T0003,OBJ-F,SC-01,normal,55,110,73,102,28,closed,
2026-08-04T09:18:55.059,90500124,T0003,OBJ-F,SC-01,normal,55,110,73,101,28,closed,
2026-08-04T09:18:55.079,90520596,T0003,OBJ-F,SC-01,normal,55,110,73,101,28,closed,
2026-08-04T09:18:55.099,90540052,T0003,OBJ-F,SC-01,normal,55,110,73,101,28,closed,
2026-08-04T09:18:55.119,90560528,T0003,OBJ-F,SC-01,normal,55,110,73,102,28,closed,
2026-08-04T09:18:55.139,90581004,T0003,OBJ-F,SC-01,normal,55,110,73,102,28,closed,
2026-08-04T09:18:55.159,90600460,T0003,OBJ-F,SC-01,normal,55,110,73,101,28,closed,
2026-08-04T09:18:55.179,90620952,T0003,OBJ-F,SC-01,normal,55,110,73,101,28,closed,
2026-08-04T09:18:55.199,90640408,T0003,OBJ-F,SC-01,normal,55,110,73,101,28,closed,
2026-08-04T09:18:55.220,90660884,T0003,OBJ-F,SC-01,normal,55,110,73,101,28,closed,
2026-08-04T09:18:55.239,90680336,T0003,OBJ-F,SC-01,normal,55,110,73,101,28,closed,
2026-08-04T09:18:55.259,90700812,T0003,OBJ-F,SC-01,normal,55,110,73,101,28,closed,
2026-08-04T09:18:55.279,90720268,T0003,OBJ-F,SC-01,normal,55,110,73,101,28,closed,
2026-08-04T09:18:55.380,90740760,T0003,OBJ-F,SC-01,normal,55,110,73,102,28,closed,
2026-08-04T09:18:55.381,90760204,T0003,OBJ-F,SC-01,normal,55,110,73,102,28,closed,
2026-08-04T09:18:55.382,90780700,T0003,OBJ-F,SC-01,normal,55,110,73,102,28,closed,
2026-08-04T09:18:55.383,90800140,T0003,OBJ-F,SC-01,normal,55,110,73,102,28,closed,
2026-08-04T09:18:55.383,90820620,T0003,OBJ-F,SC-01,normal,55,110,73,102,28,closed,
